VARIABLE	NGENES	BETA	p_A	fdr_A	title	p_C	fdr_C	p_gwas2
R-HSA-2980766	47	0.37648	0.0031743	0.68881	Nuclear Envelope Breakdown	0.0035226	0.66888	0.0017986
R-HSA-68882	184	0.18234	0.0038136	0.68881	Mitotic Anaphase	0.0038046	0.66888	0.0017163
R-HSA-418890	9	0.80119	0.0038167	0.68881	Role of second messengers in netrin-1 signaling	0.00351	0.66888	0.0060351
R-HSA-202403	93	0.2536	0.0043739	0.68881	TCR signaling	0.0038734	0.66888	0.014129
R-HSA-3301854	31	0.4534	0.0046176	0.68881	Nuclear Pore Complex (NPC) Disassembly	0.0046851	0.66888	0.0020031
R-HSA-2555396	185	0.17753	0.004675	0.68881	Mitotic Metaphase and Anaphase	0.0046642	0.66888	0.0021236
R-HSA-176814	59	0.29179	0.0050621	0.68881	Activation of APC/C and APC/C:Cdc20 mediated degradation of mitotic proteins	0.0040257	0.66888	0.015765
R-HSA-176409	58	0.29072	0.0053479	0.68881	APC/C:Cdc20 mediated degradation of mitotic proteins	0.0042008	0.66888	0.016223
R-HSA-202433	24	0.50059	0.0057961	0.68881	Generation of second messenger molecules	0.0057472	0.66888	0.028476
R-HSA-3928665	45	0.35338	0.0062918	0.68881	EPH-ephrin mediated repulsion of cells	0.0066745	0.66888	0.012866
R-HSA-381038	45	0.32023	0.0081841	0.68881	XBP1(S) activates chaperone genes	0.0087468	0.66888	0.027468
R-HSA-381070	47	0.31153	0.0084659	0.68881	IRE1alpha activates chaperones	0.0088326	0.66888	0.026493
R-HSA-156711	10	0.67658	0.008756	0.68881	Polo-like kinase mediated events	0.0088547	0.66888	0.018352
R-HSA-8986944	56	0.317	0.0091077	0.68881	Transcriptional Regulation by MECP2	0.0077884	0.66888	0.0099878
R-HSA-202430	12	0.67616	0.010739	0.68881	Translocation of ZAP-70 to Immunological synapse	0.010622	0.66888	0.01436
R-HSA-453276	68	0.24778	0.011267	0.68881	Regulation of mitotic cell cycle	0.009226	0.66888	0.022017
R-HSA-174143	68	0.24778	0.011267	0.68881	APC/C-mediated degradation of cell cycle proteins	0.009226	0.66888	0.022017
R-HSA-77286	11	0.53332	0.011405	0.68881	mitochondrial fatty acid beta-oxidation of saturated fatty acids	0.01226	0.66888	0.013007
R-HSA-450531	75	0.2317	0.011768	0.68881	Regulation of mRNA stability by proteins that bind AU-rich elements	0.010593	0.66888	0.026897
R-HSA-174154	52	0.28365	0.012162	0.68881	APC/C:Cdc20 mediated degradation of Securin	0.010113	0.66888	0.027566
R-HSA-202424	74	0.24249	0.01307	0.68881	Downstream TCR signaling	0.011902	0.66888	0.024415
R-HSA-381119	85	0.21353	0.013199	0.68881	Unfolded Protein Response (UPR)	0.014878	0.66888	0.028934
R-HSA-1234176	48	0.28476	0.013436	0.68881	Oxygen-dependent proline hydroxylation of Hypoxia-inducible Factor Alpha	0.011872	0.66888	0.016595
R-HSA-180534	38	0.32287	0.013709	0.68881	Vpu mediated degradation of CD4	0.01144	0.66888	0.015702
R-HSA-5619115	133	0.174	0.013786	0.68881	Disorders of transmembrane transporters	0.013492	0.66888	0.005301
R-HSA-9725370	81	0.21608	0.014705	0.68881	Signaling by ALK fusions and activated point mutants	0.014167	0.66888	0.024387
R-HSA-9700206	81	0.21608	0.014705	0.68881	Signaling by ALK in cancer	0.014167	0.66888	0.024387
R-HSA-8949613	8	0.72308	0.014808	0.68881	Cristae formation	0.013357	0.66888	0.011592
R-HSA-350562	36	0.31701	0.015015	0.68881	Regulation of ornithine decarboxylase (ODC)	0.013938	0.66888	0.024002
R-HSA-176408	63	0.24118	0.01503	0.68881	Regulation of APC/C activators between G1/S and early anaphase	0.012205	0.66888	0.03025
R-HSA-2995383	16	0.48451	0.016592	0.68881	Initiation of Nuclear Envelope (NE) Reformation	0.019653	0.66888	0.031521
R-HSA-5687128	70	0.22511	0.016764	0.68881	MAPK6/MAPK4 signaling	0.014503	0.66888	0.012911
R-HSA-112314	172	0.15555	0.017188	0.68881	Neurotransmitter receptors and postsynaptic signal transmission	0.015965	0.66888	0.0042639
R-HSA-177243	34	0.33566	0.017283	0.68881	Interactions of Rev with host cellular proteins	0.018163	0.66888	0.018598
R-HSA-112316	351	0.11133	0.017561	0.68881	Neuronal System	0.02021	0.66888	0.0083115
R-HSA-174178	57	0.25844	0.017687	0.68881	APC/C:Cdh1 mediated degradation of Cdc20 and other APC/C:Cdh1 targeted proteins in late mitosis/early G1	0.01539	0.66888	0.03595
R-HSA-162909	107	0.18042	0.018279	0.68881	Host Interactions of HIV factors	0.015855	0.66888	0.025073
R-HSA-6787450	8	0.66429	0.018337	0.68881	tRNA modification in the mitochondrion	0.020534	0.66888	0.022069
R-HSA-179419	56	0.2441	0.018636	0.68881	APC:Cdc20 mediated degradation of cell cycle proteins prior to satisfation of the cell cycle checkpoint	0.015351	0.66888	0.045465
R-HSA-174184	56	0.2441	0.018636	0.68881	Cdc20:Phospho-APC/C mediated degradation of Cyclin A	0.015351	0.66888	0.045465
R-HSA-1234174	54	0.25629	0.018783	0.68881	Cellular response to hypoxia	0.017424	0.66888	0.030452
R-HSA-2682334	85	0.21211	0.018877	0.68881	EPH-Ephrin signaling	0.021779	0.66888	0.024453
R-HSA-9824594	16	0.50056	0.019279	0.68881	Regulation of MITF-M-dependent genes involved in apoptosis	0.0179	0.66888	0.032499
R-HSA-9920951	15	0.53386	0.019657	0.68881	Dengue virus modulates apoptosis	0.020588	0.66888	0.019393
R-HSA-8852276	54	0.24996	0.019738	0.68881	The role of GTSE1 in G2/M progression after G2 checkpoint	0.014443	0.66888	0.0061007
R-HSA-5610787	93	0.19537	0.020641	0.68881	Hedgehog 'off' state	0.017602	0.66888	0.0050343
R-HSA-5619102	70	0.21927	0.02336	0.68881	SLC transporter disorders	0.024254	0.66888	0.010383
R-HSA-8851680	8	0.77331	0.023401	0.68881	Butyrophilin (BTN) family interactions	0.02151	0.66888	0.022419
R-HSA-5610780	44	0.27641	0.023613	0.68881	Degradation of GLI1 by the proteasome	0.020173	0.66888	0.014666
R-HSA-2467813	147	0.15062	0.023974	0.68881	Separation of Sister Chromatids	0.022104	0.66888	0.011888
R-HSA-5683057	268	0.11292	0.024978	0.68881	MAPK family signaling cascades	0.023748	0.66888	0.012205
R-HSA-112315	229	0.1254	0.025042	0.68881	Transmission across Chemical Synapses	0.022627	0.66888	0.0065652
R-HSA-379724	22	0.40453	0.025866	0.68881	tRNA Aminoacylation	0.024938	0.66888	0.03794
R-HSA-180746	31	0.34593	0.026218	0.68881	Nuclear import of Rev protein	0.028422	0.66888	0.015365
R-HSA-3296482	19	0.4322	0.02629	0.68881	Defects in vitamin and cofactor metabolism	0.023446	0.66888	0.038373
R-HSA-5619107	29	0.35373	0.026314	0.68881	Defective TPR may confer susceptibility towards thyroid papillary carcinoma (TPC)	0.028154	0.66888	0.011103
R-HSA-170822	29	0.35373	0.026314	0.68881	Regulation of Glucokinase by Glucokinase Regulatory Protein	0.028154	0.66888	0.011103
R-HSA-77289	34	0.27919	0.026787	0.68881	Mitochondrial Fatty Acid Beta-Oxidation	0.024799	0.66888	0.023461
R-HSA-211979	4	1.0798	0.027197	0.68881	Eicosanoids	0.029079	0.66888	0.041287
R-HSA-174084	52	0.24255	0.027381	0.68881	Autodegradation of Cdh1 by Cdh1:APC/C	0.023348	0.66888	0.050532
R-HSA-187037	110	0.16434	0.027854	0.68881	Signaling by NTRK1 (TRKA)	0.042872	0.66888	0.04807
R-HSA-416993	15	0.46703	0.029125	0.68881	Trafficking of GluR2-containing AMPA receptors	0.02725	0.66888	0.051624
R-HSA-3247509	177	0.13338	0.029196	0.68881	Chromatin modifying enzymes	0.032896	0.66888	0.07531
R-HSA-9839394	21	0.40304	0.029454	0.68881	TGFBR3 expression	0.030331	0.66888	0.05696
R-HSA-69017	57	0.2236	0.029604	0.68881	CDK-mediated phosphorylation and removal of Cdc6	0.025397	0.66888	0.072636
R-HSA-191859	48	0.26202	0.03001	0.68881	snRNP Assembly	0.030444	0.66888	0.014995
R-HSA-194441	48	0.26202	0.03001	0.68881	Metabolism of non-coding RNA	0.030444	0.66888	0.014995
R-HSA-165054	32	0.29922	0.030603	0.68881	Rev-mediated nuclear export of HIV RNA	0.03196	0.66888	0.028916
R-HSA-9752946	22	0.47168	0.03066	0.68881	Expression and translocation of olfactory receptors	0.036327	0.66888	0.030243
R-HSA-5625970	10	0.55177	0.030845	0.68881	RHO GTPases activate KTN1	0.035794	0.66888	0.020025
R-HSA-9865881	22	0.43752	0.031308	0.68881	Complex III assembly	0.026856	0.66888	0.18038
R-HSA-9932298	47	0.24591	0.031864	0.68881	Degradation of CRY and PER proteins	0.027889	0.66888	0.026422
R-HSA-418885	14	0.46751	0.032299	0.68881	DCC mediated attractive signaling	0.033828	0.66888	0.030653
R-HSA-9955298	28	0.3515	0.032739	0.68881	SLC-mediated transport of organic anions	0.029398	0.66888	0.063072
R-HSA-6794362	77	0.19765	0.032805	0.68881	Protein-protein interactions at synapses	0.037895	0.66888	0.03359
R-HSA-442755	78	0.19131	0.033946	0.68881	Activation of NMDA receptors and postsynaptic events	0.032444	0.66888	0.012674
R-HSA-68886	293	0.097509	0.034154	0.68881	M Phase	0.036709	0.66888	0.0054873
R-HSA-351202	41	0.24714	0.03472	0.68881	Metabolism of polyamines	0.034751	0.66888	0.051114
R-HSA-169911	39	0.26699	0.034745	0.68881	Regulation of Apoptosis	0.028668	0.66888	0.028654
R-HSA-177504	13	0.47131	0.035055	0.68881	Retrograde neurotrophin signalling	0.037377	0.66888	0.039528
R-HSA-176412	18	0.3693	0.035085	0.68881	Phosphorylation of the APC/C	0.033763	0.66888	0.066704
R-HSA-168333	29	0.33231	0.035099	0.68881	NEP/NS2 Interacts with the Cellular Export Machinery	0.036561	0.66888	0.022671
R-HSA-9839373	41	0.27171	0.036569	0.68881	Signaling by TGFBR3	0.036311	0.66888	0.061399
R-HSA-9013694	69	0.20313	0.036578	0.68881	Signaling by NOTCH4	0.033103	0.66888	0.077164
R-HSA-4615885	39	0.26053	0.036784	0.68881	SUMOylation of DNA replication proteins	0.042093	0.66888	0.027714
R-HSA-399719	29	0.3148	0.036834	0.68881	Trafficking of AMPA receptors	0.038527	0.66888	0.049808
R-HSA-399721	29	0.3148	0.036834	0.68881	Glutamate binding, activation of AMPA receptors and synaptic plasticity	0.038527	0.66888	0.049808
R-HSA-9929356	42	0.25289	0.037211	0.68881	GSK3B-mediated proteasomal degradation of PD-L1(CD274)	0.03093	0.66888	0.03991
R-HSA-9725371	29	0.28579	0.037515	0.68881	Nuclear events stimulated by ALK signaling in cancer	0.035033	0.66888	0.038216
R-HSA-1855229	27	0.33809	0.037654	0.68881	IP6 and IP7 transport between cytosol and nucleus	0.039234	0.66888	0.020813
R-HSA-1855196	27	0.33809	0.037654	0.68881	IP3 and IP4 transport between cytosol and nucleus	0.039234	0.66888	0.020813
R-HSA-1855170	27	0.33809	0.037654	0.68881	IPs transport between nucleus and cytosol	0.039234	0.66888	0.020813
R-HSA-9022692	28	0.34064	0.037814	0.68881	Regulation of MECP2 expression and activity	0.036845	0.66888	0.069229
R-HSA-9006936	142	0.1439	0.038145	0.68881	Signaling by TGFB family members	0.032624	0.66888	0.062764
R-HSA-168274	30	0.32118	0.0382	0.68881	Export of Viral Ribonucleoproteins from Nucleus	0.039023	0.66888	0.023159
R-HSA-8978868	141	0.1282	0.041184	0.71056	Fatty acid metabolism	0.038536	0.66888	0.051943
R-HSA-166520	128	0.14081	0.041192	0.71056	Signaling by NTRKs	0.06186	0.7097	0.054909
R-HSA-9844594	26	0.32345	0.041956	0.71056	Transcriptional regulation of brown and beige adipocyte differentiation by EBF2	0.039512	0.66888	0.019832
R-HSA-9843743	26	0.32345	0.041956	0.71056	Transcriptional regulation of brown and beige adipocyte differentiation	0.039512	0.66888	0.019832
R-HSA-159231	39	0.26347	0.041977	0.71056	Transport of Mature mRNA Derived from an Intronless Transcript	0.044916	0.66888	0.014104
R-HSA-2995410	62	0.20926	0.041983	0.71056	Nuclear Envelope (NE) Reassembly	0.047488	0.66951	0.022812
R-HSA-4085377	32	0.28647	0.042407	0.71056	SUMOylation of SUMOylation proteins	0.045254	0.66888	0.021312
R-HSA-180585	38	0.25421	0.042725	0.71056	Vif-mediated degradation of APOBEC3G	0.036089	0.66888	0.046601
R-HSA-159227	32	0.29202	0.04354	0.71091	Transport of the SLBP independent Mature mRNA	0.044152	0.66888	0.025812
R-HSA-6804758	28	0.29621	0.043576	0.71091	Regulation of TP53 Activity through Acetylation	0.046622	0.66951	0.027743
R-HSA-189085	2	1.6228	0.044349	0.71188	Digestion of dietary carbohydrate	0.04418	0.66888	0.068787
R-HSA-2173795	29	0.28848	0.045051	0.71188	Downregulation of SMAD2/3:SMAD4 transcriptional activity	0.043112	0.66888	0.031153
R-HSA-450385	17	0.30995	0.045065	0.71188	Butyrate Response Factor 1 (BRF1) binds and destabilizes mRNA	0.045295	0.66888	0.091782
R-HSA-373752	41	0.25932	0.045502	0.71188	Netrin-1 signaling	0.049219	0.6745	0.049652
R-HSA-8948751	54	0.21409	0.045929	0.71188	Regulation of PTEN stability and activity	0.04061	0.66888	0.029711
R-HSA-9711123	165	0.12151	0.046129	0.71188	Cellular response to chemical stress	0.0369	0.66888	0.049352
R-HSA-983231	116	0.14334	0.04675	0.71291	Factors involved in megakaryocyte development and platelet production	0.043563	0.66888	0.022511
R-HSA-8854050	41	0.24004	0.047331	0.71291	FBXL7 down-regulates AURKA during mitotic entry and in early mitosis	0.04002	0.66888	0.05874
R-HSA-1614558	13	0.42611	0.047444	0.71291	Degradation of cysteine and homocysteine	0.044831	0.66888	0.056631
R-HSA-8941858	44	0.23056	0.048638	0.71343	Regulation of RUNX3 expression and activity	0.043199	0.66888	0.055033
R-HSA-211733	36	0.25271	0.048845	0.71343	Regulation of activated PAK-2p34 by proteasome mediated degradation	0.041199	0.66888	0.04685
R-HSA-8939902	56	0.20462	0.049	0.71343	Regulation of RUNX2 expression and activity	0.038243	0.66888	0.065685
R-HSA-174048	21	0.3139	0.049348	0.71343	APC/C:Cdc20 mediated degradation of Cyclin B	0.042771	0.66888	0.078516
R-HSA-5610783	45	0.22835	0.049561	0.71343	Degradation of GLI2 by the proteasome	0.042406	0.66888	0.054747
R-HSA-452723	16	0.40762	0.051033	0.71814	Transcriptional regulation of pluripotent stem cells	0.044416	0.66888	0.035111
R-HSA-389357	25	0.31382	0.051047	0.71814	CD28 dependent PI3K/Akt signaling	0.058601	0.7097	0.047959
R-HSA-6790901	51	0.21721	0.0513	0.71814	rRNA modification in the nucleus and cytosol	0.047339	0.66951	0.036081
R-HSA-159234	40	0.24768	0.051593	0.71814	Transport of Mature mRNAs Derived from Intronless Transcripts	0.055177	0.70643	0.018835
R-HSA-3296469	11	0.47007	0.052446	0.71814	Defects in cobalamin (B12) metabolism	0.04722	0.66951	0.12821
R-HSA-5668541	68	0.17928	0.052456	0.71814	TNFR2 non-canonical NF-kB pathway	0.048282	0.66951	0.080808
R-HSA-449836	20	0.33401	0.052823	0.71814	Other interleukin signaling	0.057542	0.7097	0.13121
R-HSA-2173793	48	0.21275	0.054333	0.7231	Transcriptional activity of SMAD2/SMAD3:SMAD4 heterotrimer	0.054611	0.70643	0.070161
R-HSA-159230	33	0.27205	0.05479	0.7231	Transport of the SLBP Dependant Mature mRNA	0.055673	0.70643	0.034651
R-HSA-5610785	45	0.22136	0.05494	0.7231	GLI3 is processed to GLI3R by the proteasome	0.046757	0.66951	0.051868
R-HSA-2871837	62	0.1866	0.055365	0.7231	FCERI mediated NF-kB activation	0.048464	0.66951	0.091896
R-HSA-69278	411	0.071612	0.056015	0.7231	Cell Cycle, Mitotic	0.060288	0.7097	0.028773
R-HSA-9762114	41	0.22495	0.057447	0.7231	GSK3B and BTRC:CUL1-mediated-degradation of NFE2L2	0.048291	0.66951	0.048128
R-HSA-383280	43	0.23685	0.057989	0.7231	Nuclear Receptor transcription pathway	0.060664	0.7097	0.066887
R-HSA-5387390	43	0.21497	0.058533	0.7231	Hh mutants abrogate ligand secretion	0.050252	0.68319	0.045561
R-HSA-4641258	43	0.2212	0.059414	0.7231	Degradation of DVL	0.052526	0.69913	0.055395
R-HSA-5684996	233	0.096661	0.059942	0.7231	MAPK1/MAPK3 signaling	0.057489	0.7097	0.036205
R-HSA-5689603	67	0.1779	0.06167	0.7231	UCH proteinases	0.055178	0.70643	0.067907
R-HSA-9020702	90	0.14719	0.061896	0.7231	Interleukin-1 signaling	0.05549	0.70643	0.069452
R-HSA-438064	68	0.17477	0.062137	0.7231	Post NMDA receptor activation events	0.061472	0.7097	0.013585
R-HSA-190828	29	0.26432	0.06257	0.7231	Gap junction trafficking	0.052832	0.69913	0.026768
R-HSA-141430	19	0.30423	0.062892	0.7231	Inactivation of APC/C via direct inhibition of the APC/C complex	0.05916	0.7097	0.12929
R-HSA-141405	19	0.30423	0.062892	0.7231	Inhibition of the proteolytic activity of APC/C required for the onset of anaphase by mitotic spindle checkpoint components	0.05916	0.7097	0.12929
R-HSA-4551638	51	0.20289	0.064679	0.7231	SUMOylation of chromatin organization proteins	0.064829	0.7097	0.039977
R-HSA-5579029	20	0.35099	0.064999	0.7231	Metabolic disorders of biological oxidation enzymes	0.062861	0.7097	0.023478
R-HSA-9758941	87	0.15382	0.066271	0.7231	Gastrulation	0.052214	0.69913	0.12056
R-HSA-9604323	43	0.21019	0.066728	0.7231	Negative regulation of NOTCH4 signaling	0.057154	0.7097	0.08526
R-HSA-8939236	55	0.19167	0.066775	0.7231	RUNX1 regulates transcription of genes involved in differentiation of HSCs	0.053057	0.69913	0.13196
R-HSA-5362768	42	0.20636	0.067913	0.7231	Hh mutants are degraded by ERAD	0.058354	0.7097	0.062614
R-HSA-5674135	34	0.23998	0.068069	0.7231	MAP2K and MAPK activation	0.067588	0.7097	0.030931
R-HSA-3108232	146	0.11877	0.068579	0.7231	SUMO E3 ligases SUMOylate target proteins	0.068755	0.7097	0.075714
R-HSA-6811440	47	0.21026	0.069128	0.7231	Retrograde transport at the Trans-Golgi-Network	0.070131	0.7097	0.10096
R-HSA-2046106	11	0.36275	0.069694	0.7231	alpha-linolenic acid (ALA) metabolism	0.074249	0.7097	0.051202
R-HSA-2046104	11	0.36275	0.069694	0.7231	alpha-linolenic (omega3) and linoleic (omega6) acid metabolism	0.074249	0.7097	0.051202
R-HSA-4839726	265	0.084951	0.070476	0.7231	Chromatin organization	0.081621	0.72163	0.15978
R-HSA-6807070	119	0.12669	0.071107	0.7231	PTEN Regulation	0.066313	0.7097	0.049358
R-HSA-162906	195	0.093558	0.071538	0.7231	HIV Infection	0.06858	0.7097	0.17149
R-HSA-5663220	114	0.12681	0.071994	0.7231	RHO GTPases Activate Formins	0.0795	0.71322	0.015197
R-HSA-156581	11	0.3777	0.07201	0.7231	Methylation	0.06533	0.7097	0.094896
R-HSA-3371571	32	0.22416	0.072019	0.7231	HSF1-dependent transactivation	0.064794	0.7097	0.14791
R-HSA-202427	15	0.39002	0.072574	0.7231	Phosphorylation of CD3 and TCR zeta chains	0.072926	0.7097	0.053288
R-HSA-2454202	111	0.13056	0.072745	0.7231	Fc epsilon receptor (FCERI) signaling	0.066763	0.7097	0.18424
R-HSA-2894862	54	0.1901	0.072787	0.7231	Constitutive Signaling by NOTCH1 HD+PEST Domain Mutants	0.070457	0.7097	0.12041
R-HSA-2644606	54	0.1901	0.072787	0.7231	Constitutive Signaling by NOTCH1 PEST Domain Mutants	0.070457	0.7097	0.12041
R-HSA-2894858	54	0.1901	0.072787	0.7231	Signaling by NOTCH1 HD+PEST Domain Mutants in Cancer	0.070457	0.7097	0.12041
R-HSA-2644603	54	0.1901	0.072787	0.7231	Signaling by NOTCH1 in Cancer	0.070457	0.7097	0.12041
R-HSA-2644602	54	0.1901	0.072787	0.7231	Signaling by NOTCH1 PEST Domain Mutants in Cancer	0.070457	0.7097	0.12041
R-HSA-5673001	229	0.09107	0.072857	0.7231	RAF/MAP kinase cascade	0.070087	0.7097	0.050694
R-HSA-3232142	36	0.24134	0.072995	0.7231	SUMOylation of ubiquitinylation proteins	0.076697	0.71086	0.027438
R-HSA-2892247	4	0.6331	0.073594	0.7231	POU5F1 (OCT4), SOX2, NANOG activate genes related to proliferation	0.06862	0.7097	0.034146
R-HSA-75815	38	0.2174	0.073675	0.7231	Ubiquitin-dependent degradation of Cyclin D	0.062569	0.7097	0.077204
R-HSA-4641257	41	0.21053	0.074119	0.7231	Degradation of AXIN	0.064906	0.7097	0.07723
R-HSA-9974237	40	0.21195	0.074575	0.7231	Negative Regulation of DNA Double Strand Break Response	0.06684	0.7097	0.096041
R-HSA-114508	26	0.26575	0.075912	0.7231	Effects of PIP2 hydrolysis	0.076771	0.71086	0.14218
R-HSA-179409	23	0.26286	0.07657	0.7231	APC-Cdc20 mediated degradation of Nek2A	0.066733	0.7097	0.13676
R-HSA-1236978	37	0.22001	0.077217	0.7231	Cross-presentation of soluble exogenous antigens (endosomes)	0.071748	0.7097	0.11076
R-HSA-450408	41	0.20434	0.078022	0.7231	AUF1 (hnRNP D0) binds and destabilizes mRNA	0.066458	0.7097	0.10082
R-HSA-190873	12	0.38207	0.078549	0.7231	Gap junction degradation	0.075646	0.71086	0.10891
R-HSA-416700	18	0.33939	0.078788	0.7231	Other semaphorin interactions	0.086578	0.73058	0.16251
R-HSA-180910	31	0.23516	0.078924	0.7231	Vpr-mediated nuclear import of PICs	0.081726	0.72163	0.14345
R-HSA-170834	89	0.14075	0.079008	0.7231	Signaling by TGF-beta Receptor Complex	0.074423	0.7097	0.088999
R-HSA-437239	35	0.21715	0.079381	0.7231	Recycling pathway of L1	0.081709	0.72163	0.0094502
R-HSA-6802949	38	0.2087	0.079429	0.7231	Signaling by RAS mutants	0.0842	0.72846	0.046133
R-HSA-9649948	38	0.2087	0.079429	0.7231	Signaling downstream of RAS mutants	0.0842	0.72846	0.046133
R-HSA-6802946	38	0.2087	0.079429	0.7231	Signaling by moderate kinase activity BRAF mutants	0.0842	0.72846	0.046133
R-HSA-6802955	38	0.2087	0.079429	0.7231	Paradoxical activation of RAF signaling by kinase inactive BRAF	0.0842	0.72846	0.046133
R-HSA-70326	71	0.15331	0.079519	0.7231	Glucose metabolism	0.079524	0.71322	0.023881
R-HSA-75876	20	0.26628	0.079932	0.7231	Synthesis of very long-chain fatty acyl-CoAs	0.076149	0.71086	0.049921
R-HSA-5632684	67	0.1565	0.08018	0.7231	Hedgehog 'on' state	0.071723	0.7097	0.12487
R-HSA-187577	47	0.18781	0.080312	0.7231	SCF(Skp2)-mediated degradation of p27/p21	0.069608	0.7097	0.12363
R-HSA-9768759	13	0.33449	0.081196	0.7231	Regulation of NPAS4 gene expression	0.092159	0.73167	0.15477
R-HSA-389356	44	0.2011	0.081546	0.7231	Co-stimulation by CD28	0.09525	0.73167	0.10455
R-HSA-422085	14	0.32708	0.082015	0.7231	Synthesis, secretion, and deacylation of Ghrelin	0.072169	0.7097	0.037837
R-HSA-195258	219	0.087719	0.08222	0.7231	RHO GTPase Effectors	0.08714	0.73167	0.0063881
R-HSA-6802948	30	0.23583	0.082372	0.7231	Signaling by high-kinase activity BRAF mutants	0.086133	0.73042	0.032516
R-HSA-68875	74	0.15228	0.082395	0.7231	Mitotic Prophase	0.09088	0.73167	0.052096
R-HSA-5663213	33	0.23162	0.082746	0.7231	RHO GTPases Activate WASPs and WAVEs	0.091222	0.73167	0.023676
R-HSA-3299685	27	0.25208	0.083159	0.7231	Detoxification of Reactive Oxygen Species	0.071146	0.7097	0.11431
R-HSA-69052	73	0.14277	0.084617	0.7274	Switching of origins to a post-replicative state	0.077844	0.71217	0.17494
R-HSA-6811438	42	0.19388	0.084945	0.7274	Intra-Golgi traffic	0.085693	0.73031	0.22947
R-HSA-174113	40	0.20194	0.084968	0.7274	SCF-beta-TrCP mediated degradation of Emi1	0.073225	0.7097	0.08335
R-HSA-9912633	18	0.29863	0.085352	0.7274	Antigen processing: Ub, ATP-independent proteasomal degradation	0.076507	0.71086	0.069813
R-HSA-157858	31	0.2291	0.086376	0.73249	Gap junction trafficking and regulation	0.074295	0.7097	0.038961
R-HSA-349425	37	0.1998	0.087621	0.73938	Autodegradation of the E3 ubiquitin ligase COP1	0.074574	0.7097	0.10019
R-HSA-69618	94	0.13031	0.088285	0.74112	Mitotic Spindle Checkpoint	0.091702	0.73167	0.097397
R-HSA-525793	23	0.25683	0.089036	0.74112	Myogenesis	0.09365	0.73167	0.14348
R-HSA-3928662	41	0.19603	0.08983	0.74112	EPHB-mediated forward signaling	0.10148	0.74046	0.092769
R-HSA-4086400	77	0.13831	0.090741	0.74112	PCP/CE pathway	0.077205	0.71103	0.049612
R-HSA-8878171	148	0.10062	0.091369	0.74112	Transcriptional regulation by RUNX1	0.084832	0.73024	0.15392
R-HSA-442742	25	0.23837	0.091509	0.74112	CREB1 phosphorylation through NMDA receptor-mediated activation of RAS signaling	0.092858	0.73167	0.071133
R-HSA-8866907	10	0.43653	0.091718	0.74112	Activation of the TFAP2 (AP-2) family of transcription factors	0.095043	0.73167	0.16565
R-HSA-198753	20	0.25843	0.09177	0.74112	ERK/MAPK targets	0.11675	0.75755	0.13704
R-HSA-211945	58	0.17073	0.092464	0.74112	Phase I - Functionalization of compounds	0.079501	0.71322	0.056296
R-HSA-6803157	13	0.37878	0.092522	0.74112	Antimicrobial peptides	0.094241	0.73167	0.14898
R-HSA-1483249	70	0.15385	0.092768	0.74112	Inositol phosphate metabolism	0.098591	0.74046	0.053703
R-HSA-159236	64	0.15835	0.093019	0.74112	Transport of Mature mRNA derived from an Intron-Containing Transcript	0.094111	0.73167	0.091394
R-HSA-9701898	10	0.40444	0.093829	0.74257	STAT3 nuclear events downstream of ALK signaling	0.096863	0.74046	0.10527
R-HSA-8849932	19	0.2906	0.095076	0.74257	Synaptic adhesion-like molecules	0.095146	0.73167	0.14885
R-HSA-453274	161	0.091141	0.095105	0.74257	Mitotic G2-G2/M phases	0.091376	0.73167	0.032435
R-HSA-69275	159	0.091253	0.096051	0.74257	G2/M Transition	0.091434	0.73167	0.033008
R-HSA-5358351	126	0.10551	0.096814	0.74257	Signaling by Hedgehog	0.085612	0.73031	0.043896
R-HSA-72202	73	0.14529	0.097217	0.74257	Transport of Mature Transcript to Cytoplasm	0.10184	0.74046	0.070808
R-HSA-163125	58	0.1699	0.098321	0.74257	Post-translational modification: synthesis of GPI-anchored proteins	0.10134	0.74046	0.20511
R-HSA-5663202	399	0.061346	0.098454	0.74257	Diseases of signal transduction by growth factor receptors and second messengers	0.098269	0.74046	0.096037
R-HSA-9648025	94	0.12556	0.09869	0.74257	EML4 and NUDC in mitotic spindle formation	0.099463	0.74046	0.040882
R-HSA-168271	29	0.23655	0.099525	0.74257	Transport of Ribonucleoproteins into the Host Nucleus	0.10317	0.74046	0.13764
R-HSA-75105	31	0.18849	0.10006	0.74257	Fatty acyl-CoA biosynthesis	0.095062	0.73167	0.11382
R-HSA-3928663	25	0.24547	0.10028	0.74257	EPHA-mediated growth cone collapse	0.1041	0.74046	0.23492
R-HSA-1614635	22	0.26552	0.10038	0.74257	Sulfur amino acid metabolism	0.090175	0.73167	0.21136
R-HSA-193697	8	0.44161	0.10056	0.74257	p75NTR regulates axonogenesis	0.11575	0.75392	0.19217
R-HSA-5676590	45	0.17394	0.10058	0.74257	NIK-->noncanonical NF-kB signaling	0.088686	0.73167	0.13887
R-HSA-176033	32	0.20987	0.10106	0.74257	Interactions of Vpr with host cellular proteins	0.10359	0.74046	0.16277
R-HSA-388841	185	0.087879	0.10127	0.74257	Regulation of T cell activation by CD28 family	0.10119	0.74046	0.1218
R-HSA-196025	11	0.37181	0.10132	0.74257	Formation of annular gap junctions	0.09926	0.74046	0.14031
R-HSA-211958	4	0.53761	0.1015	0.74257	Miscellaneous substrates	0.10946	0.74046	0.14919
R-HSA-450513	17	0.22924	0.10187	0.74257	Tristetraprolin (TTP, ZFP36) binds and destabilizes mRNA	0.10207	0.74046	0.14717
R-HSA-9864848	33	0.18466	0.10257	0.74381	Complex IV assembly	0.07816	0.71217	0.11076
R-HSA-375281	4	0.71034	0.10392	0.74381	Hormone ligand-binding receptors	0.090962	0.73167	0.1899
R-HSA-2990846	152	0.098501	0.10458	0.74381	SUMOylation	0.10523	0.74046	0.12032
R-HSA-69563	50	0.15837	0.10468	0.74381	p53-Dependent G1 DNA Damage Response	0.094553	0.73167	0.18274
R-HSA-69580	50	0.15837	0.10468	0.74381	p53-Dependent G1/S DNA damage checkpoint	0.094553	0.73167	0.18274
R-HSA-168325	40	0.17721	0.1047	0.74381	Viral Messenger RNA Synthesis	0.10059	0.74046	0.077505
R-HSA-198725	57	0.14371	0.10508	0.74381	Nuclear Events (kinase and transcription factor activation)	0.13883	0.77319	0.14582
R-HSA-450282	29	0.20494	0.10616	0.74836	MAPK targets/ Nuclear events mediated by MAP kinases	0.12909	0.77132	0.1352
R-HSA-8934593	17	0.27046	0.10735	0.7519	Regulation of RUNX1 Expression and Activity	0.1081	0.74046	0.25157
R-HSA-6784531	52	0.17467	0.10754	0.7519	tRNA processing in the nucleus	0.11109	0.74046	0.045059
R-HSA-428542	8	0.4497	0.1085	0.75462	Regulation of commissural axon pathfinding by SLIT and ROBO	0.10913	0.74046	0.15374
R-HSA-209952	5	0.63466	0.10881	0.75462	Peptide hormone biosynthesis	0.11057	0.74046	0.12028
R-HSA-157118	154	0.093141	0.11039	0.76249	Signaling by NOTCH	0.10235	0.74046	0.14349
R-HSA-8939243	35	0.1842	0.11289	0.76689	RUNX1 interacts with co-factors whose precise effect on RUNX1 targets is not known	0.12114	0.76573	0.18264
R-HSA-9907900	46	0.16815	0.11308	0.76689	Proteasome assembly	0.10568	0.74046	0.23054
R-HSA-5658442	54	0.15269	0.11342	0.76689	Regulation of RAS by GAPs	0.11087	0.74046	0.10183
R-HSA-3371453	73	0.12242	0.11343	0.76689	Regulation of HSF1-mediated heat shock response	0.10491	0.74046	0.095765
R-HSA-8984722	11	0.30978	0.11387	0.76689	Interleukin-35 Signalling	0.11064	0.74046	0.19456
R-HSA-69620	219	0.075043	0.11399	0.76689	Cell Cycle Checkpoints	0.11811	0.7602	0.18738
R-HSA-5689880	134	0.094092	0.11416	0.76689	Ub-specific processing proteases	0.1143	0.74731	0.14151
R-HSA-9629569	17	0.30003	0.11463	0.76704	Protein hydroxylation	0.10782	0.74046	0.14342
R-HSA-901032	20	0.22083	0.11531	0.76858	ER Quality Control Compartment (ERQC)	0.11229	0.74267	0.069315
R-HSA-71336	9	0.33311	0.11584	0.76912	Pentose phosphate pathway	0.10775	0.74046	0.090994
R-HSA-5678895	47	0.15042	0.11734	0.77111	Defective CFTR causes cystic fibrosis	0.10478	0.74046	0.10255
R-HSA-9020956	10	0.31421	0.11775	0.77111	Interleukin-27 signaling	0.103	0.74046	0.16587
R-HSA-112308	12	0.35692	0.11785	0.77111	Presynaptic depolarization and calcium channel opening	0.12219	0.76655	0.17789
R-HSA-9945556	23	0.22606	0.11839	0.77111	Transcriptional regulation of multiciliogenesis	0.10856	0.74046	0.1281
R-HSA-9975924	23	0.22606	0.11839	0.77111	Assembly of the 9+2 motile cilia	0.10856	0.74046	0.1281
R-HSA-195253	69	0.13429	0.11916	0.77319	Degradation of beta-catenin by the destruction complex	0.10726	0.74046	0.1052
R-HSA-6794361	51	0.14957	0.11977	0.77421	Neurexins and neuroligins	0.12014	0.76444	0.09916
R-HSA-9926550	11	0.39838	0.12126	0.7798	Regulation of MITF-M-dependent genes involved in extracellular matrix, focal adhesion and epithelial-to-mesenchymal transition	0.12049	0.76444	0.058466
R-HSA-3214847	70	0.13464	0.12193	0.7798	HATs acetylate histones	0.12664	0.76655	0.17882
R-HSA-381753	29	0.23162	0.122	0.7798	Olfactory Signaling Pathway	0.12619	0.76655	0.12481
R-HSA-5607761	46	0.15632	0.12377	0.78084	Dectin-1 mediated noncanonical NF-kB signaling	0.10976	0.74046	0.17118
R-HSA-4608870	50	0.15405	0.12556	0.78084	Asymmetric localization of PCP proteins	0.11178	0.74217	0.1464
R-HSA-4420097	89	0.11536	0.12581	0.78084	VEGFA-VEGFR2 Pathway	0.14224	0.77319	0.052889
R-HSA-2173788	26	0.23295	0.12609	0.78084	Downregulation of TGF-beta receptor signaling	0.11849	0.7602	0.13766
R-HSA-373760	99	0.10919	0.1262	0.78084	L1CAM interactions	0.12366	0.76655	0.048013
R-HSA-9793380	51	0.15192	0.12762	0.78084	Formation of paraxial mesoderm	0.11744	0.75915	0.209
R-HSA-5099900	15	0.30301	0.12788	0.78084	WNT5A-dependent internalization of FZD4	0.13412	0.77319	0.13207
R-HSA-69541	42	0.15737	0.12839	0.78084	Stabilization of p53	0.11412	0.74731	0.16301
R-HSA-450520	10	0.37972	0.12846	0.78084	HuR (ELAVL1) binds and stabilizes mRNA	0.13425	0.77319	0.15193
R-HSA-399955	13	0.28547	0.12864	0.78084	SEMA3A-Plexin repulsion signaling by inhibiting Integrin adhesion	0.13631	0.77319	0.31353
R-HSA-1236974	70	0.14055	0.12879	0.78084	ER-Phagosome pathway	0.10066	0.74046	0.17195
R-HSA-209968	7	0.41072	0.13006	0.78084	Thyroxine biosynthesis	0.12361	0.76655	0.11136
R-HSA-5626467	24	0.20723	0.13013	0.78084	RHO GTPases activate IQGAPs	0.12413	0.76655	0.0087462
R-HSA-9609736	34	0.1752	0.13014	0.78084	Assembly and cell surface presentation of NMDA receptors	0.11391	0.74731	0.048267
R-HSA-5140745	13	0.29162	0.13025	0.78084	WNT5A-dependent internalization of FZD2, FZD5 and ROR2	0.13058	0.77132	0.11226
R-HSA-450321	18	0.23541	0.13062	0.78084	JNK (c-Jun kinases) phosphorylation and  activation mediated by activated human TAK1	0.11976	0.76444	0.096985
R-HSA-5619084	63	0.12776	0.13086	0.78084	ABC transporter disorders	0.12487	0.76655	0.099331
R-HSA-9755511	105	0.10122	0.1309	0.78084	KEAP1-NFE2L2 pathway	0.12923	0.77132	0.09453
R-HSA-448424	61	0.13234	0.13108	0.78084	Interleukin-17 signaling	0.1393	0.77319	0.11288
R-HSA-168799	10	0.38783	0.13128	0.78084	Neurotoxicity of clostridium toxins	0.12882	0.77132	0.17512
R-HSA-162587	132	0.085249	0.13347	0.79105	HIV Life Cycle	0.1359	0.77319	0.38252
R-HSA-3214842	17	0.23321	0.13392	0.79105	HDMs demethylate histones	0.14078	0.77319	0.12631
R-HSA-8878159	82	0.11435	0.13578	0.79657	Transcriptional regulation by RUNX3	0.1225	0.76655	0.30271
R-HSA-450294	57	0.13195	0.13615	0.79657	MAP kinase activation	0.14624	0.77319	0.123
R-HSA-9648002	22	0.23177	0.13625	0.79657	RAS processing	0.1278	0.77085	0.11592
R-HSA-9824272	40	0.16121	0.13711	0.79888	Somitogenesis	0.125	0.76655	0.21679
R-HSA-9687139	33	0.17013	0.13831	0.79905	Aberrant regulation of mitotic cell cycle due to RB1 defects	0.13979	0.77319	0.27953
R-HSA-70171	63	0.12324	0.13957	0.79905	Glycolysis	0.14528	0.77319	0.051685
R-HSA-8878166	95	0.10607	0.13963	0.79905	Transcriptional regulation by RUNX2	0.12365	0.76655	0.14125
R-HSA-6783310	31	0.19122	0.13976	0.79905	Fanconi Anemia Pathway	0.13353	0.77319	0.1859
R-HSA-194138	96	0.10555	0.14081	0.79905	Signaling by VEGF	0.15446	0.77319	0.075578
R-HSA-1296072	35	0.18142	0.14101	0.79905	Voltage gated Potassium channels	0.16171	0.77812	0.23692
R-HSA-2500257	96	0.10171	0.14164	0.79905	Resolution of Sister Chromatid Cohesion	0.14242	0.77319	0.046313
R-HSA-3371556	90	0.098903	0.14319	0.79905	Cellular response to heat stress	0.13043	0.77132	0.13949
R-HSA-5358346	49	0.13447	0.14323	0.79905	Hedgehog ligand biogenesis	0.12637	0.76655	0.1125
R-HSA-9673324	11	0.33985	0.14342	0.79905	WNT5:FZD7-mediated leishmania damping	0.15028	0.77319	0.091894
R-HSA-9664420	11	0.33985	0.14342	0.79905	Killing mechanisms	0.15028	0.77319	0.091894
R-HSA-6802952	57	0.13674	0.14352	0.79905	Signaling by BRAF and RAF1 fusions	0.15175	0.77319	0.075459
R-HSA-69202	68	0.11788	0.1453	0.79905	Cyclin E associated events during G1/S transition	0.13007	0.77132	0.24988
R-HSA-9675126	34	0.16481	0.14544	0.79905	Diseases of mitotic cell cycle	0.14669	0.77319	0.28631
R-HSA-888590	19	0.23484	0.14556	0.79905	GABA synthesis, release, reuptake and degradation	0.13332	0.77319	0.25827
R-HSA-453279	119	0.086588	0.14558	0.79905	Mitotic G1 phase and G1/S transition	0.13969	0.77319	0.15302
R-HSA-196807	26	0.18117	0.14651	0.79905	Nicotinate metabolism	0.15471	0.77319	0.077831
R-HSA-1980143	70	0.12246	0.14778	0.79905	Signaling by NOTCH1	0.13895	0.77319	0.17166
R-HSA-901042	25	0.1819	0.14843	0.79905	Calnexin/calreticulin cycle	0.13683	0.77319	0.084501
R-HSA-9931530	14	0.2521	0.14884	0.79905	Phosphorylation and nuclear translocation of the CRY:PER:kinase complex	0.15444	0.77319	0.088584
R-HSA-110330	8	0.3999	0.14906	0.79905	Recognition and association of DNA glycosylase with site containing an affected purine	0.15561	0.77319	0.1225
R-HSA-73927	8	0.3999	0.14906	0.79905	Depurination	0.15561	0.77319	0.1225
R-HSA-110331	8	0.3999	0.14906	0.79905	Cleavage of the damaged purine	0.15561	0.77319	0.1225
R-HSA-446652	115	0.091696	0.14938	0.79905	Interleukin-1 family signaling	0.14079	0.77319	0.1449
R-HSA-68867	68	0.11462	0.15001	0.79905	Assembly of the pre-replicative complex	0.14035	0.77319	0.33082
R-HSA-9755088	11	0.26841	0.15015	0.79905	Ribavirin ADME	0.15415	0.77319	0.19759
R-HSA-975871	88	0.10153	0.15118	0.79905	MyD88 cascade initiated on plasma membrane	0.15868	0.77319	0.19367
R-HSA-168176	88	0.10153	0.15118	0.79905	Toll Like Receptor 5 (TLR5) Cascade	0.15868	0.77319	0.19367
R-HSA-168142	88	0.10153	0.15118	0.79905	Toll Like Receptor 10 (TLR10) Cascade	0.15868	0.77319	0.19367
R-HSA-629594	9	0.28011	0.15168	0.79905	Highly calcium permeable postsynaptic nicotinic acetylcholine receptors	0.13694	0.77319	0.13366
R-HSA-9022699	17	0.2369	0.15209	0.79905	MECP2 regulates neuronal receptors and channels	0.14744	0.77319	0.060244
R-HSA-8943723	11	0.25996	0.15263	0.79905	Regulation of PTEN mRNA translation	0.15074	0.77319	0.1491
R-HSA-69002	80	0.10479	0.15297	0.79905	DNA Replication Pre-Initiation	0.14714	0.77319	0.28988
R-HSA-9006925	271	0.059939	0.153	0.79905	Intracellular signaling by second messengers	0.1538	0.77319	0.12225
R-HSA-390247	10	0.29767	0.1545	0.80361	Beta-oxidation of very long chain fatty acids	0.16107	0.77722	0.1839
R-HSA-3371568	23	0.17158	0.15522	0.80361	Attenuation phase	0.13852	0.77319	0.24378
R-HSA-417957	8	0.27639	0.15676	0.80361	P2Y receptors	0.16287	0.78032	0.11061
R-HSA-69601	49	0.13023	0.15893	0.80361	Ubiquitin-Mediated Degradation of Phosphorylated Cdc25A	0.14786	0.77319	0.21584
R-HSA-69613	49	0.13023	0.15893	0.80361	p53-Independent G1/S DNA Damage Checkpoint	0.14786	0.77319	0.21584
R-HSA-373076	175	0.071678	0.15914	0.80361	Class A/1 (Rhodopsin-like receptors)	0.14476	0.77319	0.42349
R-HSA-9687136	19	0.21096	0.15921	0.80361	Aberrant regulation of mitotic exit in cancer due to RB1 defects	0.15888	0.77319	0.22451
R-HSA-9909396	101	0.090016	0.15933	0.80361	Circadian clock	0.15683	0.77319	0.18195
R-HSA-5688426	200	0.065766	0.15966	0.80361	Deubiquitination	0.16308	0.78032	0.24316
R-HSA-69239	98	0.090206	0.15971	0.80361	Synthesis of DNA	0.15225	0.77319	0.37172
R-HSA-180024	23	0.19712	0.15996	0.80361	DARPP-32 events	0.14493	0.77319	0.11309
R-HSA-381042	29	0.15525	0.16067	0.80361	PERK regulates gene expression	0.15992	0.77385	0.17456
R-HSA-382556	86	0.099958	0.16074	0.80361	ABC-family protein mediated transport	0.15623	0.77319	0.13608
R-HSA-9610379	51	0.14225	0.16081	0.80361	HCMV Late Events	0.16519	0.7858	0.1115
R-HSA-9929491	45	0.13174	0.16091	0.80361	SPOP-mediated proteasomal degradation of PD-L1(CD274)	0.14935	0.77319	0.11647
R-HSA-9615933	25	0.18887	0.1615	0.80387	Postmitotic nuclear pore complex (NPC) reformation	0.17309	0.79491	0.15505
R-HSA-1362409	11	0.26465	0.1619	0.80387	Mitochondrial iron-sulfur cluster biogenesis	0.15621	0.77319	0.2737
R-HSA-9825892	17	0.23621	0.16472	0.81355	Regulation of MITF-M-dependent genes involved in cell cycle and proliferation	0.14716	0.77319	0.17795
R-HSA-400511	9	0.27269	0.16543	0.81355	Synthesis, secretion, and inactivation of Glucose-dependent Insulinotropic Polypeptide (GIP)	0.15485	0.77319	0.086699
R-HSA-9958825	71	0.10162	0.16548	0.81355	Activation of STAT3 by cadherin engagement	0.15045	0.77319	0.10517
R-HSA-196741	15	0.24049	0.16575	0.81355	Cobalamin (Cbl, vitamin B12) transport and metabolism	0.15316	0.77319	0.35064
R-HSA-438066	19	0.21583	0.16648	0.8148	Unblocking of NMDA receptors, glutamate binding and activation	0.15359	0.77319	0.16638
R-HSA-5674400	24	0.18829	0.16841	0.81962	Constitutive Signaling by AKT1 E17K in Cancer	0.18847	0.82359	0.14933
R-HSA-3322077	11	0.24787	0.16861	0.81962	Glycogen synthesis	0.15935	0.77328	0.15115
R-HSA-9764790	11	0.30635	0.1689	0.81962	Positive Regulation of CDH1 Gene Transcription	0.17502	0.79737	0.12038
R-HSA-9843745	92	0.092833	0.16967	0.82103	Adipogenesis	0.1661	0.78599	0.23149
R-HSA-2980736	59	0.11737	0.17117	0.8211	Peptide hormone metabolism	0.15705	0.77319	0.056055
R-HSA-8935690	4	0.50389	0.17164	0.8211	Digestion	0.17119	0.79369	0.27046
R-HSA-71288	7	0.34497	0.17221	0.8211	Creatine metabolism	0.17197	0.79369	0.25852
R-HSA-8868773	172	0.068053	0.17239	0.8211	rRNA processing in the nucleus and cytosol	0.12615	0.76655	0.1879
R-HSA-210744	12	0.28392	0.17242	0.8211	Regulation of gene expression in late stage (branching morphogenesis) pancreatic bud precursor cells	0.17853	0.80692	0.20363
R-HSA-187687	34	0.1593	0.1726	0.8211	Signalling to ERKs	0.19347	0.82707	0.25427
R-HSA-9683610	11	0.22949	0.17344	0.8211	Maturation of nucleoprotein_9683610	0.17011	0.79369	0.065317
R-HSA-9609690	66	0.11257	0.17352	0.8211	HCMV Early Events	0.16829	0.79369	0.04833
R-HSA-4570464	42	0.13588	0.17474	0.8246	SUMOylation of RNA binding proteins	0.17588	0.79916	0.1534
R-HSA-5693606	73	0.10215	0.17586	0.82528	DNA Double Strand Break Response	0.1655	0.7858	0.20217
R-HSA-9013422	22	0.18819	0.17591	0.82528	RHOBTB1 GTPase cycle	0.15853	0.77319	0.18192
R-HSA-1236975	80	0.10391	0.17633	0.82528	Antigen processing-Cross presentation	0.13887	0.77319	0.24474
R-HSA-168138	97	0.087773	0.17829	0.82826	Toll Like Receptor 9 (TLR9) Cascade	0.18674	0.82233	0.2601
R-HSA-141444	78	0.098166	0.1789	0.82826	Amplification  of signal from unattached  kinetochores via a MAD2  inhibitory signal	0.18662	0.82233	0.15025
R-HSA-141424	78	0.098166	0.1789	0.82826	Amplification of signal from the kinetochores	0.18662	0.82233	0.15025
R-HSA-69206	106	0.080767	0.17901	0.82826	G1/S Transition	0.16901	0.79369	0.13916
R-HSA-9694548	39	0.14279	0.17979	0.82826	Maturation of spike protein_9694548	0.18766	0.82329	0.11243
R-HSA-5693532	157	0.066304	0.17993	0.82826	DNA Double-Strand Break Repair	0.17458	0.79737	0.27984
R-HSA-9013420	37	0.12885	0.18035	0.82826	RHOU GTPase cycle	0.1904	0.82707	0.25791
R-HSA-162599	121	0.074526	0.1815	0.83099	Late Phase of HIV Life Cycle	0.18506	0.82233	0.36211
R-HSA-5607764	81	0.094201	0.18206	0.83099	CLEC7A (Dectin-1) signaling	0.1656	0.7858	0.31386
R-HSA-168181	93	0.087136	0.18312	0.83099	Toll Like Receptor 7/8 (TLR7/8) Cascade	0.19109	0.82707	0.23542
R-HSA-2691230	15	0.20763	0.18337	0.83099	Signaling by NOTCH1 HD Domain Mutants in Cancer	0.17236	0.79369	0.23971
R-HSA-2691232	15	0.20763	0.18337	0.83099	Constitutive Signaling by NOTCH1 HD Domain Mutants	0.17236	0.79369	0.23971
R-HSA-210745	9	0.3072	0.18557	0.8373	Regulation of gene expression in beta cells	0.17818	0.80692	0.12908
R-HSA-1461973	5	0.35355	0.18574	0.8373	Defensins	0.19661	0.82954	0.36042
R-HSA-198693	9	0.28425	0.1864	0.83777	AKT phosphorylates targets in the nucleus	0.20179	0.83634	0.094418
R-HSA-9029569	34	0.15686	0.18695	0.83777	NR1H3 & NR1H2 regulate gene expression linked to cholesterol transport and efflux	0.18212	0.81882	0.25661
R-HSA-9954709	93	0.084831	0.18765	0.83777	Ribosome Quality Control (RQC) complex extracts and degrades nascent peptide	0.14025	0.77319	0.23342
R-HSA-983189	48	0.11473	0.18795	0.83777	Kinesins	0.17406	0.79723	0.1935
R-HSA-168276	39	0.13627	0.18829	0.83777	NS1 Mediated Effects on Host Pathways	0.19425	0.82707	0.14704
R-HSA-6791226	163	0.065785	0.18981	0.83998	Major pathway of rRNA processing in the nucleolus and cytosol	0.14163	0.77319	0.25459
R-HSA-69656	70	0.097224	0.19043	0.83998	Cyclin A:Cdk2-associated events at S phase entry	0.17167	0.79369	0.30997
R-HSA-422356	71	0.10614	0.19083	0.83998	Regulation of insulin secretion	0.18094	0.81566	0.34054
R-HSA-264642	15	0.19147	0.19088	0.83998	Acetylcholine Neurotransmitter Release Cycle	0.20699	0.83634	0.17814
R-HSA-8866904	9	0.29138	0.19124	0.83998	Negative regulation of activity of TFAP2 (AP-2) family transcription factors	0.18348	0.81912	0.29071
R-HSA-3371511	25	0.15011	0.19235	0.8427	HSF1 activation	0.15775	0.77319	0.17514
R-HSA-9828806	14	0.19423	0.19459	0.8487	Maturation of hRSV A proteins	0.19436	0.82707	0.099314
R-HSA-975138	90	0.083913	0.19471	0.8487	TRAF6 mediated induction of NFkB and MAP kinases upon TLR7/8 or 9 activation	0.20432	0.83634	0.24506
R-HSA-8948700	10	0.22405	0.19613	0.84942	Competing endogenous RNAs (ceRNAs) regulate PTEN translation	0.19435	0.82707	0.18652
R-HSA-9706574	34	0.13995	0.19645	0.84942	RHOBTB GTPase Cycle	0.17033	0.79369	0.11404
R-HSA-176407	18	0.18389	0.19651	0.84942	Conversion from APC/C:Cdc20 to APC/C:Cdh1 in late anaphase	0.1941	0.82707	0.28801
R-HSA-2173791	16	0.20334	0.19686	0.84942	TGF-beta receptor signaling in EMT (epithelial to mesenchymal transition)	0.18975	0.82707	0.20878
R-HSA-2122947	44	0.13106	0.19779	0.84964	NOTCH1 Intracellular Domain Regulates Transcription	0.18647	0.82233	0.13145
R-HSA-9948299	131	0.070747	0.19811	0.84964	Ribosome-associated quality control	0.13784	0.77319	0.23217
R-HSA-532668	34	0.13264	0.19868	0.84964	N-glycan trimming in the ER and Calnexin/Calreticulin cycle	0.18792	0.82329	0.14104
R-HSA-622327	10	0.22058	0.19939	0.84964	Postsynaptic nicotinic acetylcholine receptors	0.18362	0.81912	0.20427
R-HSA-181431	10	0.22058	0.19939	0.84964	Acetylcholine binding and downstream events	0.18362	0.81912	0.20427
R-HSA-418990	176	0.057922	0.20032	0.85148	Adherens junctions interactions	0.19459	0.82707	0.066815
R-HSA-169893	14	0.20042	0.20187	0.85155	Prolonged ERK activation events	0.21595	0.8465	0.28851
R-HSA-6811442	184	0.055353	0.2024	0.85155	Intra-Golgi and retrograde Golgi-to-ER traffic	0.19417	0.82707	0.25264
R-HSA-9013423	80	0.089778	0.20254	0.85155	RAC3 GTPase cycle	0.23054	0.86142	0.27359
R-HSA-5660526	10	0.27989	0.20299	0.85155	Response to metal ions	0.20462	0.83634	0.19374
R-HSA-2559583	113	0.074561	0.2034	0.85155	Cellular Senescence	0.20223	0.83634	0.28227
R-HSA-196108	9	0.28906	0.20601	0.85155	Pregnenolone biosynthesis	0.21517	0.84538	0.13266
R-HSA-5576893	13	0.23532	0.2066	0.85155	Phase 2 - plateau phase	0.19835	0.83278	0.28625
R-HSA-450604	17	0.15176	0.20672	0.85155	KSRP (KHSRP) binds and destabilizes mRNA	0.20622	0.83634	0.32105
R-HSA-8853884	36	0.12979	0.20766	0.85155	Transcriptional Regulation by VENTX	0.19506	0.82707	0.3439
R-HSA-9620244	22	0.16893	0.20766	0.85155	Long-term potentiation	0.19578	0.82808	0.20651
R-HSA-379726	17	0.1886	0.20781	0.85155	Mitochondrial tRNA aminoacylation	0.20655	0.83634	0.3101
R-HSA-418594	198	0.057436	0.20787	0.85155	G alpha (i) signalling events	0.19916	0.83413	0.28433
R-HSA-9932451	29	0.13676	0.20801	0.85155	SWI/SNF chromatin remodelers	0.22213	0.85324	0.3226
R-HSA-1257604	234	0.050669	0.20824	0.85155	PIP3 activates AKT signaling	0.20701	0.83634	0.1634
R-HSA-139853	13	0.23891	0.20826	0.85155	Elevation of cytosolic Ca2+ levels	0.20336	0.83634	0.14015
R-HSA-6802957	72	0.091314	0.20829	0.85155	Oncogenic MAPK signaling	0.22693	0.85813	0.10826
R-HSA-202733	102	0.072038	0.21033	0.85527	Cell surface interactions at the vascular wall	0.20101	0.83634	0.19831
R-HSA-611105	125	0.067295	0.21172	0.85527	Respiratory electron transport	0.15411	0.77319	0.21721
R-HSA-983705	90	0.081874	0.21177	0.85527	Signaling by the B Cell Receptor (BCR)	0.19731	0.83045	0.32756
R-HSA-9706369	14	0.19156	0.21204	0.85527	Negative regulation of FLT3	0.20782	0.83764	0.20014
R-HSA-380994	25	0.12906	0.21244	0.85527	ATF4 activates genes in response to endoplasmic reticulum  stress	0.2142	0.84538	0.247
R-HSA-166658	32	0.13399	0.21343	0.85527	Complement cascade	0.20502	0.83634	0.19998
R-HSA-389359	9	0.24227	0.21366	0.85527	CD28 dependent Vav1 pathway	0.2199	0.85324	0.21087
R-HSA-975155	91	0.077086	0.21422	0.85527	MyD88 dependent cascade initiated on endosome	0.22474	0.85688	0.26632
R-HSA-9934037	25	0.13981	0.21437	0.85527	Formation of neuronal progenitor and neuronal BAF (npBAF and nBAF)	0.2308	0.86142	0.3381
R-HSA-162594	12	0.16381	0.21454	0.85527	Early Phase of HIV Life Cycle	0.20675	0.83634	0.47525
R-HSA-211897	35	0.12822	0.21524	0.85527	Cytochrome P450 - arranged by substrate type	0.20555	0.83634	0.21764
R-HSA-1169091	52	0.1044	0.21554	0.85527	Activation of NF-kappaB in B cells	0.19443	0.82707	0.2394
R-HSA-69615	63	0.08931	0.21569	0.85527	G1/S DNA Damage Checkpoints	0.20217	0.83634	0.31352
R-HSA-5617833	194	0.049755	0.21788	0.86196	Cilium Assembly	0.23271	0.86142	0.17313
R-HSA-6804114	16	0.18003	0.21882	0.86368	TP53 Regulates Transcription of Genes Involved in G2 Cell Cycle Arrest	0.22097	0.85324	0.31145
R-HSA-111932	10	0.2507	0.22019	0.86524	CaMK IV-mediated phosphorylation of CREB	0.23992	0.87066	0.19408
R-HSA-376176	182	0.056448	0.22045	0.86524	Signaling by ROBO receptors	0.17236	0.79369	0.28685
R-HSA-442982	19	0.16838	0.2215	0.86524	Ras activation upon Ca2+ influx through NMDA receptor	0.21136	0.84485	0.20957
R-HSA-445095	27	0.14122	0.22158	0.86524	Interaction between L1 and Ankyrins	0.21365	0.84523	0.17658
R-HSA-9818030	10	0.24907	0.2221	0.86524	NFE2L2 regulating tumorigenic genes	0.23775	0.86837	0.24751
R-HSA-5661231	7	0.56659	0.22254	0.86524	Metallothioneins bind metals	0.21472	0.84538	0.26861
R-HSA-109581	146	0.061009	0.22275	0.86524	Apoptosis	0.2247	0.85688	0.23931
R-HSA-1369062	17	0.19021	0.22353	0.86623	ABC transporters in lipid homeostasis	0.22778	0.85944	0.21249
R-HSA-9851695	63	0.088582	0.22515	0.86623	Epigenetic regulation of adipogenesis genes by MLL3 and MLL4 complexes	0.2125	0.84485	0.31428
R-HSA-9818564	63	0.088582	0.22515	0.86623	Epigenetic regulation of gene expression by MLL3 and MLL4 complexes	0.2125	0.84485	0.31428
R-HSA-9841922	63	0.088582	0.22515	0.86623	MLL4 and MLL3 complexes regulate expression of PPARG target genes in adipogenesis and hepatic steatosis	0.2125	0.84485	0.31428
R-HSA-196780	10	0.21836	0.22574	0.86623	Biotin transport and metabolism	0.22147	0.85324	0.20003
R-HSA-418038	11	0.16935	0.22604	0.86623	Nucleotide-like (purinergic) receptors	0.23436	0.862	0.18177
R-HSA-2172127	30	0.13788	0.2267	0.86638	DAP12 interactions	0.21985	0.85324	0.44729
R-HSA-399956	15	0.18306	0.22709	0.86638	CRMPs in Sema3A signaling	0.24344	0.87792	0.25451
R-HSA-68949	53	0.089807	0.22905	0.87135	Orc1 removal from chromatin	0.21775	0.85161	0.2976
R-HSA-2514853	8	0.23144	0.22941	0.87135	Condensation of Prometaphase Chromosomes	0.22625	0.85813	0.16745
R-HSA-9933947	15	0.16997	0.23099	0.8738	Formation of the non-canonical BAF (ncBAF) complex	0.24041	0.87066	0.24374
R-HSA-9917777	91	0.07251	0.23138	0.8738	Epigenetic regulation by WDR5-containing histone modifying complexes	0.23357	0.862	0.48782
R-HSA-5673000	32	0.1247	0.23192	0.8738	RAF activation	0.24557	0.87844	0.18244
R-HSA-71064	12	0.21899	0.23358	0.8738	Lysine catabolism	0.24583	0.87844	0.13947
R-HSA-9759194	82	0.073622	0.23379	0.8738	Nuclear events mediated by NFE2L2	0.222	0.85324	0.2575
R-HSA-9931269	53	0.086742	0.23537	0.8738	AMPK-induced ERAD and lysosome mediated degradation of PD-L1(CD274)	0.21257	0.84485	0.17057
R-HSA-166058	96	0.067836	0.23611	0.8738	MyD88:MAL(TIRAP) cascade initiated on plasma membrane	0.23976	0.87066	0.28775
R-HSA-168188	96	0.067836	0.23611	0.8738	Toll Like Receptor TLR6:TLR2 Cascade	0.23976	0.87066	0.28775
R-HSA-9918432	50	0.089512	0.2368	0.8738	Maturation of DENV proteins	0.20862	0.83889	0.3051
R-HSA-375280	26	0.12922	0.23721	0.8738	Amine ligand-binding receptors	0.25567	0.87844	0.3619
R-HSA-9842860	76	0.069212	0.23791	0.8738	Regulation of endogenous retroelements	0.26021	0.87979	0.35477
R-HSA-449147	335	0.037137	0.23819	0.8738	Signaling by Interleukins	0.24141	0.87244	0.38177
R-HSA-9700645	12	0.20365	0.23819	0.8738	ALK mutants bind TKIs	0.23136	0.86142	0.31774
R-HSA-8955332	35	0.11626	0.23829	0.8738	Carboxyterminal post-translational modifications of tubulin	0.22651	0.85813	0.08548
R-HSA-5620924	42	0.095667	0.23882	0.8738	Intraflagellar transport	0.23186	0.86142	0.19895
R-HSA-9845323	35	0.1053	0.23907	0.8738	Regulation of endogenous retroelements by Piwi-interacting RNAs (piRNAs)	0.25588	0.87844	0.32723
R-HSA-8866427	15	0.17678	0.24084	0.8738	VLDLR internalisation and degradation	0.23138	0.86142	0.2474
R-HSA-5205685	30	0.10349	0.24171	0.8738	PINK1-PRKN Mediated Mitophagy	0.22872	0.86109	0.28936
R-HSA-2122948	31	0.11591	0.24171	0.8738	Activated NOTCH1 Transmits Signal to the Nucleus	0.2251	0.85688	0.36857
R-HSA-181430	16	0.14946	0.24193	0.8738	Norepinephrine Neurotransmitter Release Cycle	0.26766	0.88651	0.16419
R-HSA-2871796	30	0.12112	0.24195	0.8738	FCERI mediated MAPK activation	0.23743	0.86837	0.47761
R-HSA-69306	111	0.061435	0.24304	0.8738	DNA Replication	0.23466	0.862	0.5727
R-HSA-421270	192	0.046216	0.24319	0.8738	Cell-cell junction organization	0.23283	0.86142	0.1023
R-HSA-168179	97	0.065172	0.2439	0.8738	Toll Like Receptor TLR1:TLR2 Cascade	0.24663	0.87844	0.31056
R-HSA-181438	97	0.065172	0.2439	0.8738	Toll Like Receptor 2 (TLR2) Cascade	0.24663	0.87844	0.31056
R-HSA-390666	7	0.22604	0.2441	0.8738	Serotonin receptors	0.27267	0.88769	0.20503
R-HSA-9733709	17	0.18331	0.24507	0.8738	Cardiogenesis	0.235	0.862	0.44227
R-HSA-201681	147	0.053176	0.24518	0.8738	TCF dependent signaling in response to WNT	0.22215	0.85324	0.36883
R-HSA-1234158	8	0.24409	0.24526	0.8738	Regulation of gene expression by Hypoxia-inducible Factor	0.2603	0.87979	0.34995
R-HSA-68877	165	0.04834	0.24599	0.8738	Mitotic Prometaphase	0.25589	0.87844	0.047791
R-HSA-881907	15	0.15649	0.24647	0.8738	Gastrin-CREB signalling pathway via PKC and MAPK	0.26435	0.88196	0.31907
R-HSA-8941856	13	0.19843	0.2465	0.8738	RUNX3 regulates NOTCH signaling	0.25447	0.87844	0.33108
R-HSA-1855167	7	0.26029	0.24741	0.8738	Synthesis of pyrophosphates in the cytosol	0.27174	0.88769	0.35051
R-HSA-2559582	43	0.094949	0.24799	0.8738	Senescence-Associated Secretory Phenotype (SASP)	0.24939	0.87844	0.34149
R-HSA-5357801	169	0.051408	0.24857	0.8738	Programmed Cell Death	0.25124	0.87844	0.23109
R-HSA-9037629	9	0.27323	0.24901	0.8738	Lewis blood group biosynthesis	0.25445	0.87844	0.36005
R-HSA-2565942	78	0.067913	0.24923	0.8738	Regulation of PLK1 Activity at G2/M Transition	0.2607	0.87979	0.093585
R-HSA-1502540	16	0.16709	0.2506	0.8738	Signaling by Activin	0.25186	0.87844	0.19272
R-HSA-912631	22	0.12928	0.25076	0.8738	Regulation of signaling by CBL	0.25112	0.87844	0.59374
R-HSA-9656223	35	0.10492	0.25166	0.8738	Signaling by RAF1 mutants	0.26227	0.87979	0.16507
R-HSA-6806003	35	0.10297	0.25203	0.8738	Regulation of TP53 Expression and Degradation	0.24714	0.87844	0.2301
R-HSA-2028269	19	0.17467	0.25231	0.8738	Signaling by Hippo	0.25134	0.87844	0.26367
R-HSA-111458	10	0.18989	0.25278	0.8738	Formation of apoptosome	0.26911	0.88651	0.29366
R-HSA-9627069	10	0.18989	0.25278	0.8738	Regulation of the apoptosome activity	0.26911	0.88651	0.29366
R-HSA-391903	9	0.21158	0.25312	0.8738	Eicosanoid ligand-binding receptors	0.22151	0.85324	0.21999
R-HSA-442380	6	0.27363	0.25369	0.8738	Zinc influx into cells by the SLC39 gene family	0.25	0.87844	0.20525
R-HSA-5669034	12	0.172	0.25444	0.8738	TNFs bind their physiological receptors	0.2526	0.87844	0.2583
R-HSA-9609646	88	0.070393	0.25454	0.8738	HCMV Infection	0.24997	0.87844	0.092103
R-HSA-6806667	33	0.11043	0.25639	0.87488	Metabolism of fat-soluble vitamins	0.22445	0.85688	0.16424
R-HSA-1852241	258	0.036959	0.25757	0.87488	Organelle biogenesis and maintenance	0.27039	0.88769	0.1742
R-HSA-190861	18	0.14263	0.25759	0.87488	Gap junction assembly	0.23037	0.86142	0.093319
R-HSA-447115	43	0.088962	0.25858	0.87488	Interleukin-12 family signaling	0.24754	0.87844	0.33483
R-HSA-983695	25	0.12476	0.25887	0.87488	Antigen activates B Cell Receptor (BCR) leading to generation of second messengers	0.26464	0.88196	0.46245
R-HSA-72306	93	0.065144	0.2594	0.87488	tRNA processing	0.27651	0.88769	0.084113
R-HSA-1489509	38	0.10393	0.25962	0.87488	DAG and IP3 signaling	0.26664	0.88518	0.26764
R-HSA-193704	86	0.063913	0.25993	0.87488	p75 NTR receptor-mediated signalling	0.25767	0.87979	0.47095
R-HSA-3214858	29	0.11072	0.26032	0.87488	RMTs methylate histone arginines	0.27498	0.88769	0.50502
R-HSA-162710	15	0.16449	0.26105	0.87488	Synthesis of glycosylphosphatidylinositol (GPI)	0.25378	0.87844	0.27137
R-HSA-5621481	101	0.059309	0.2626	0.87488	C-type lectin receptors (CLRs)	0.25218	0.87844	0.42866
R-HSA-9005895	11	0.21524	0.26338	0.87488	Pervasive developmental disorders	0.26255	0.87979	0.19875
R-HSA-9005891	11	0.21524	0.26338	0.87488	Loss of function of MECP2 in Rett syndrome	0.26255	0.87979	0.19875
R-HSA-9697154	11	0.21524	0.26338	0.87488	Disorders of Nervous System Development	0.26255	0.87979	0.19875
R-HSA-164378	16	0.15803	0.26388	0.87488	PKA activation in glucagon signalling	0.25919	0.87979	0.31921
R-HSA-9823730	9	0.22981	0.2651	0.87488	Formation of definitive endoderm	0.24948	0.87844	0.39962
R-HSA-5693554	23	0.12088	0.26714	0.87488	Resolution of D-loop Structures through Synthesis-Dependent Strand Annealing (SDSA)	0.28227	0.88769	0.15322
R-HSA-168164	96	0.057889	0.26757	0.87488	Toll Like Receptor 3 (TLR3) Cascade	0.27906	0.88769	0.31351
R-HSA-373755	61	0.074224	0.26798	0.87488	Semaphorin interactions	0.28117	0.88769	0.37834
R-HSA-5693537	30	0.10703	0.26813	0.87488	Resolution of D-Loop Structures	0.28294	0.88769	0.13224
R-HSA-9749641	13	0.15908	0.26857	0.87488	Aspirin ADME	0.27149	0.88769	0.20142
R-HSA-432047	5	0.25538	0.26972	0.87488	Passive transport by Aquaporins	0.2814	0.88769	0.20824
R-HSA-264876	22	0.13683	0.26989	0.87488	Insulin processing	0.2771	0.88769	0.13583
R-HSA-389948	141	0.047933	0.27067	0.87488	Co-inhibition by PD-1	0.25437	0.87844	0.27986
R-HSA-170968	12	0.16355	0.27067	0.87488	Frs2-mediated activation	0.27898	0.88769	0.26109
R-HSA-111997	32	0.11001	0.27076	0.87488	CaM pathway	0.28139	0.88769	0.31161
R-HSA-111933	32	0.11001	0.27076	0.87488	Calmodulin induced events	0.28139	0.88769	0.31161
R-HSA-5578768	8	0.1979	0.27082	0.87488	Physiological factors	0.25753	0.87979	0.29091
R-HSA-186712	24	0.12928	0.2715	0.87488	Regulation of beta-cell development	0.27235	0.88769	0.21105
R-HSA-72312	183	0.042097	0.27186	0.87488	rRNA processing	0.21335	0.84523	0.29089
R-HSA-2032785	10	0.17677	0.27188	0.87488	YAP1- and WWTR1 (TAZ)-stimulated gene expression	0.26296	0.87979	0.45125
R-HSA-114604	33	0.092767	0.2719	0.87488	GPVI-mediated activation cascade	0.27597	0.88769	0.31733
R-HSA-977347	10	0.20876	0.27198	0.87488	Serine metabolism	0.27741	0.88769	0.27527
R-HSA-9013149	159	0.045859	0.27222	0.87488	RAC1 GTPase cycle	0.29488	0.90297	0.30397
R-HSA-9824585	39	0.089966	0.27496	0.88203	Regulation of MITF-M-dependent genes involved in pigmentation	0.29133	0.90042	0.40969
R-HSA-435354	10	0.2009	0.27719	0.8865	Zinc transporters	0.28133	0.88769	0.25502
R-HSA-8982491	21	0.11477	0.27761	0.8865	Glycogen metabolism	0.26113	0.87979	0.27489
R-HSA-5675221	41	0.087665	0.27867	0.8865	Negative regulation of MAPK pathway	0.29638	0.90357	0.16261
R-HSA-166166	99	0.054504	0.27894	0.8865	MyD88-independent TLR4 cascade	0.29173	0.90042	0.30187
R-HSA-937061	99	0.054504	0.27894	0.8865	TRIF (TICAM1)-mediated TLR4 signaling	0.29173	0.90042	0.30187
R-HSA-9010553	139	0.049401	0.28033	0.88915	Regulation of expression of SLITs and ROBOs	0.20111	0.83634	0.35635
R-HSA-3858494	127	0.049053	0.28081	0.88915	Beta-catenin independent WNT signaling	0.25242	0.87844	0.20509
R-HSA-163560	16	0.14036	0.2817	0.88917	Triglyceride catabolism	0.28177	0.88769	0.13406
R-HSA-1461957	3	0.39073	0.28206	0.88917	Beta defensins	0.29113	0.90042	0.43614
R-HSA-5676594	13	0.14194	0.28276	0.88917	TNF receptor superfamily (TNFSF) members mediating non-canonical NF-kB pathway	0.29897	0.90487	0.29764
R-HSA-5635838	14	0.14792	0.28393	0.88917	Activation of SMO	0.26862	0.88651	0.3323
R-HSA-3000471	6	0.25481	0.28454	0.88917	Scavenging by Class B Receptors	0.25959	0.87979	0.2386
R-HSA-3232118	17	0.12278	0.28474	0.88917	SUMOylation of transcription factors	0.27348	0.88769	0.16861
R-HSA-1296071	90	0.061714	0.28495	0.88917	Potassium Channels	0.3231	0.90758	0.42314
R-HSA-212165	230	0.033831	0.28521	0.88917	Epigenetic regulation of gene expression	0.29983	0.90487	0.4657
R-HSA-201556	27	0.10396	0.28549	0.88917	Signaling by ALK	0.2935	0.90275	0.36068
R-HSA-9013700	11	0.14853	0.28711	0.89228	NOTCH4 Activation and Transmission of Signal to the Nucleus	0.28172	0.88769	0.54866
R-HSA-425381	9	0.18768	0.28753	0.89228	Bicarbonate transporters	0.26589	0.88441	0.51833
R-HSA-9932444	118	0.046768	0.28927	0.89606	ATP-dependent chromatin remodelers	0.32236	0.90758	0.39873
R-HSA-9764562	11	0.1575	0.29237	0.90244	Regulation of CDH1 mRNA translation by microRNAs	0.28807	0.90042	0.37316
R-HSA-6804757	34	0.085016	0.29256	0.90244	Regulation of TP53 Degradation	0.28904	0.90042	0.24976
R-HSA-2299718	10	0.16991	0.29291	0.90244	Condensation of Prophase Chromosomes	0.29485	0.90297	0.25113
R-HSA-9933939	18	0.11682	0.29425	0.90353	Formation of the polybromo-BAF (pBAF) complex	0.30365	0.90487	0.32219
R-HSA-622323	9	0.14591	0.29432	0.90353	Presynaptic nicotinic acetylcholine receptors	0.27908	0.88769	0.30118
R-HSA-171319	20	0.091484	0.29489	0.90366	Telomere Extension By Telomerase	0.27257	0.88769	0.28657
R-HSA-69242	132	0.042801	0.29637	0.90578	S Phase	0.28498	0.89245	0.53797
R-HSA-3214841	35	0.083718	0.29664	0.90578	PKMTs methylate histone lysines	0.30962	0.90487	0.39802
R-HSA-211935	4	0.24794	0.29728	0.90612	Fatty acids	0.28278	0.88769	0.43582
R-HSA-111996	34	0.089308	0.30173	0.91598	Ca-dependent events	0.31332	0.90487	0.34868
R-HSA-4641263	19	0.11607	0.30231	0.91598	Regulation of FZD by ubiquitination	0.27922	0.88769	0.31784
R-HSA-446728	213	0.032525	0.30303	0.91598	Cell junction organization	0.29519	0.90297	0.16283
R-HSA-9659787	15	0.11589	0.3049	0.91598	Aberrant regulation of mitotic G1/S transition in cancer due to RB1 defects	0.3091	0.90487	0.42845
R-HSA-9661069	15	0.11589	0.3049	0.91598	Defective binding of RB1 mutants to E2F1,(E2F2, E2F3)	0.3091	0.90487	0.42845
R-HSA-390522	18	0.11512	0.30498	0.91598	Striated Muscle Contraction	0.31303	0.90487	0.33392
R-HSA-5365859	15	0.12905	0.30606	0.91598	RA biosynthesis pathway	0.30476	0.90487	0.33506
R-HSA-1170546	11	0.13261	0.30607	0.91598	Prolactin receptor signaling	0.29654	0.90357	0.21165
R-HSA-9675151	16	0.14198	0.30619	0.91598	Disorders of Developmental Biology	0.30946	0.90487	0.35268
R-HSA-879518	8	0.18307	0.30644	0.91598	Organic anion transport by SLCO transporters	0.328	0.90993	0.28407
R-HSA-111447	14	0.13491	0.30678	0.91598	Activation of BAD and translocation to mitochondria	0.31151	0.90487	0.15491
R-HSA-112040	50	0.073924	0.30693	0.91598	G-protein mediated events	0.31153	0.90487	0.33178
R-HSA-4090294	25	0.09694	0.30879	0.91901	SUMOylation of intracellular receptors	0.31108	0.90487	0.25671
R-HSA-2173796	35	0.077269	0.30902	0.91901	SMAD2/SMAD3:SMAD4 heterotrimer regulates transcription	0.30774	0.90487	0.34127
R-HSA-166016	123	0.04146	0.3113	0.92276	Toll Like Receptor 4 (TLR4) Cascade	0.31287	0.90487	0.41285
R-HSA-388844	16	0.11216	0.31238	0.92276	Receptor-type tyrosine-protein phosphatases	0.34014	0.91032	0.25158
R-HSA-168898	142	0.038085	0.31247	0.92276	Toll-like Receptor Cascades	0.30751	0.90487	0.4432
R-HSA-9031628	36	0.069845	0.31278	0.92276	NGF-stimulated transcription	0.35353	0.91625	0.32059
R-HSA-425407	185	0.033965	0.31325	0.92276	SLC-mediated transmembrane transport	0.29976	0.90487	0.46279
R-HSA-749476	39	0.076809	0.31422	0.92276	RNA Polymerase III Abortive And Retractive Initiation	0.30317	0.90487	0.44783
R-HSA-74158	39	0.076809	0.31422	0.92276	RNA Polymerase III Transcription	0.30317	0.90487	0.44783
R-HSA-8951936	10	0.1347	0.31548	0.92276	RUNX3 regulates p14-ARF	0.33596	0.91032	0.35069
R-HSA-9819196	5	0.19641	0.318	0.92276	Zygotic genome activation (ZGA)	0.33687	0.91032	0.48379
R-HSA-209776	12	0.13147	0.3184	0.92276	Metabolism of amine-derived hormones	0.28911	0.90042	0.30546
R-HSA-5423646	10	0.15709	0.3184	0.92276	Aflatoxin activation and detoxification	0.30739	0.90487	0.34957
R-HSA-2465910	9	0.12205	0.31948	0.92276	MASTL Facilitates Mitotic Progression	0.32711	0.90964	0.28831
R-HSA-9764561	56	0.058233	0.32073	0.92276	Regulation of CDH1 Function	0.30009	0.90487	0.26739
R-HSA-9012852	46	0.066214	0.32087	0.92276	Signaling by NOTCH3	0.31882	0.90758	0.29655
R-HSA-9013508	22	0.098486	0.32115	0.92276	NOTCH3 Intracellular Domain Regulates Transcription	0.33679	0.91032	0.23325
R-HSA-432142	16	0.11848	0.32141	0.92276	Platelet sensitization by LDL	0.32182	0.90758	0.21536
R-HSA-5628897	68	0.052728	0.32154	0.92276	TP53 Regulates Metabolic Genes	0.29017	0.90042	0.32619
R-HSA-69481	103	0.041445	0.32338	0.92276	G2/M Checkpoints	0.32548	0.90758	0.46662
R-HSA-977443	53	0.067195	0.32382	0.92276	GABA receptor activation	0.32885	0.90993	0.32904
R-HSA-5218920	26	0.089658	0.32401	0.92276	VEGFR2 mediated vascular permeability	0.33356	0.91032	0.17051
R-HSA-5218921	19	0.095	0.32526	0.92276	VEGFR2 mediated cell proliferation	0.338	0.91032	0.18954
R-HSA-3769402	39	0.067691	0.32579	0.92276	Deactivation of the beta-catenin transactivating complex	0.30217	0.90487	0.45844
R-HSA-5668599	17	0.093843	0.32639	0.92276	RHO GTPases Activate NADPH Oxidases	0.32934	0.90993	0.21345
R-HSA-9909615	80	0.044794	0.32702	0.92276	Regulation of PD-L1(CD274) Post-translational modification	0.30378	0.90487	0.20028
R-HSA-2173789	45	0.066436	0.32736	0.92276	TGF-beta receptor signaling activates SMADs	0.29354	0.90275	0.2442
R-HSA-9766229	51	0.058288	0.32798	0.92276	Degradation of CDH1	0.30602	0.90487	0.32146
R-HSA-5603041	10	0.15304	0.32979	0.92276	IRAK4 deficiency (TLR2/4)	0.31728	0.90758	0.36673
R-HSA-9615710	29	0.079085	0.32995	0.92276	Late endosomal microautophagy	0.31206	0.90487	0.42845
R-HSA-352230	27	0.075616	0.3301	0.92276	Amino acid transport across the plasma membrane	0.33371	0.91032	0.38093
R-HSA-5686938	9	0.15999	0.33053	0.92276	Regulation of TLR by endogenous ligand	0.31408	0.90487	0.35555
R-HSA-9930044	30	0.066667	0.33062	0.92276	Nuclear RNA decay	0.3237	0.90758	0.46392
R-HSA-156588	6	0.17114	0.33121	0.92276	Glucuronidation	0.34679	0.91112	0.19227
R-HSA-167287	28	0.06723	0.33136	0.92276	HIV elongation arrest and recovery	0.33171	0.91032	0.59695
R-HSA-167290	28	0.06723	0.33136	0.92276	Pausing and recovery of HIV elongation	0.33171	0.91032	0.59695
R-HSA-212300	13	0.10466	0.33225	0.92276	PRC2 methylates histones and DNA	0.33673	0.91032	0.35794
R-HSA-446107	7	0.15271	0.33275	0.92276	Type I hemidesmosome assembly	0.35215	0.91625	0.46288
R-HSA-9674555	26	0.073876	0.33321	0.92276	Signaling by CSF3 (G-CSF)	0.31344	0.90487	0.39279
R-HSA-1168372	66	0.051544	0.33332	0.92276	Downstream signaling events of B Cell Receptor (BCR)	0.30829	0.90487	0.3473
R-HSA-445144	19	0.083924	0.33386	0.92276	Signal transduction by L1	0.32099	0.90758	0.26588
R-HSA-3270619	10	0.13641	0.33435	0.92276	IRF3-mediated induction of type I IFN	0.32345	0.90758	0.16753
R-HSA-5205647	36	0.058958	0.33518	0.92276	Mitophagy	0.32576	0.90758	0.33711
R-HSA-2022857	14	0.1157	0.33607	0.92276	Keratan sulfate degradation	0.33231	0.91032	0.31097
R-HSA-6811434	86	0.039463	0.33701	0.92276	COPI-dependent Golgi-to-ER retrograde traffic	0.31026	0.90487	0.26061
R-HSA-9830674	15	0.10659	0.33933	0.92276	Formation of the ureteric bud	0.29697	0.90357	0.3401
R-HSA-9820965	17	0.082531	0.33986	0.92276	Respiratory syncytial virus (RSV) genome replication, transcription and translation	0.31681	0.90758	0.22821
R-HSA-982772	19	0.08084	0.34094	0.92276	Growth hormone receptor signaling	0.33593	0.91032	0.39037
R-HSA-879415	11	0.099873	0.34158	0.92276	Advanced glycosylation endproduct receptor signaling	0.34074	0.91032	0.35637
R-HSA-8849471	13	0.10179	0.34173	0.92276	PTK6 Regulates RHO GTPases, RAS GTPase and MAP kinases	0.38714	0.93668	0.42449
R-HSA-5602498	9	0.16435	0.34178	0.92276	MyD88 deficiency (TLR2/4)	0.32363	0.90758	0.36433
R-HSA-9975921	171	0.027506	0.34207	0.92276	Assembly of the 9+0 primary cilium	0.36828	0.9257	0.27496
R-HSA-195721	237	0.025037	0.34236	0.92276	Signaling by WNT	0.31254	0.90487	0.30276
R-HSA-174437	16	0.10858	0.34254	0.92276	Removal of the Flap Intermediate from the C-strand	0.34368	0.91032	0.41626
R-HSA-774815	20	0.08019	0.34401	0.92276	Nucleosome assembly	0.32584	0.90758	0.41249
R-HSA-606279	20	0.08019	0.34401	0.92276	Deposition of new CENPA-containing nucleosomes at the centromere	0.32584	0.90758	0.41249
R-HSA-937039	12	0.10248	0.3441	0.92276	IRAK1 recruits IKK complex	0.31793	0.90758	0.42053
R-HSA-975144	12	0.10248	0.3441	0.92276	IRAK1 recruits IKK complex upon TLR7/8 or 9 stimulation	0.31793	0.90758	0.42053
R-HSA-2424491	28	0.07577	0.34451	0.92276	DAP12 signaling	0.33772	0.91032	0.60201
R-HSA-975110	10	0.1035	0.34465	0.92276	TRAF6 mediated IRF7 activation in TLR7/8 or 9 signaling	0.32081	0.90758	0.38069
R-HSA-170670	13	0.11821	0.34521	0.92276	Adenylate cyclase inhibitory pathway	0.34489	0.91032	0.43859
R-HSA-167238	26	0.063774	0.34588	0.92276	Pausing and recovery of Tat-mediated HIV elongation	0.34418	0.91032	0.58686
R-HSA-167243	26	0.063774	0.34588	0.92276	Tat-mediated HIV elongation arrest and recovery	0.34418	0.91032	0.58686
R-HSA-500792	258	0.023748	0.34651	0.92276	GPCR ligand binding	0.3143	0.90487	0.52354
R-HSA-1980145	31	0.064275	0.34669	0.92276	Signaling by NOTCH2	0.34464	0.91032	0.34004
R-HSA-9707564	45	0.054836	0.3467	0.92276	Cytoprotection by HMOX1	0.29858	0.90487	0.54177
R-HSA-9931295	18	0.092719	0.34742	0.92276	PD-L1(CD274) glycosylation and translocation to plasma membrane	0.31731	0.90758	0.35124
R-HSA-9755779	11	0.11363	0.34774	0.92276	SARS-CoV-2 targets host intracellular signalling and regulatory pathways	0.3703	0.92734	0.12865
R-HSA-380108	17	0.090221	0.34811	0.92276	Chemokine receptors bind chemokines	0.34457	0.91032	0.65141
R-HSA-9694635	59	0.047935	0.34828	0.92276	Translation of Structural Proteins_9694635	0.34071	0.91032	0.14584
R-HSA-9759476	142	0.030215	0.34974	0.92276	Regulation of Homotypic Cell-Cell Adhesion	0.34211	0.91032	0.19628
R-HSA-9664407	53	0.051399	0.34996	0.92276	Parasite infection	0.35516	0.91625	0.19139
R-HSA-9664422	53	0.051399	0.34996	0.92276	FCGR3A-mediated phagocytosis	0.35516	0.91625	0.19139
R-HSA-9664417	53	0.051399	0.34996	0.92276	Leishmania phagocytosis	0.35516	0.91625	0.19139
R-HSA-1500931	239	0.02303	0.35027	0.92276	Cell-Cell communication	0.34626	0.91112	0.19051
R-HSA-9759475	24	0.072577	0.35043	0.92276	Regulation of CDH11 Expression and Function	0.35101	0.91625	0.3202
R-HSA-1358803	13	0.10856	0.35085	0.92276	Downregulation of ERBB2:ERBB3 signaling	0.33905	0.91032	0.31842
R-HSA-9705462	21	0.070289	0.35122	0.92276	Inactivation of CSF3 (G-CSF) signaling	0.32246	0.90758	0.44585
R-HSA-3928664	17	0.081409	0.35313	0.92636	Ephrin signaling	0.3925	0.93729	0.33563
R-HSA-2559586	26	0.072325	0.35388	0.92651	DNA Damage/Telomere Stress Induced Senescence	0.35925	0.92263	0.4563
R-HSA-1475029	8	0.1647	0.35427	0.92651	Reversible hydration of carbon dioxide	0.36329	0.9257	0.41629
R-HSA-8963743	5	0.17606	0.35571	0.92886	Digestion and absorption	0.35479	0.91625	0.44842
R-HSA-977606	25	0.069585	0.35696	0.9307	Regulation of Complement cascade	0.34243	0.91032	0.31244
R-HSA-2453902	14	0.095541	0.35781	0.9315	The canonical retinoid cycle in rods (twilight vision)	0.32402	0.90758	0.40908
R-HSA-205043	15	0.080765	0.35897	0.9331	NRIF signals cell death from the nucleus	0.33597	0.91032	0.49684
R-HSA-211000	44	0.047501	0.3597	0.93359	Gene Silencing by RNA	0.34338	0.91032	0.46345
R-HSA-9762293	7	0.11846	0.36093	0.93536	Regulation of CDH11 gene transcription	0.36178	0.9257	0.24408
R-HSA-9943411	39	0.049478	0.36153	0.9355	CHD1 and CHD2 subfamily	0.37721	0.93172	0.46697
R-HSA-2142845	17	0.083352	0.36214	0.93566	Hyaluronan metabolism	0.35098	0.91625	0.32611
R-HSA-8956320	12	0.088239	0.36283	0.93582	Nucleotide biosynthesis	0.36909	0.9257	0.33028
R-HSA-210991	22	0.064087	0.36457	0.93582	Basigin interactions	0.35122	0.91625	0.34411
R-HSA-210993	15	0.087918	0.36533	0.93582	Tie2 Signaling	0.36907	0.9257	0.41099
R-HSA-5689901	16	0.089156	0.3657	0.93582	Metalloprotease DUBs	0.37121	0.92734	0.43341
R-HSA-196299	16	0.083156	0.36763	0.93582	Beta-catenin phosphorylation cascade	0.37305	0.93018	0.37021
R-HSA-937041	20	0.064105	0.36781	0.93582	IKK complex recruitment mediated by RIP1	0.34929	0.91625	0.49946
R-HSA-1989781	102	0.031488	0.36806	0.93582	PPARA activates gene expression	0.37802	0.93172	0.59323
R-HSA-9856651	98	0.031765	0.36879	0.93582	MITF-M-dependent gene expression	0.36835	0.9257	0.31261
R-HSA-5620916	19	0.06446	0.36889	0.93582	VxPx cargo-targeting to cilium	0.36097	0.92566	0.27378
R-HSA-6788467	12	0.090284	0.37007	0.93582	IL-6-type cytokine receptor ligand interactions	0.33468	0.91032	0.37418
R-HSA-9683701	29	0.057132	0.37103	0.93582	Translation of Structural Proteins_9683701	0.35462	0.91625	0.14336
R-HSA-450302	19	0.068276	0.37114	0.93582	activated TAK1 mediates p38 MAPK activation	0.35636	0.9173	0.35732
R-HSA-2979096	22	0.062063	0.37168	0.93582	NOTCH2 Activation and Transmission of Signal to the Nucleus	0.35664	0.9173	0.39607
R-HSA-933541	15	0.066338	0.37257	0.93582	TRAF6 mediated IRF7 activation	0.38017	0.93341	0.61045
R-HSA-202670	13	0.078694	0.37278	0.93582	ERKs are inactivated	0.42717	0.94408	0.45909
R-HSA-5693567	88	0.02966	0.37473	0.93582	HDR through Homologous Recombination (HRR) or Single Strand Annealing (SSA)	0.37739	0.93172	0.50024
R-HSA-9764265	130	0.026068	0.37548	0.93582	Regulation of CDH1 Expression and Function	0.36505	0.9257	0.22716
R-HSA-9764274	130	0.026068	0.37548	0.93582	Regulation of Expression and Function of Type I Classical Cadherins	0.36505	0.9257	0.22716
R-HSA-2132295	104	0.02744	0.37587	0.93582	MHC class II antigen presentation	0.37703	0.93172	0.27441
R-HSA-2730905	14	0.072402	0.37613	0.93582	Role of LAT2/NTAL/LAB on calcium mobilization	0.40194	0.939	0.63063
R-HSA-1296065	33	0.059188	0.37647	0.93582	Inwardly rectifying K+ channels	0.3939	0.93729	0.45257
R-HSA-9634597	42	0.047471	0.37793	0.93582	GPER1 signaling	0.37645	0.93172	0.37703
R-HSA-8853659	35	0.050252	0.37805	0.93582	RET signaling	0.40893	0.939	0.53644
R-HSA-6807878	91	0.028076	0.38011	0.93582	COPI-mediated anterograde transport	0.35444	0.91625	0.22048
R-HSA-1368108	21	0.064128	0.38051	0.93582	BMAL1:CLOCK,NPAS2 activates circadian expression	0.36903	0.9257	0.41315
R-HSA-4419969	13	0.070637	0.38073	0.93582	Depolymerization of the Nuclear Lamina	0.38921	0.93729	0.3981
R-HSA-5620912	88	0.028564	0.38094	0.93582	Anchoring of the basal body to the plasma membrane	0.41096	0.94114	0.29804
R-HSA-380259	62	0.033929	0.38187	0.93582	Loss of Nlp from mitotic centrosomes	0.40305	0.939	0.17644
R-HSA-380284	62	0.033929	0.38187	0.93582	Loss of proteins required for interphase microtubule organization from the centrosome	0.40305	0.939	0.17644
R-HSA-190872	13	0.075362	0.3828	0.93582	Transport of connexons to the plasma membrane	0.36709	0.9257	0.097997
R-HSA-190840	13	0.075362	0.3828	0.93582	Microtubule-dependent trafficking of connexons from Golgi to the plasma membrane	0.36709	0.9257	0.097997
R-HSA-427389	15	0.072989	0.38335	0.93582	ERCC6 (CSB) and EHMT2 (G9a) positively regulate rRNA expression	0.39536	0.93729	0.34006
R-HSA-211859	120	0.026063	0.38348	0.93582	Biological oxidations	0.34594	0.91112	0.20615
R-HSA-2022377	10	0.076196	0.38408	0.93582	Metabolism of Angiotensinogen to Angiotensins	0.3847	0.93474	0.32834
R-HSA-9619665	26	0.055876	0.38445	0.93582	EGR2 and SOX10-mediated initiation of Schwann cell myelination	0.40053	0.939	0.53622
R-HSA-9843940	46	0.035491	0.38497	0.93582	Regulation of endogenous retroelements by KRAB-ZFP proteins	0.40814	0.939	0.43439
R-HSA-162588	26	0.0574	0.38521	0.93582	Budding and maturation of HIV virion	0.37373	0.93052	0.49572
R-HSA-5696394	35	0.048071	0.38529	0.93582	DNA Damage Recognition in GG-NER	0.36533	0.9257	0.34225
R-HSA-212676	20	0.057128	0.38543	0.93582	Dopamine Neurotransmitter Release Cycle	0.40373	0.939	0.27392
R-HSA-390918	26	0.045852	0.38557	0.93582	Peroxisomal lipid metabolism	0.39433	0.93729	0.37839
R-HSA-163841	47	0.039014	0.38558	0.93582	Gamma carboxylation, hypusinylation, hydroxylation, and arylsulfatase activation	0.36854	0.9257	0.51379
R-HSA-4641262	27	0.054031	0.38562	0.93582	Disassembly of the destruction complex and recruitment of AXIN to the membrane	0.39775	0.939	0.33145
R-HSA-8864260	31	0.055295	0.386	0.93582	Transcriptional regulation by the AP-2 (TFAP2) family of transcription factors	0.38365	0.93427	0.63283
R-HSA-9679191	83	0.028647	0.3863	0.93582	Potential therapeutics for SARS	0.37899	0.93277	0.40052
R-HSA-5693538	93	0.026044	0.38697	0.93582	Homology Directed Repair	0.38606	0.93539	0.48887
R-HSA-1362300	13	0.063933	0.38733	0.93582	Transcription of E2F targets under negative control by p107 (RBL1) and p130 (RBL2) in complex with HDAC1	0.39078	0.93729	0.62806
R-HSA-5683826	15	0.063809	0.39093	0.94319	Surfactant metabolism	0.37771	0.93172	0.5915
R-HSA-168927	17	0.053851	0.39154	0.94333	TICAM1, RIP1-mediated IKK complex recruitment	0.36734	0.9257	0.4584
R-HSA-167242	22	0.045502	0.39296	0.945	Abortive elongation of HIV-1 transcript in the absence of Tat	0.38295	0.93427	0.59187
R-HSA-5576891	104	0.026482	0.39393	0.945	Cardiac conduction	0.37725	0.93172	0.56028
R-HSA-9617324	20	0.057352	0.39417	0.945	Negative regulation of NMDA receptor-mediated neuronal transmission	0.38149	0.93427	0.34799
R-HSA-9958790	27	0.048436	0.39444	0.945	SLC-mediated transport of inorganic anions	0.38396	0.93427	0.41254
R-HSA-9832991	4	0.13153	0.39678	0.94685	Formation of the posterior neural plate	0.37137	0.92734	0.44246
R-HSA-9648895	14	0.063319	0.39699	0.94685	Response of EIF2AK1 (HRI) to heme deficiency	0.40851	0.939	0.30088
R-HSA-1834941	11	0.078761	0.3972	0.94685	STING mediated induction of host immune responses	0.40018	0.939	0.23099
R-HSA-9614657	14	0.069597	0.39909	0.94685	FOXO-mediated transcription of cell death genes	0.40971	0.93954	0.5351
R-HSA-9658195	139	0.02113	0.39911	0.94685	Leishmania infection	0.39126	0.93729	0.33638
R-HSA-9824443	139	0.02113	0.39911	0.94685	Parasitic Infection Pathways	0.39126	0.93729	0.33638
R-HSA-9764260	26	0.046126	0.40064	0.94685	Regulation of Expression and Function of Type II Classical Cadherins	0.40648	0.939	0.39168
R-HSA-5218900	10	0.089246	0.40131	0.94685	CASP8 activity is inhibited	0.40876	0.939	0.27767
R-HSA-69416	10	0.089246	0.40131	0.94685	Dimerization of procaspase-8	0.40876	0.939	0.27767
R-HSA-3371378	10	0.089246	0.40131	0.94685	Regulation by c-FLIP	0.40876	0.939	0.27767
R-HSA-171007	13	0.075839	0.40143	0.94685	p38MAPK events	0.41591	0.94237	0.36039
R-HSA-2564830	10	0.075214	0.40208	0.94685	Cytosolic iron-sulfur cluster assembly	0.41295	0.94237	0.80662
R-HSA-5578775	45	0.036906	0.40253	0.94685	Ion homeostasis	0.4001	0.939	0.56502
R-HSA-201451	26	0.045977	0.40307	0.94685	Signaling by BMP	0.38344	0.93427	0.29305
R-HSA-8854518	64	0.027171	0.40403	0.94685	AURKA Activation by TPX2	0.42872	0.94408	0.21445
R-HSA-9730414	132	0.019776	0.40496	0.94685	MITF-M-regulated melanocyte development	0.40677	0.939	0.3719
R-HSA-9856649	44	0.034321	0.40517	0.94685	Transcriptional and post-translational regulation of MITF-M expression and activity	0.40472	0.939	0.44812
R-HSA-9705671	95	0.022675	0.40527	0.94685	SARS-CoV-2 activates/modulates innate and adaptive immune responses	0.38194	0.93427	0.43231
R-HSA-381676	39	0.037492	0.40573	0.94685	Glucagon-like Peptide-1 (GLP1) regulates insulin secretion	0.38932	0.93729	0.41999
R-HSA-168255	144	0.019258	0.40652	0.94685	Influenza Infection	0.32865	0.90993	0.37305
R-HSA-9027284	13	0.053905	0.40682	0.94685	Erythropoietin activates RAS	0.42174	0.94237	0.60744
R-HSA-5358508	14	0.060409	0.40785	0.94796	Mismatch Repair	0.39971	0.939	0.6133
R-HSA-112310	44	0.032149	0.41006	0.95001	Neurotransmitter release cycle	0.39141	0.93729	0.34633
R-HSA-166663	13	0.064689	0.41041	0.95001	Initial triggering of complement	0.4276	0.94408	0.31465
R-HSA-6804759	12	0.068065	0.41085	0.95001	Regulation of TP53 Activity through Association with Co-factors	0.39812	0.939	0.28286
R-HSA-1268020	51	0.028192	0.4117	0.95001	Mitochondrial protein import	0.36401	0.9257	0.28482
R-HSA-1428517	194	0.014999	0.41236	0.95001	Aerobic respiration and respiratory electron transport	0.33506	0.91032	0.41152
R-HSA-5663084	26	0.041056	0.4131	0.95001	Diseases of carbohydrate metabolism	0.38594	0.93539	0.17385
R-HSA-9958863	31	0.035862	0.41312	0.95001	SLC-mediated transport of amino acids	0.41827	0.94237	0.42803
R-HSA-9675135	44	0.029317	0.41317	0.95001	Diseases of DNA repair	0.42564	0.94408	0.53005
R-HSA-9772573	69	0.025028	0.41389	0.95039	Late SARS-CoV-2 Infection Events	0.40608	0.939	0.18789
R-HSA-397014	154	0.01733	0.41545	0.95115	Muscle contraction	0.40701	0.939	0.47266
R-HSA-5213460	27	0.041559	0.41617	0.95115	RIPK1-mediated regulated necrosis	0.39469	0.93729	0.27555
R-HSA-5675482	27	0.041559	0.41617	0.95115	Regulation of necroptotic cell death	0.39469	0.93729	0.27555
R-HSA-196791	8	0.057827	0.41644	0.95115	Vitamin D (calciferol) metabolism	0.42068	0.94237	0.51744
R-HSA-2029482	54	0.027964	0.4173	0.95184	Regulation of actin dynamics for phagocytic cup formation	0.41961	0.94237	0.21618
R-HSA-69205	21	0.039784	0.41939	0.95426	G1/S-Specific Transcription	0.41809	0.94237	0.2385
R-HSA-9708530	11	0.05945	0.41977	0.95426	Regulation of BACH1 activity	0.39204	0.93729	0.34806
R-HSA-9696273	38	0.028916	0.42003	0.95426	RND1 GTPase cycle	0.43069	0.94465	0.69936
R-HSA-5358565	13	0.056291	0.42246	0.95458	Mismatch repair (MMR) directed by MSH2:MSH6 (MutSalpha)	0.41726	0.94237	0.59877
R-HSA-354192	23	0.037004	0.42263	0.95458	Integrin signaling	0.45141	0.9616	0.59616
R-HSA-177929	48	0.027304	0.42263	0.95458	Signaling by EGFR	0.42988	0.94408	0.43357
R-HSA-5685942	62	0.021397	0.42448	0.95458	HDR through Homologous Recombination (HRR)	0.42669	0.94408	0.52071
R-HSA-375276	103	0.018398	0.42455	0.95458	Peptide ligand-binding receptors	0.3922	0.93729	0.76518
R-HSA-1855204	25	0.036164	0.42463	0.95458	Synthesis of IP3 and IP4 in the cytosol	0.43329	0.94793	0.29139
R-HSA-3229121	12	0.048229	0.42534	0.95458	Glycogen storage diseases	0.40619	0.939	0.39509
R-HSA-193775	10	0.053257	0.42536	0.95458	Synthesis of bile acids and bile salts via 24-hydroxycholesterol	0.4225	0.94237	0.35423
R-HSA-168273	124	0.016432	0.42567	0.95458	Influenza Viral RNA Transcription and Replication	0.34088	0.91032	0.3719
R-HSA-9748784	58	0.023389	0.4259	0.95458	Drug ADME	0.41708	0.94237	0.56387
R-HSA-975634	30	0.034069	0.4265	0.95458	Retinoid metabolism and transport	0.38034	0.93341	0.27968
R-HSA-3214815	29	0.032664	0.42686	0.95458	HDACs deacetylate histones	0.42048	0.94237	0.25986
R-HSA-70635	9	0.054933	0.42991	0.95706	Urea cycle	0.42987	0.94408	0.63605
R-HSA-5655862	17	0.036512	0.43125	0.95706	Translesion synthesis by POLK	0.41804	0.94237	0.66532
R-HSA-174414	18	0.043041	0.43144	0.95706	Processive synthesis on the C-strand of the telomere	0.42947	0.94408	0.44771
R-HSA-392154	19	0.038411	0.43219	0.95706	Nitric oxide stimulates guanylate cyclase	0.44645	0.96119	0.4881
R-HSA-2142789	10	0.057984	0.43268	0.95706	Ubiquinol biosynthesis	0.42209	0.94237	0.51672
R-HSA-9668328	23	0.035394	0.43286	0.95706	Sealing of the nuclear envelope (NE) by ESCRT-III	0.42934	0.94408	0.21355
R-HSA-9937848	89	0.016112	0.43311	0.95706	CHD chromatin remodelers	0.46471	0.9616	0.48857
R-HSA-70263	20	0.034359	0.43395	0.95706	Gluconeogenesis	0.39802	0.939	0.20437
R-HSA-112382	51	0.020958	0.4342	0.95706	Formation of RNA Pol II elongation complex	0.43562	0.95059	0.78498
R-HSA-75955	51	0.020958	0.4342	0.95706	RNA Polymerase II Transcription Elongation	0.43562	0.95059	0.78498
R-HSA-203927	23	0.027088	0.43468	0.95706	MicroRNA (miRNA) biogenesis	0.42243	0.94237	0.45325
R-HSA-1566948	36	0.027507	0.43477	0.95706	Elastic fibre formation	0.3956	0.93729	0.60568
R-HSA-5627123	19	0.033001	0.43523	0.95706	RHO GTPases activate PAKs	0.45748	0.9616	0.29883
R-HSA-9033658	12	0.059269	0.43593	0.95718	Blood group systems biosynthesis	0.43997	0.95765	0.54179
R-HSA-163685	97	0.016047	0.43709	0.95718	Integration of energy metabolism	0.42808	0.94408	0.56019
R-HSA-112043	46	0.023889	0.43751	0.95718	PLC beta mediated events	0.44368	0.95963	0.46158
R-HSA-450341	10	0.041828	0.43802	0.95718	Activation of the AP-1 family of transcription factors	0.45051	0.9616	0.40141
R-HSA-418457	15	0.037473	0.439	0.95718	cGMP effects	0.44544	0.96101	0.49372
R-HSA-110056	8	0.050586	0.43936	0.95718	MAPK3 (ERK1) activation	0.45297	0.9616	0.38575
R-HSA-210990	11	0.041343	0.43981	0.95718	PECAM1 interactions	0.42026	0.94237	0.3483
R-HSA-975578	7	0.055054	0.44063	0.95718	Reactions specific to the complex N-glycan synthesis pathway	0.45585	0.9616	0.17081
R-HSA-9735871	15	0.033945	0.44131	0.95718	SARS-CoV-1 targets host intracellular signalling and regulatory pathways	0.46937	0.9616	0.34415
R-HSA-9940951	26	0.026794	0.44155	0.95718	Interaction of NuRD complexes with transcription factors	0.45825	0.9616	0.34137
R-HSA-2162123	13	0.043477	0.44329	0.95718	Synthesis of Prostaglandins (PG) and Thromboxanes (TX)	0.45244	0.9616	0.45779
R-HSA-381033	11	0.032213	0.44376	0.95718	ATF6 (ATF6-alpha) activates chaperones	0.4417	0.95776	0.34949
R-HSA-9006335	24	0.025561	0.44423	0.95718	Signaling by Erythropoietin	0.46937	0.9616	0.68303
R-HSA-73887	137	0.011171	0.44543	0.95718	Death Receptor Signaling	0.45019	0.9616	0.56992
R-HSA-380320	80	0.013334	0.44556	0.95718	Recruitment of NuMA to mitotic centrosomes	0.45778	0.9616	0.11151
R-HSA-9823739	6	0.046856	0.44597	0.95718	Formation of the anterior neural plate	0.41657	0.94237	0.50362
R-HSA-3700989	314	0.0071598	0.44622	0.95718	Transcriptional Regulation by TP53	0.4614	0.9616	0.64078
R-HSA-2892245	5	0.063975	0.44683	0.95718	POU5F1 (OCT4), SOX2, NANOG repress genes related to differentiation	0.41552	0.94237	0.48771
R-HSA-9013404	76	0.014386	0.44694	0.95718	RAC2 GTPase cycle	0.463	0.9616	0.39858
R-HSA-204174	12	0.034184	0.44698	0.95718	Regulation of pyruvate dehydrogenase (PDH) complex	0.44721	0.96119	0.5484
R-HSA-2187338	63	0.015155	0.44702	0.95718	Visual phototransduction	0.41244	0.94237	0.2286
R-HSA-9958810	23	0.024281	0.44849	0.95756	SRC activates STAT3 in a quantitative manner, through Cadherin-11 (CDH11), RAC1 and gp130 (IL6ST)	0.42588	0.94408	0.36563
R-HSA-8943724	54	0.017162	0.44876	0.95756	Regulation of PTEN gene transcription	0.44788	0.96143	0.38232
R-HSA-9933937	18	0.025658	0.44953	0.95756	Formation of the canonical BAF (cBAF) complex	0.47393	0.9616	0.62386
R-HSA-111461	12	0.033635	0.44987	0.95756	Cytochrome c-mediated apoptotic response	0.46806	0.9616	0.48839
R-HSA-193692	10	0.028883	0.45104	0.95756	Regulated proteolysis of p75NTR	0.44903	0.9616	0.68014
R-HSA-9013424	35	0.01803	0.4511	0.95756	RHOV GTPase cycle	0.47194	0.9616	0.60473
R-HSA-400206	104	0.011395	0.45118	0.95756	Regulation of lipid metabolism by PPARalpha	0.46321	0.9616	0.66635
R-HSA-9937850	30	0.020264	0.45186	0.95756	NuRD complex assembly	0.46444	0.9616	0.36457
R-HSA-8964038	16	0.024302	0.45223	0.95756	LDL clearance	0.45801	0.9616	0.3632
R-HSA-9821002	6	0.033027	0.45312	0.95826	Chromatin modifications during the maternal to zygotic transition (MZT)	0.49019	0.9672	0.33214
R-HSA-5685939	10	0.03716	0.45394	0.95835	HDR through MMEJ (alt-NHEJ)	0.44364	0.95963	0.21733
R-HSA-9943962	16	0.024985	0.45477	0.95835	CHD6, CHD7, CHD8, CHD9 subfamily	0.47927	0.96331	0.48683
R-HSA-5684264	15	0.027914	0.45484	0.95835	MAP3K8 (TPL2)-dependent MAPK1/3 activation	0.41725	0.94237	0.36851
R-HSA-9664323	32	0.017824	0.45766	0.96167	FCGR3A-mediated IL10 synthesis	0.44458	0.96036	0.56231
R-HSA-9938026	239	0.0060558	0.4581	0.96167	Immunoglobulin maturation	0.47087	0.9616	0.75832
R-HSA-9938027	239	0.0060558	0.4581	0.96167	Affinity selection of immunoglobulins	0.47087	0.9616	0.75832
R-HSA-9909648	128	0.0083535	0.45893	0.96224	Regulation of PD-L1(CD274) expression	0.4376	0.9537	0.4712
R-HSA-110312	16	0.023061	0.45959	0.96244	Translesion synthesis by REV1	0.44708	0.96119	0.68573
R-HSA-8950505	30	0.016316	0.46024	0.96263	Gene and protein expression by JAK-STAT signaling after Interleukin-12 stimulation	0.45683	0.9616	0.47789
R-HSA-167152	39	0.013063	0.46187	0.96347	Formation of HIV elongation complex in the absence of HIV Tat	0.45944	0.9616	0.78894
R-HSA-76009	29	0.016211	0.46191	0.96347	Platelet Aggregation (Plug Formation)	0.48613	0.9661	0.67332
R-HSA-111885	85	0.01042	0.46233	0.96347	Opioid Signalling	0.4414	0.95776	0.36386
R-HSA-9969896	11	0.026045	0.46322	0.96415	Lanosterol biosynthesis	0.41639	0.94237	0.44859
R-HSA-8866910	10	0.029706	0.46435	0.96533	TFAP2 (AP-2) family regulates transcription of growth factors and their receptors	0.42785	0.94408	0.48146
R-HSA-381183	10	0.02194	0.46492	0.96534	ATF6 (ATF6-alpha) activates chaperone genes	0.4623	0.9616	0.38196
R-HSA-8963889	10	0.022654	0.46576	0.96538	Assembly of active LPL and LIPC lipase complexes	0.45259	0.9616	0.47849
R-HSA-6804116	12	0.021909	0.46618	0.96538	TP53 Regulates Transcription of Genes Involved in G1 Cell Cycle Arrest	0.47486	0.9616	0.69566
R-HSA-168638	32	0.012967	0.46717	0.96538	NOD1/2 Signaling Pathway	0.46276	0.9616	0.52763
R-HSA-182971	28	0.014384	0.46809	0.96538	EGFR downregulation	0.46429	0.9616	0.39752
R-HSA-9607240	37	0.012701	0.46821	0.96538	FLT3 Signaling	0.46335	0.9616	0.49307
R-HSA-9758274	17	0.016993	0.46949	0.96538	Regulation of NF-kappa B signaling	0.4601	0.9616	0.3777
R-HSA-5609975	16	0.017244	0.46955	0.96538	Diseases associated with glycosylation precursor biosynthesis	0.48945	0.9672	0.3715
R-HSA-5693568	29	0.012794	0.47138	0.96538	Resolution of D-loop Structures through Holliday Junction Intermediates	0.4936	0.9672	0.26003
R-HSA-76002	214	0.0047221	0.47147	0.96538	Platelet activation, signaling and aggregation	0.45482	0.9616	0.69221
R-HSA-9833109	18	0.013135	0.4715	0.96538	Evasion by RSV of host interferon responses	0.46922	0.9616	0.68037
R-HSA-1433617	6	0.025534	0.47225	0.96538	Regulation of signaling by NODAL	0.47184	0.9616	0.66836
R-HSA-210500	21	0.013357	0.47258	0.96538	Glutamate Neurotransmitter Release Cycle	0.50466	0.9672	0.35419
R-HSA-389513	19	0.015824	0.47269	0.96538	Co-inhibition by CTLA4	0.4837	0.9661	0.29796
R-HSA-381340	71	0.0074872	0.47285	0.96538	Transcriptional regulation of white adipocyte differentiation	0.46594	0.9616	0.63182
R-HSA-196849	107	0.0058809	0.47339	0.96538	Metabolism of water-soluble vitamins and cofactors	0.47986	0.96331	0.41282
R-HSA-392517	15	0.016691	0.47526	0.96688	Rap1 signalling	0.48428	0.9661	0.49252
R-HSA-5654228	8	0.016265	0.47705	0.96688	Phospholipase C-mediated cascade; FGFR4	0.46698	0.9616	0.45158
R-HSA-5689896	33	0.0082809	0.47781	0.96688	Ovarian tumor domain proteases	0.46046	0.9616	0.64908
R-HSA-425410	34	0.0089004	0.47863	0.96688	Metal ion SLC transporters	0.4852	0.9661	0.53966
R-HSA-209543	11	0.014009	0.47991	0.96688	p75NTR recruits signalling complexes	0.44089	0.95776	0.5778
R-HSA-9675136	36	0.0073958	0.48005	0.96688	Diseases of DNA Double-Strand Break Repair	0.49787	0.9672	0.58134
R-HSA-9701190	36	0.0073958	0.48005	0.96688	Defective homologous recombination repair (HRR) due to BRCA2 loss of function	0.49787	0.9672	0.58134
R-HSA-77595	19	0.010366	0.48055	0.96688	Processing of Intronless Pre-mRNAs	0.49842	0.9672	0.37437
R-HSA-167200	37	0.0066955	0.48107	0.96688	Formation of HIV-1 elongation complex containing HIV-1 Tat	0.47659	0.9616	0.78767
R-HSA-167169	37	0.0066955	0.48107	0.96688	HIV Transcription Elongation	0.47659	0.9616	0.78767
R-HSA-167246	37	0.0066955	0.48107	0.96688	Tat-mediated elongation of the HIV-1 transcript	0.47659	0.9616	0.78767
R-HSA-2871809	28	0.0084436	0.48241	0.96688	FCERI mediated Ca+2 mobilization	0.46742	0.9616	0.72962
R-HSA-5682910	14	0.01087	0.48244	0.96688	LGI-ADAM interactions	0.50508	0.9672	0.60099
R-HSA-9820960	17	0.012505	0.4827	0.96688	Respiratory syncytial virus (RSV) attachment and entry	0.46849	0.9616	0.47488
R-HSA-442720	10	0.012345	0.48362	0.96688	CREB1 phosphorylation through the activation of Adenylate Cyclase	0.47571	0.9616	0.42453
R-HSA-8949215	20	0.0089752	0.48364	0.96688	Mitochondrial calcium ion transport	0.47597	0.9616	0.80396
R-HSA-8875555	11	0.010888	0.48372	0.96688	MET activates RAP1 and RAC1	0.49416	0.9672	0.40263
R-HSA-2559585	29	0.0060964	0.48653	0.97067	Oncogene Induced Senescence	0.47424	0.9616	0.42061
R-HSA-200425	12	0.0096122	0.48675	0.97067	Carnitine shuttle	0.48001	0.96331	0.46058
R-HSA-2428924	42	0.0039246	0.48899	0.97255	IGF1R signaling cascade	0.51389	0.9672	0.51113
R-HSA-2404192	42	0.0039246	0.48899	0.97255	Signaling by Type 1 Insulin-like Growth Factor 1 Receptor (IGF1R)	0.51389	0.9672	0.51113
R-HSA-2428928	41	0.0037859	0.4894	0.97255	IRS-related events triggered by IGF1R	0.51316	0.9672	0.51236
R-HSA-71291	286	0.0010649	0.49259	0.97294	Metabolism of amino acids and derivatives	0.43235	0.94708	0.63894
R-HSA-8963693	10	0.0054071	0.49306	0.97294	Aspartate and asparagine metabolism	0.507	0.9672	0.40474
R-HSA-196854	159	0.0012825	0.49309	0.97294	Metabolism of vitamins and cofactors	0.47018	0.9616	0.42882
R-HSA-3371497	47	0.0020482	0.49352	0.97294	HSP90 chaperone cycle for steroid hormone receptors (SHR) in the presence of ligand	0.47177	0.9616	0.27416
R-HSA-977444	40	0.0025818	0.49383	0.97294	GABA B receptor activation	0.48615	0.9661	0.55202
R-HSA-991365	40	0.0025818	0.49383	0.97294	Activation of GABAB receptors	0.48615	0.9661	0.55202
R-HSA-110320	18	0.003457	0.49385	0.97294	Translesion Synthesis by POLH	0.48025	0.96331	0.65341
R-HSA-4085001	31	0.0024602	0.49414	0.97294	Sialic acid metabolism	0.50216	0.9672	0.42652
R-HSA-5694530	29	0.0019728	0.49518	0.97387	Cargo concentration in the ER	0.46978	0.9616	0.71922
R-HSA-9027276	11	0.00081851	0.49871	0.97653	Erythropoietin activates Phosphoinositide-3-kinase (PI3K)	0.53196	0.9672	0.72638
R-HSA-8951664	204	-5.9633e-05	0.50037	0.97653	Neddylation	0.49831	0.9672	0.35041
R-HSA-9020591	36	-0.00038841	0.50103	0.97653	Interleukin-12 signaling	0.50266	0.9672	0.56668
R-HSA-429958	13	-0.0006699	0.5014	0.97653	mRNA decay by 3' to 5' exoribonuclease	0.49383	0.9672	0.62635
R-HSA-9024446	40	-0.00075058	0.50185	0.97653	NR1H2 and NR1H3-mediated signaling	0.49368	0.9672	0.60762
R-HSA-9013695	18	-0.0021751	0.5034	0.97653	NOTCH4 Intracellular Domain Regulates Transcription	0.51609	0.9672	0.62522
R-HSA-5693607	55	-0.0011824	0.50397	0.97653	Processing of DNA double-strand break ends	0.50613	0.9672	0.71283
R-HSA-9679506	353	-0.00055734	0.50429	0.97653	SARS-CoV Infections	0.47585	0.9616	0.31442
R-HSA-9979719	76	-0.0011394	0.50449	0.97653	Processing of antigen in germinal center B cells	0.49067	0.9672	0.3815
R-HSA-1236977	10	-0.0035363	0.50465	0.97653	Endosomal/Vacuolar pathway	0.47151	0.9616	0.51169
R-HSA-5693579	38	-0.0017196	0.50471	0.97653	Homologous DNA Pairing and Strand Exchange	0.52534	0.9672	0.58964
R-HSA-69273	21	-0.0044901	0.5086	0.97653	Cyclin A/B1/B2 associated events during G2/M transition	0.50215	0.9672	0.59382
R-HSA-9664433	64	-0.0027054	0.50893	0.97653	Leishmania parasite growth and survival	0.50058	0.9672	0.61518
R-HSA-9662851	64	-0.0027054	0.50893	0.97653	Anti-inflammatory response favouring Leishmania parasite infection	0.50058	0.9672	0.61518
R-HSA-2586552	10	-0.007329	0.51007	0.97653	Signaling by Leptin	0.5098	0.9672	0.33908
R-HSA-109704	34	-0.0046673	0.512	0.97653	PI3K Cascade	0.53845	0.9672	0.52356
R-HSA-8936459	32	-0.0051684	0.5124	0.97653	RUNX1 regulates genes involved in megakaryocyte differentiation and platelet function	0.53019	0.9672	0.79464
R-HSA-8964539	10	-0.010531	0.51503	0.97653	Glutamate and glutamine metabolism	0.52426	0.9672	0.49094
R-HSA-975577	15	-0.010449	0.51558	0.97653	N-Glycan antennae elongation	0.52673	0.9672	0.51094
R-HSA-418889	9	-0.012571	0.51576	0.97653	Caspase activation via Dependence Receptors in the absence of ligand	0.53156	0.9672	0.67662
R-HSA-937042	9	-0.011788	0.51632	0.97653	IRAK2 mediated activation of TAK1 complex	0.48579	0.9661	0.4834
R-HSA-109606	51	-0.0056414	0.51642	0.97653	Intrinsic Pathway for Apoptosis	0.51957	0.9672	0.4138
R-HSA-975576	23	-0.0089038	0.51655	0.97653	N-glycan antennae elongation in the medial/trans-Golgi	0.53488	0.9672	0.34696
R-HSA-175474	16	-0.01031	0.51686	0.97653	Assembly Of The HIV Virion	0.49137	0.9672	0.4609
R-HSA-8963901	4	-0.022384	0.51756	0.97653	Chylomicron remodeling	0.47832	0.96331	0.40972
R-HSA-5620922	22	-0.0081662	0.51893	0.97653	BBSome-mediated cargo-targeting to cilium	0.55278	0.9672	0.60581
R-HSA-5467337	13	-0.012662	0.51897	0.97653	APC truncation mutants have impaired AXIN binding	0.52894	0.9672	0.44186
R-HSA-4839748	13	-0.012662	0.51897	0.97653	Signaling by AMER1 mutants	0.52894	0.9672	0.44186
R-HSA-4839735	13	-0.012662	0.51897	0.97653	Signaling by AXIN mutants	0.52894	0.9672	0.44186
R-HSA-4839744	13	-0.012662	0.51897	0.97653	Signaling by APC mutants	0.52894	0.9672	0.44186
R-HSA-5467340	13	-0.012662	0.51897	0.97653	AXIN missense mutants destabilize the destruction complex	0.52894	0.9672	0.44186
R-HSA-5467348	13	-0.012662	0.51897	0.97653	Truncations of AMER1 destabilize the destruction complex	0.52894	0.9672	0.44186
R-HSA-2168880	8	-0.01515	0.51898	0.97653	Scavenging of heme from plasma	0.48595	0.9661	0.56468
R-HSA-350054	24	-0.010943	0.51961	0.97653	Notch-HLH transcription pathway	0.51219	0.9672	0.52435
R-HSA-2559584	11	-0.016326	0.51983	0.97653	Formation of Senescence-Associated Heterochromatin Foci (SAHF)	0.52852	0.9672	0.66795
R-HSA-75035	13	-0.011266	0.51997	0.97653	Chk1/Chk2(Cds1) mediated inactivation of Cyclin B:Cdk1 complex	0.52976	0.9672	0.51985
R-HSA-9836573	9	-0.018734	0.52016	0.97653	Mitochondrial RNA degradation	0.51003	0.9672	0.6125
R-HSA-5339562	28	-0.010342	0.52066	0.97653	Uptake and actions of bacterial toxins	0.50162	0.9672	0.40825
R-HSA-174430	11	-0.015994	0.52192	0.97653	Telomere C-strand synthesis initiation	0.54369	0.9672	0.39702
R-HSA-5576892	28	-0.010699	0.52297	0.97653	Phase 0 - rapid depolarisation	0.50061	0.9672	0.36655
R-HSA-5693571	29	-0.0098241	0.52328	0.97653	Nonhomologous End-Joining (NHEJ)	0.52568	0.9672	0.50032
R-HSA-69473	53	-0.0072234	0.52389	0.97653	G2/M DNA damage checkpoint	0.54068	0.9672	0.67791
R-HSA-430039	15	-0.014423	0.52453	0.97653	mRNA decay by 5' to 3' exoribonuclease	0.53063	0.9672	0.63247
R-HSA-9696270	37	-0.01045	0.52722	0.97653	RND2 GTPase cycle	0.53739	0.9672	0.65919
R-HSA-167158	31	-0.010407	0.52739	0.97653	Formation of the HIV-1 Early Elongation Complex	0.51785	0.9672	0.79118
R-HSA-113418	31	-0.010407	0.52739	0.97653	Formation of the Early Elongation Complex	0.51785	0.9672	0.79118
R-HSA-372708	11	-0.017078	0.52757	0.97653	p130Cas linkage to MAPK signaling for integrins	0.54924	0.9672	0.62628
R-HSA-3108214	67	-0.0082281	0.52842	0.97653	SUMOylation of DNA damage response and repair proteins	0.53549	0.9672	0.35478
R-HSA-9827857	8	-0.024351	0.5285	0.97653	Specification of primordial germ cells	0.52	0.9672	0.48097
R-HSA-6791312	43	-0.010496	0.5295	0.97653	TP53 Regulates Transcription of Cell Cycle Genes	0.54484	0.9672	0.67665
R-HSA-9660821	38	-0.011878	0.52956	0.97653	ADORA2B mediated anti-inflammatory cytokines production	0.52864	0.9672	0.48943
R-HSA-9918487	79	-0.0076517	0.53039	0.97653	Dengue Virus Genome Translation and Replication	0.49205	0.9672	0.48823
R-HSA-549127	12	-0.023641	0.53155	0.97653	SLC-mediated transport of organic cations	0.5266	0.9672	0.7313
R-HSA-2197563	10	-0.024527	0.53197	0.97653	NOTCH2 intracellular domain regulates transcription	0.55255	0.9672	0.45301
R-HSA-8963888	6	-0.03253	0.5329	0.97653	Chylomicron assembly	0.50632	0.9672	0.43511
R-HSA-432720	32	-0.014254	0.53309	0.97653	Lysosome Vesicle Biogenesis	0.54457	0.9672	0.56484
R-HSA-674695	70	-0.0089172	0.53333	0.97653	RNA Polymerase II Pre-transcription Events	0.54153	0.9672	0.83074
R-HSA-9609523	18	-0.016616	0.53335	0.97653	Insertion of tail-anchored proteins into the endoplasmic reticulum membrane	0.53601	0.9672	0.83897
R-HSA-211976	20	-0.019191	0.53486	0.97653	Endogenous sterols	0.52301	0.9672	0.48109
R-HSA-380287	73	-0.0087365	0.53511	0.97653	Centrosome maturation	0.55495	0.9672	0.26091
R-HSA-380270	73	-0.0087365	0.53511	0.97653	Recruitment of mitotic centrosome proteins and complexes	0.55495	0.9672	0.26091
R-HSA-1592230	64	-0.011331	0.53665	0.97653	Mitochondrial biogenesis	0.53255	0.9672	0.41481
R-HSA-5362517	31	-0.016812	0.53715	0.97653	Signaling by Retinoic Acid	0.53878	0.9672	0.43163
R-HSA-76046	34	-0.015907	0.53751	0.97653	RNA Polymerase III Transcription Initiation	0.52661	0.9672	0.60045
R-HSA-5218859	47	-0.014538	0.5377	0.97653	Regulated Necrosis	0.51676	0.9672	0.53402
R-HSA-170660	10	-0.031604	0.538	0.97653	Adenylate cyclase activating pathway	0.53039	0.9672	0.63385
R-HSA-9772755	36	-0.01621	0.53891	0.97653	Formation of WDR5-containing histone-modifying complexes	0.56946	0.9672	0.869
R-HSA-9619483	21	-0.019836	0.53902	0.97653	Activation of AMPK downstream of NMDARs	0.52059	0.9672	0.18392
R-HSA-73929	15	-0.021764	0.53929	0.97653	Base-Excision Repair, AP Site Formation	0.55283	0.9672	0.40712
R-HSA-5625900	19	-0.021041	0.53973	0.97653	RHO GTPases activate CIT	0.55929	0.9672	0.45437
R-HSA-9709570	31	-0.016868	0.54061	0.97653	Impaired BRCA2 binding to RAD51	0.55844	0.9672	0.68003
R-HSA-111471	17	-0.024254	0.54185	0.97653	Apoptotic factor-mediated response	0.55215	0.9672	0.62092
R-HSA-5358606	13	-0.028263	0.54213	0.97653	Mismatch repair (MMR) directed by MSH2:MSH3 (MutSbeta)	0.53332	0.9672	0.69954
R-HSA-71384	6	-0.044456	0.54442	0.97653	Ethanol oxidation	0.53228	0.9672	0.33726
R-HSA-164952	25	-0.01975	0.54488	0.97653	The role of Nef in HIV-1 replication and disease pathogenesis	0.54104	0.9672	0.46841
R-HSA-9705683	162	-0.0093486	0.54865	0.97653	SARS-CoV-2-host interactions	0.51053	0.9672	0.44984
R-HSA-199220	17	-0.025501	0.54893	0.97653	Vitamin B5 (pantothenate) metabolism	0.56304	0.9672	0.44477
R-HSA-165159	47	-0.018246	0.54951	0.97653	MTOR signalling	0.54782	0.9672	0.46939
R-HSA-5689877	10	-0.048558	0.55046	0.97653	Josephin domain DUBs	0.50901	0.9672	0.56275
R-HSA-9670095	18	-0.025761	0.5509	0.97653	Inhibition of DNA recombination at telomere	0.53849	0.9672	0.56796
R-HSA-983168	264	-0.0072277	0.55212	0.97653	Antigen processing: Ubiquitination & Proteasome degradation	0.57271	0.9672	0.51985
R-HSA-74217	10	-0.04008	0.55225	0.97653	Purine salvage	0.54462	0.9672	0.5803
R-HSA-6799198	55	-0.01676	0.55284	0.97653	Complex I biogenesis	0.50019	0.9672	0.33836
R-HSA-8866652	26	-0.02449	0.55366	0.97653	Synthesis of active ubiquitin: roles of E1 and E2 enzymes	0.54516	0.9672	0.74263
R-HSA-877300	77	-0.016845	0.55457	0.97653	Interferon gamma signaling	0.55224	0.9672	0.25466
R-HSA-9634638	21	-0.029437	0.55527	0.97653	Estrogen-dependent nuclear events downstream of ESR-membrane signaling	0.56837	0.9672	0.5456
R-HSA-73886	76	-0.013747	0.55651	0.97653	Chromosome Maintenance	0.5318	0.9672	0.59703
R-HSA-5656121	17	-0.031418	0.55659	0.97653	Translesion synthesis by POLI	0.54475	0.9672	0.75548
R-HSA-9634600	10	-0.041806	0.55709	0.97653	Regulation of glycolysis by fructose 2,6-bisphosphate metabolism	0.58254	0.9672	0.4305
R-HSA-6803529	23	-0.025017	0.55748	0.97653	FGFR2 alternative splicing	0.53056	0.9672	0.57229
R-HSA-9013507	25	-0.027208	0.55759	0.97653	NOTCH3 Activation and Transmission of Signal to the Nucleus	0.54082	0.9672	0.605
R-HSA-3899300	40	-0.021292	0.55826	0.97653	SUMOylation of transcription cofactors	0.55566	0.9672	0.54116
R-HSA-9701193	21	-0.029941	0.55837	0.97653	Defective homologous recombination repair (HRR) due to PALB2 loss of function	0.57844	0.9672	0.39237
R-HSA-9701192	21	-0.029941	0.55837	0.97653	Defective homologous recombination repair (HRR) due to BRCA1 loss of function	0.57844	0.9672	0.39237
R-HSA-9704331	21	-0.029941	0.55837	0.97653	Defective HDR through Homologous Recombination Repair (HRR) due to PALB2 loss of BRCA1 binding function	0.57844	0.9672	0.39237
R-HSA-9709603	21	-0.029941	0.55837	0.97653	Impaired BRCA2 binding to PALB2	0.57844	0.9672	0.39237
R-HSA-9704646	21	-0.029941	0.55837	0.97653	Defective HDR through Homologous Recombination Repair (HRR) due to PALB2 loss of BRCA2/RAD51/RAD51C binding function	0.57844	0.9672	0.39237
R-HSA-9634815	31	-0.02334	0.55841	0.97653	Transcriptional Regulation by NPAS4	0.59934	0.96772	0.5269
R-HSA-2022928	26	-0.028898	0.55856	0.97653	HS-GAG biosynthesis	0.5612	0.9672	0.61243
R-HSA-167044	20	-0.035421	0.55886	0.97653	Signalling to RAS	0.57409	0.9672	0.549
R-HSA-9702518	10	-0.054871	0.55947	0.97653	STAT5 activation downstream of FLT3 ITD mutants	0.55494	0.9672	0.51289
R-HSA-1538133	21	-0.028454	0.55985	0.97653	G0 and Early G1	0.55441	0.9672	0.80451
R-HSA-1251985	31	-0.024112	0.56193	0.97653	Nuclear signaling by ERBB4	0.55376	0.9672	0.66599
R-HSA-111465	32	-0.026012	0.56233	0.97653	Apoptotic cleavage of cellular proteins	0.58404	0.9672	0.67083
R-HSA-68884	9	-0.056111	0.56236	0.97653	Mitotic Telophase/Cytokinesis	0.57163	0.9672	0.45259
R-HSA-9646399	33	-0.023393	0.563	0.97653	Aggrephagy	0.53201	0.9672	0.26132
R-HSA-5696397	25	-0.02974	0.5634	0.97653	Gap-filling DNA repair synthesis and ligation in GG-NER	0.53608	0.9672	0.8119
R-HSA-9953170	12	-0.049632	0.56459	0.97653	GBP-mediated host defense	0.56345	0.9672	0.24235
R-HSA-8875656	10	-0.043263	0.56469	0.97653	MET receptor recycling	0.57256	0.9672	0.47669
R-HSA-5685938	35	-0.025642	0.56509	0.97653	HDR through Single Strand Annealing (SSA)	0.58162	0.9672	0.6736
R-HSA-198933	67	-0.020542	0.5658	0.97653	Immunoregulatory interactions between a Lymphoid and a non-Lymphoid cell	0.5366	0.9672	0.56058
R-HSA-114608	93	-0.017125	0.56668	0.97653	Platelet degranulation	0.53508	0.9672	0.67718
R-HSA-110314	28	-0.029505	0.56688	0.97653	Recognition of DNA damage by PCNA-containing replication complex	0.55516	0.9672	0.90415
R-HSA-419812	7	-0.06566	0.56784	0.97653	Calcitonin-like ligand receptors	0.53809	0.9672	0.43377
R-HSA-2160916	13	-0.047376	0.5679	0.97653	Hyaluronan degradation	0.56357	0.9672	0.38927
R-HSA-2029481	9	-0.053299	0.56819	0.97653	FCGR activation	0.5506	0.9672	0.64648
R-HSA-9018519	83	-0.017621	0.5693	0.97653	Estrogen-dependent gene expression	0.53786	0.9672	0.61365
R-HSA-8931838	14	-0.052251	0.56941	0.97653	DAG1 glycosylations	0.5884	0.9672	0.60287
R-HSA-9818027	18	-0.033906	0.56946	0.97653	NFE2L2 regulating anti-oxidant/detoxification enzymes	0.58289	0.9672	0.60259
R-HSA-5696400	39	-0.026523	0.57093	0.97653	Dual Incision in GG-NER	0.56317	0.9672	0.84091
R-HSA-9710421	10	-0.052177	0.57261	0.97653	Defective pyroptosis	0.59084	0.9672	0.53986
R-HSA-5633007	144	-0.014119	0.57274	0.97653	Regulation of TP53 Activity	0.59825	0.96772	0.56328
R-HSA-373753	18	-0.038152	0.57288	0.97653	Nephrin family interactions	0.58238	0.9672	0.55611
R-HSA-162658	12	-0.045259	0.57332	0.97653	Golgi Cisternae Pericentriolar Stack Reorganization	0.57428	0.9672	0.52983
R-HSA-2129379	30	-0.033421	0.57333	0.97653	Molecules associated with elastic fibres	0.5336	0.9672	0.7572
R-HSA-76005	98	-0.018594	0.57381	0.97653	Response to elevated platelet cytosolic Ca2+	0.53898	0.9672	0.68284
R-HSA-164938	18	-0.03709	0.57411	0.97653	Nef-mediates down modulation of cell surface receptors by recruiting them to clathrin adapters	0.57471	0.9672	0.60484
R-HSA-9662360	52	-0.024658	0.57472	0.97653	Sensory processing of sound by inner hair cells of the cochlea	0.55805	0.9672	0.3393
R-HSA-1221632	27	-0.031406	0.57511	0.97653	Meiotic synapsis	0.57927	0.9672	0.45869
R-HSA-5621575	17	-0.043216	0.57616	0.97653	CD209 (DC-SIGN) signaling	0.61425	0.96845	0.69357
R-HSA-8854691	16	-0.043825	0.57691	0.97653	Interleukin-20 family signaling	0.56562	0.9672	0.57729
R-HSA-9976102	65	-0.024028	0.57724	0.97653	Differentiation of naive CD4+ T cells to T helper 2 cells (Th2 cells)	0.59707	0.96772	0.68492
R-HSA-5223345	16	-0.049631	0.57752	0.97653	Miscellaneous transport and binding events	0.59947	0.96772	0.61491
R-HSA-9615017	22	-0.0438	0.57795	0.97653	FOXO-mediated transcription of oxidative stress, metabolic and neuronal genes	0.57278	0.9672	0.56311
R-HSA-9839383	10	-0.058503	0.57855	0.97653	TGFBR3 PTM regulation	0.57634	0.9672	0.72924
R-HSA-8964058	7	-0.076021	0.57914	0.97653	HDL remodeling	0.54488	0.9672	0.67519
R-HSA-9943965	34	-0.031169	0.57957	0.97653	CHD3, CHD4, CHD5 subfamily	0.59514	0.96724	0.52838
R-HSA-390471	34	-0.032255	0.58019	0.97653	Association of TriC/CCT with target proteins during biosynthesis	0.57671	0.9672	0.34684
R-HSA-2142691	10	-0.056873	0.58085	0.97653	Synthesis of Leukotrienes (LT) and Eoxins (EX)	0.57888	0.9672	0.84574
R-HSA-927802	104	-0.020871	0.58287	0.97653	Nonsense-Mediated Decay (NMD)	0.50033	0.9672	0.7276
R-HSA-975957	104	-0.020871	0.58287	0.97653	Nonsense Mediated Decay (NMD) enhanced by the Exon Junction Complex (EJC)	0.50033	0.9672	0.7276
R-HSA-163615	17	-0.051097	0.58319	0.97653	PKA activation	0.5814	0.9672	0.58053
R-HSA-193639	14	-0.053172	0.58349	0.97653	p75NTR signals via NF-kB	0.54816	0.9672	0.69548
R-HSA-6807505	68	-0.022784	0.58376	0.97653	RNA polymerase II transcribes snRNA genes	0.58626	0.9672	0.35496
R-HSA-112399	38	-0.031399	0.58409	0.97653	IRS-mediated signalling	0.60929	0.96845	0.59758
R-HSA-2672351	83	-0.021701	0.58414	0.97653	Stimuli-sensing channels	0.55519	0.9672	0.43549
R-HSA-73980	21	-0.043028	0.58506	0.97653	RNA Polymerase III Transcription Termination	0.56945	0.9672	0.76956
R-HSA-416476	157	-0.016617	0.58535	0.97653	G alpha (q) signalling events	0.55356	0.9672	0.72421
R-HSA-1912422	45	-0.030791	0.58571	0.97653	Pre-NOTCH Expression and Processing	0.58131	0.9672	0.72184
R-HSA-163359	30	-0.037931	0.58592	0.97653	Glucagon signaling in metabolic regulation	0.57829	0.9672	0.60395
R-HSA-69236	41	-0.030617	0.58636	0.97653	G1 Phase	0.57685	0.9672	0.72794
R-HSA-69231	41	-0.030617	0.58636	0.97653	Cyclin D associated events in G1	0.57685	0.9672	0.72794
R-HSA-5693616	35	-0.033883	0.58685	0.97653	Presynaptic phase of homologous DNA pairing and strand exchange	0.60788	0.96845	0.68502
R-HSA-72165	47	-0.026536	0.5872	0.97653	mRNA Splicing - Minor Pathway	0.58064	0.9672	0.74932
R-HSA-9012999	389	-0.010759	0.58773	0.97653	RHO GTPase cycle	0.58364	0.9672	0.59259
R-HSA-190322	7	-0.070145	0.58838	0.97653	FGFR4 ligand binding and activation	0.57717	0.9672	0.56901
R-HSA-174490	14	-0.060049	0.5889	0.97653	Membrane binding and targetting of GAG proteins	0.57395	0.9672	0.58533
R-HSA-174495	14	-0.060049	0.5889	0.97653	Synthesis And Processing Of GAG, GAGPOL Polyproteins	0.57395	0.9672	0.58533
R-HSA-70221	12	-0.057979	0.58891	0.97653	Glycogen breakdown (glycogenolysis)	0.57658	0.9672	0.66579
R-HSA-72695	46	-0.034212	0.58951	0.97653	Formation of the ternary complex, and subsequently, the 43S complex	0.52855	0.9672	0.66122
R-HSA-2559580	57	-0.028661	0.59016	0.97653	Oxidative Stress Induced Senescence	0.57394	0.9672	0.56847
R-HSA-5250913	42	-0.031866	0.59032	0.97653	Positive epigenetic regulation of rRNA expression	0.5913	0.9672	0.42503
R-HSA-9006115	24	-0.044595	0.59043	0.97653	Signaling by NTRK2 (TRKB)	0.61346	0.96845	0.46568
R-HSA-3134975	11	-0.079119	0.59058	0.97653	Regulation of innate immune responses to cytosolic DNA	0.54635	0.9672	0.65961
R-HSA-9009391	67	-0.027981	0.59062	0.97653	Extra-nuclear estrogen signaling	0.60301	0.96845	0.48107
R-HSA-83936	9	-0.060486	0.59123	0.97653	Transport of nucleosides and free purine and pyrimidine bases across the plasma membrane	0.5937	0.9672	0.61811
R-HSA-166208	21	-0.055087	0.59173	0.97653	mTORC1-mediated signalling	0.59444	0.9672	0.60022
R-HSA-9694516	249	-0.014641	0.5935	0.9766	SARS-CoV-2 Infection	0.56311	0.9672	0.3757
R-HSA-180786	45	-0.029361	0.59488	0.9766	Extension of Telomeres	0.58211	0.9672	0.58941
R-HSA-9954716	88	-0.025497	0.5949	0.9766	ZNF598 and the Ribosome-associated Quality Trigger (RQT) complex dissociate a ribosome stalled on a no-go mRNA	0.49042	0.9672	0.62044
R-HSA-445989	38	-0.036279	0.59552	0.9766	TAK1-dependent IKK and NF-kappa-B activation	0.58649	0.9672	0.61936
R-HSA-399954	14	-0.065191	0.59563	0.9766	Sema3A PAK dependent Axon repulsion	0.57006	0.9672	0.66276
R-HSA-8848021	51	-0.03357	0.59614	0.9766	Signaling by PTK6	0.59455	0.9672	0.54659
R-HSA-9006927	51	-0.03357	0.59614	0.9766	Signaling by Non-Receptor Tyrosine Kinases	0.59455	0.9672	0.54659
R-HSA-6783589	18	-0.057705	0.59641	0.9766	Interleukin-6 family signaling	0.55455	0.9672	0.45779
R-HSA-8856688	119	-0.019628	0.59728	0.9766	Golgi-to-ER retrograde transport	0.5816	0.9672	0.53416
R-HSA-3295583	23	-0.04997	0.59931	0.9766	TRP channels	0.5826	0.9672	0.42541
R-HSA-1296059	27	-0.050786	0.59943	0.9766	G protein gated Potassium channels	0.59065	0.9672	0.60411
R-HSA-997272	27	-0.050786	0.59943	0.9766	Inhibition  of voltage gated Ca2+ channels via Gbeta/gamma subunits	0.59065	0.9672	0.60411
R-HSA-1296041	27	-0.050786	0.59943	0.9766	Activation of G protein gated Potassium channels	0.59065	0.9672	0.60411
R-HSA-9694631	15	-0.056632	0.59997	0.9766	Maturation of nucleoprotein_9694631	0.58945	0.9672	0.32874
R-HSA-8873719	50	-0.03734	0.60107	0.9766	RAB geranylgeranylation	0.61245	0.96845	0.38884
R-HSA-5620920	59	-0.029032	0.60142	0.9766	Cargo trafficking to the periciliary membrane	0.61594	0.96845	0.44195
R-HSA-1679131	10	-0.063638	0.60176	0.9766	Trafficking and processing of endosomal TLR	0.58403	0.9672	0.66916
R-HSA-9933946	19	-0.05239	0.60204	0.9766	Formation of the embryonic stem cell BAF (esBAF) complex	0.60761	0.96845	0.63814
R-HSA-9613829	18	-0.048631	0.6036	0.97717	Chaperone Mediated Autophagy	0.56045	0.9672	0.54067
R-HSA-9754678	45	-0.042117	0.60393	0.97717	SARS-CoV-2 modulates host translation machinery	0.55076	0.9672	0.54092
R-HSA-397795	29	-0.047397	0.6041	0.97717	G-protein beta:gamma signalling	0.62167	0.96845	0.46292
R-HSA-1059683	10	-0.081739	0.60508	0.97732	Interleukin-6 signaling	0.58766	0.9672	0.45273
R-HSA-2029480	77	-0.029559	0.60791	0.97732	Fcgamma receptor (FCGR) dependent phagocytosis	0.60989	0.96845	0.50498
R-HSA-451927	33	-0.049003	0.60947	0.97732	Interleukin-2 family signaling	0.61446	0.96845	0.72818
R-HSA-194068	35	-0.042866	0.6098	0.97732	Bile acid and bile salt metabolism	0.6208	0.96845	0.61706
R-HSA-110328	14	-0.063571	0.60994	0.97732	Recognition and association of DNA glycosylase with site containing an affected pyrimidine	0.62254	0.96845	0.46459
R-HSA-110329	14	-0.063571	0.60994	0.97732	Cleavage of the damaged pyrimidine	0.62254	0.96845	0.46459
R-HSA-73928	14	-0.063571	0.60994	0.97732	Depyrimidination	0.62254	0.96845	0.46459
R-HSA-71387	246	-0.017304	0.61012	0.97732	Metabolism of carbohydrates and carbohydrate derivatives	0.59334	0.9672	0.32408
R-HSA-1500620	49	-0.03776	0.61167	0.97732	Meiosis	0.61186	0.96845	0.39634
R-HSA-9680350	30	-0.050638	0.61329	0.97732	Signaling by CSF1 (M-CSF) in myeloid cells	0.60644	0.96845	0.70912
R-HSA-9020558	9	-0.11401	0.61359	0.97732	Interleukin-2 signaling	0.60604	0.96845	0.50879
R-HSA-8963899	19	-0.063647	0.61398	0.97732	Plasma lipoprotein remodeling	0.59655	0.96772	0.71535
R-HSA-375165	56	-0.037913	0.61422	0.97732	NCAM signaling for neurite out-growth	0.61783	0.96845	0.37243
R-HSA-168928	62	-0.03201	0.61435	0.97732	DDX58/IFIH1-mediated induction of interferon-alpha/beta	0.58837	0.9672	0.68414
R-HSA-2214320	12	-0.084907	0.6152	0.97732	Anchoring fibril formation	0.59116	0.9672	0.62329
R-HSA-2022923	10	-0.081732	0.61788	0.97732	DS-GAG biosynthesis	0.62381	0.96845	0.59394
R-HSA-199418	101	-0.02856	0.61837	0.97732	Negative regulation of the PI3K/AKT network	0.62366	0.96845	0.55125
R-HSA-1266695	18	-0.064814	0.61893	0.97732	Interleukin-7 signaling	0.61576	0.96845	0.67323
R-HSA-8851708	18	-0.055932	0.6194	0.97732	Signaling by FGFR2 IIIa TM	0.59302	0.9672	0.6501
R-HSA-917729	29	-0.060749	0.62004	0.97732	Endosomal Sorting Complex Required For Transport (ESCRT)	0.61844	0.96845	0.6776
R-HSA-5358751	14	-0.07923	0.62044	0.97732	CTNNB1 S45 mutants aren't phosphorylated	0.62706	0.96845	0.57281
R-HSA-5358747	14	-0.07923	0.62044	0.97732	CTNNB1 S33 mutants aren't phosphorylated	0.62706	0.96845	0.57281
R-HSA-5358749	14	-0.07923	0.62044	0.97732	CTNNB1 S37 mutants aren't phosphorylated	0.62706	0.96845	0.57281
R-HSA-5358752	14	-0.07923	0.62044	0.97732	CTNNB1 T41 mutants aren't phosphorylated	0.62706	0.96845	0.57281
R-HSA-4839743	14	-0.07923	0.62044	0.97732	Signaling by CTNNB1 phospho-site mutants	0.62706	0.96845	0.57281
R-HSA-5339716	14	-0.07923	0.62044	0.97732	Signaling by GSK3beta mutants	0.62706	0.96845	0.57281
R-HSA-418597	45	-0.045026	0.62054	0.97732	G alpha (z) signalling events	0.61078	0.96845	0.66835
R-HSA-111931	18	-0.071629	0.62066	0.97732	PKA-mediated phosphorylation of CREB	0.61961	0.96845	0.601
R-HSA-9854311	16	-0.069091	0.62101	0.97732	Maturation of TCA enzymes and regulation of TCA cycle	0.60564	0.96845	0.41953
R-HSA-181429	16	-0.065498	0.62131	0.97732	Serotonin Neurotransmitter Release Cycle	0.65336	0.9755	0.4512
R-HSA-936440	33	-0.046932	0.62299	0.97836	Negative regulators of DDX58/IFIH1 signaling	0.59995	0.96772	0.51963
R-HSA-8876198	79	-0.034579	0.62385	0.97836	RAB GEFs exchange GTP for GDP on RABs	0.62842	0.96893	0.64337
R-HSA-9856532	16	-0.071907	0.6265	0.97836	Mechanical load activates signaling by PIEZO1 and integrins in osteocytes	0.6266	0.96845	0.53107
R-HSA-9938024	146	-0.023486	0.62714	0.97836	Somatic hypermutation of immunoglobulin genes	0.64896	0.9755	0.90856
R-HSA-9633012	91	-0.035157	0.62926	0.97836	Response of EIF2AK4 (GCN2) to amino acid deficiency	0.5392	0.9672	0.68304
R-HSA-1855183	12	-0.093013	0.63021	0.97836	Synthesis of IP2, IP, and Ins in the cytosol	0.6198	0.96845	0.64771
R-HSA-909733	58	-0.044938	0.63265	0.97836	Interferon alpha/beta signaling	0.61313	0.96845	0.70789
R-HSA-1362277	16	-0.077582	0.63336	0.97836	Transcription of E2F targets under negative control by DREAM complex	0.62933	0.96946	0.79132
R-HSA-9820952	89	-0.03345	0.63382	0.97836	Respiratory Syncytial Virus Infection Pathway	0.60441	0.96845	0.7091
R-HSA-5357769	23	-0.074793	0.63404	0.97836	Caspase activation via extrinsic apoptotic signalling pathway	0.65159	0.9755	0.62337
R-HSA-9614399	10	-0.10444	0.63505	0.97836	Regulation of localization of FOXO transcription factors	0.64906	0.9755	0.41282
R-HSA-9856530	64	-0.041634	0.6355	0.97836	High laminar flow shear stress activates signaling by PIEZO1 and PECAM1:CDH5:KDR in endothelial cells	0.64139	0.9755	0.56216
R-HSA-9013418	22	-0.070921	0.63637	0.97836	RHOBTB2 GTPase cycle	0.5904	0.9672	0.45423
R-HSA-9659379	57	-0.043834	0.63651	0.97836	Sensory processing of sound	0.62601	0.96845	0.4201
R-HSA-9692916	39	-0.053502	0.63855	0.97836	SARS-CoV-1 activates/modulates innate immune responses	0.60194	0.96845	0.73474
R-HSA-6796648	55	-0.043141	0.63865	0.97836	TP53 Regulates Transcription of DNA Repair Genes	0.63959	0.9755	0.87107
R-HSA-9834899	11	-0.11394	0.63867	0.97836	Specification of the neural plate border	0.59919	0.96772	0.6043
R-HSA-9639288	47	-0.050801	0.64047	0.97836	Amino acids regulate mTORC1	0.64395	0.9755	0.3295
R-HSA-198323	13	-0.099565	0.64094	0.97836	AKT phosphorylates targets in the cytosol	0.66146	0.9755	0.72046
R-HSA-76071	26	-0.066854	0.64277	0.97836	RNA Polymerase III Transcription Initiation From Type 3 Promoter	0.63388	0.97472	0.78509
R-HSA-9970672	7	-0.11304	0.64285	0.97836	FXIIa activates plasma kallikrein-kinin system	0.65562	0.9755	0.86287
R-HSA-983170	27	-0.068231	0.64352	0.97836	Antigen Presentation: Folding, assembly and peptide loading of class I MHC	0.61168	0.96845	0.59782
R-HSA-2151201	48	-0.052053	0.64379	0.97836	Transcriptional activation of mitochondrial biogenesis	0.64592	0.9755	0.61945
R-HSA-9945266	73	-0.043259	0.6438	0.97836	Differentiation of T cells	0.66516	0.9755	0.75044
R-HSA-8979227	24	-0.073765	0.64456	0.97836	Triglyceride metabolism	0.6413	0.9755	0.3243
R-HSA-1912408	31	-0.065122	0.64459	0.97836	Pre-NOTCH Transcription and Translation	0.63481	0.97475	0.78725
R-HSA-445355	37	-0.05871	0.64468	0.97836	Smooth Muscle Contraction	0.65865	0.9755	0.46047
R-HSA-75153	40	-0.054474	0.64471	0.97836	Apoptotic execution phase	0.66094	0.9755	0.78254
R-HSA-389977	17	-0.079209	0.64533	0.97836	Post-chaperonin tubulin folding pathway	0.63241	0.97333	0.29307
R-HSA-418346	76	-0.043478	0.64546	0.97836	Platelet homeostasis	0.63997	0.9755	0.50951
R-HSA-72187	139	-0.027943	0.64611	0.97836	mRNA 3'-end processing	0.64652	0.9755	0.64807
R-HSA-5627117	19	-0.078419	0.64614	0.97836	RHO GTPases Activate ROCKs	0.66141	0.9755	0.64191
R-HSA-9617629	8	-0.11701	0.64737	0.97836	Regulation of FOXO transcriptional activity by acetylation	0.6618	0.9755	0.75722
R-HSA-912446	23	-0.082661	0.64748	0.97836	Meiotic recombination	0.64234	0.9755	0.44709
R-HSA-167172	60	-0.042082	0.64749	0.97836	Transcription of the HIV genome	0.65148	0.9755	0.88183
R-HSA-512988	40	-0.058906	0.64789	0.97836	Interleukin-3, Interleukin-5 and GM-CSF signaling	0.64854	0.9755	0.83632
R-HSA-189445	18	-0.076037	0.64821	0.97836	Metabolism of porphyrins	0.62498	0.96845	0.66765
R-HSA-1483213	11	-0.11314	0.64964	0.97836	Synthesis of PE	0.64362	0.9755	0.6024
R-HSA-8934903	10	-0.10848	0.64972	0.97836	Receptor Mediated Mitophagy	0.6661	0.9755	0.54811
R-HSA-203615	12	-0.11217	0.64978	0.97836	eNOS activation	0.65762	0.9755	0.4425
R-HSA-445717	41	-0.060567	0.65067	0.97836	Aquaporin-mediated transport	0.63543	0.97475	0.56439
R-HSA-9913351	30	-0.075964	0.65121	0.97836	Formation of the dystrophin-glycoprotein complex (DGC)	0.65991	0.9755	0.55574
R-HSA-8939211	146	-0.030735	0.65134	0.97836	ESR-mediated signaling	0.64103	0.9755	0.61753
R-HSA-1912420	16	-0.086095	0.65137	0.97836	Pre-NOTCH Processing in Golgi	0.65014	0.9755	0.67109
R-HSA-9931510	18	-0.086967	0.65141	0.97836	Phosphorylated BMAL1:CLOCK (ARNTL:CLOCK) activates expression of core clock genes	0.66741	0.9755	0.73018
R-HSA-418360	24	-0.081238	0.65217	0.97836	Platelet calcium homeostasis	0.64535	0.9755	0.61139
R-HSA-189451	10	-0.1105	0.65294	0.97836	Heme biosynthesis	0.62754	0.96845	0.55221
R-HSA-983169	324	-0.020372	0.65369	0.97836	Class I MHC mediated antigen processing & presentation	0.65432	0.9755	0.65223
R-HSA-9696264	38	-0.060042	0.6545	0.97836	RND3 GTPase cycle	0.65699	0.9755	0.79281
R-HSA-913531	275	-0.023204	0.65542	0.97836	Interferon Signaling	0.62399	0.96845	0.3798
R-HSA-9684482	56	-0.056102	0.65787	0.97836	IFIT antiviral response	0.59366	0.9672	0.6652
R-HSA-211981	10	-0.1108	0.65817	0.97836	Xenobiotics	0.67283	0.9755	0.63641
R-HSA-3000178	63	-0.048056	0.65907	0.97836	ECM proteoglycans	0.62246	0.96845	0.32285
R-HSA-9764560	37	-0.06471	0.66159	0.97836	Regulation of CDH1 Gene Transcription	0.67445	0.9755	0.55871
R-HSA-5620971	20	-0.10291	0.66188	0.97836	Pyroptosis	0.65642	0.9755	0.81966
R-HSA-9733458	10	-0.13636	0.66204	0.97836	Induction of Cell-Cell Fusion	0.66115	0.9755	0.6092
R-HSA-2029485	20	-0.085588	0.66261	0.97836	Role of phospholipids in phagocytosis	0.67945	0.9755	0.78485
R-HSA-6803207	12	-0.097128	0.66309	0.97836	TP53 Regulates Transcription of Caspase Activators and Caspases	0.68878	0.9755	0.62621
R-HSA-76066	25	-0.083422	0.66366	0.97836	RNA Polymerase III Transcription Initiation From Type 2 Promoter	0.64939	0.9755	0.6986
R-HSA-8956319	32	-0.065428	0.66416	0.97836	Nucleotide catabolism	0.6612	0.9755	0.58348
R-HSA-1566977	15	-0.10009	0.66472	0.97836	Fibronectin matrix formation	0.6467	0.9755	0.52334
R-HSA-5654716	20	-0.088432	0.66538	0.97836	Downstream signaling of activated FGFR4	0.66896	0.9755	0.62776
R-HSA-75072	5	-0.16926	0.66577	0.97836	mRNA Editing	0.63561	0.97475	0.50183
R-HSA-391160	11	-0.14421	0.66624	0.97836	Signal regulatory protein family interactions	0.6788	0.9755	0.57759
R-HSA-392170	20	-0.098756	0.66744	0.97836	ADP signalling through P2Y purinoceptor 12	0.66403	0.9755	0.57824
R-HSA-140534	14	-0.13008	0.66768	0.97836	Caspase activation via Death Receptors in the presence of ligand	0.67751	0.9755	0.50206
R-HSA-9692914	90	-0.044824	0.66875	0.97836	SARS-CoV-1-host interactions	0.6214	0.96845	0.66595
R-HSA-192105	29	-0.072942	0.67149	0.97836	Synthesis of bile acids and bile salts	0.67455	0.9755	0.68251
R-HSA-5578749	16	-0.08984	0.67164	0.97836	Transcriptional regulation by small RNAs	0.65388	0.9755	0.61357
R-HSA-912694	12	-0.11228	0.67181	0.97836	Regulation of IFNA/IFNB signaling	0.65907	0.9755	0.70806
R-HSA-373080	72	-0.050979	0.67181	0.97836	Class B/2 (Secretin family receptors)	0.64307	0.9755	0.59338
R-HSA-6798695	368	-0.021933	0.67229	0.97836	Neutrophil degranulation	0.64598	0.9755	0.54519
R-HSA-166786	9	-0.15483	0.67296	0.97836	Creation of C4 and C2 activators	0.6871	0.9755	0.53646
R-HSA-202131	16	-0.1164	0.67327	0.97836	Metabolism of nitric oxide: NOS3 activation and regulation	0.67887	0.9755	0.4706
R-HSA-2022854	26	-0.092986	0.67398	0.97836	Keratan sulfate biosynthesis	0.66878	0.9755	0.34502
R-HSA-174403	10	-0.1239	0.67538	0.97836	Glutathione synthesis and recycling	0.66783	0.9755	0.51991
R-HSA-8956321	17	-0.11038	0.67576	0.97836	Nucleotide salvage	0.66876	0.9755	0.61114
R-HSA-2514859	22	-0.080096	0.67602	0.97836	Inactivation, recovery and regulation of the phototransduction cascade	0.67702	0.9755	0.45873
R-HSA-446203	280	-0.024911	0.67625	0.97836	Asparagine N-linked glycosylation	0.65418	0.9755	0.37425
R-HSA-1169408	69	-0.053452	0.67669	0.97836	ISG15 antiviral mechanism	0.66523	0.9755	0.50917
R-HSA-400508	16	-0.1022	0.67753	0.97836	Incretin synthesis, secretion, and inactivation	0.66038	0.9755	0.57611
R-HSA-354194	11	-0.12065	0.67788	0.97836	GRB2:SOS provides linkage to MAPK signaling for Integrins	0.68165	0.9755	0.66503
R-HSA-425397	23	-0.081787	0.67792	0.97836	Transport of vitamins, nucleosides, and related molecules	0.67663	0.9755	0.67749
R-HSA-5654712	15	-0.11071	0.68012	0.97836	FRS-mediated FGFR4 signaling	0.67228	0.9755	0.60255
R-HSA-4655427	14	-0.11216	0.68061	0.97836	SUMOylation of DNA methylation proteins	0.67214	0.9755	0.77514
R-HSA-5693565	38	-0.072019	0.68093	0.97836	Recruitment and ATM-mediated phosphorylation of repair and signaling proteins at DNA double strand breaks	0.67235	0.9755	0.67464
R-HSA-68962	25	-0.086075	0.68266	0.97836	Activation of the pre-replicative complex	0.70075	0.9755	0.67845
R-HSA-6807047	8	-0.16389	0.68276	0.97836	Cholesterol biosynthesis via desmosterol (Bloch pathway)	0.68682	0.9755	0.75693
R-HSA-937072	14	-0.11776	0.68312	0.97836	TRAF6-mediated induction of TAK1 complex within TLR4 complex	0.66515	0.9755	0.71329
R-HSA-193807	9	-0.18473	0.68365	0.97836	Synthesis of bile acids and bile salts via 27-hydroxycholesterol	0.65839	0.9755	0.7223
R-HSA-400042	27	-0.095105	0.68369	0.97836	Adrenaline,noradrenaline inhibits insulin secretion	0.66484	0.9755	0.77917
R-HSA-75892	12	-0.12252	0.6841	0.97836	Platelet Adhesion to exposed collagen	0.67376	0.9755	0.79266
R-HSA-912526	19	-0.11126	0.68423	0.97836	Interleukin receptor SHC signaling	0.70186	0.9755	0.82852
R-HSA-351906	8	-0.17103	0.6844	0.97836	Apoptotic cleavage of cell adhesion  proteins	0.67413	0.9755	0.76901
R-HSA-9711097	138	-0.040864	0.68445	0.97836	Cellular response to starvation	0.61838	0.96845	0.54917
R-HSA-9770562	118	-0.039323	0.68507	0.97836	mRNA Polyadenylation	0.68383	0.9755	0.68226
R-HSA-2408522	95	-0.049708	0.68673	0.97836	Selenoamino acid metabolism	0.59722	0.96772	0.76279
R-HSA-174417	31	-0.080242	0.68768	0.97836	Telomere C-strand (Lagging Strand) Synthesis	0.69716	0.9755	0.6749
R-HSA-416572	20	-0.10691	0.6886	0.97836	Sema4D induced cell migration and growth-cone collapse	0.70367	0.9755	0.68317
R-HSA-112409	20	-0.10413	0.68995	0.97836	RAF-independent MAPK1/3 activation	0.71548	0.9755	0.55149
R-HSA-8856825	90	-0.04989	0.69105	0.97836	Cargo recognition for clathrin-mediated endocytosis	0.66023	0.9755	0.68304
R-HSA-1632852	124	-0.038969	0.69155	0.97836	Macroautophagy	0.68034	0.9755	0.4835
R-HSA-199977	139	-0.037557	0.69161	0.97836	ER to Golgi Anterograde Transport	0.66593	0.9755	0.56805
R-HSA-5654719	13	-0.12769	0.69181	0.97836	SHC-mediated cascade:FGFR4	0.68631	0.9755	0.68751
R-HSA-72203	263	-0.028865	0.69305	0.97836	Processing of Capped Intron-Containing Pre-mRNA	0.69814	0.9755	0.80297
R-HSA-204998	65	-0.056617	0.69318	0.97836	Cell death signalling via NRAGE, NRIF and NADE	0.68227	0.9755	0.81324
R-HSA-74259	16	-0.10797	0.69362	0.97836	Purine catabolism	0.69269	0.9755	0.66258
R-HSA-9663891	76	-0.048846	0.69369	0.97836	Selective autophagy	0.6726	0.9755	0.42528
R-HSA-8964616	18	-0.11354	0.69422	0.97836	G beta:gamma signalling through CDC42	0.6931	0.9755	0.62455
R-HSA-5250924	28	-0.084938	0.69459	0.97836	B-WICH complex positively regulates rRNA expression	0.68898	0.9755	0.55921
R-HSA-451308	9	-0.1901	0.6949	0.97836	Activation of Ca-permeable Kainate Receptor	0.66599	0.9755	0.45076
R-HSA-451306	9	-0.1901	0.6949	0.97836	Ionotropic activity of kainate receptors	0.66599	0.9755	0.45076
R-HSA-157579	57	-0.055023	0.69553	0.97836	Telomere Maintenance	0.67767	0.9755	0.70453
R-HSA-5601884	25	-0.088983	0.69626	0.97836	PIWI-interacting RNA (piRNA) biogenesis	0.67978	0.9755	0.81675
R-HSA-9931509	32	-0.083027	0.69641	0.97836	Expression of BMAL (ARNTL), CLOCK, and NPAS2	0.71953	0.9755	0.69809
R-HSA-918233	13	-0.11801	0.69658	0.97836	TRAF3-dependent IRF activation pathway	0.70174	0.9755	0.83853
R-HSA-9662361	39	-0.079639	0.69771	0.97836	Sensory processing of sound by outer hair cells of the cochlea	0.68767	0.9755	0.44123
R-HSA-73894	286	-0.027872	0.698	0.97836	DNA Repair	0.69684	0.9755	0.85169
R-HSA-2514856	23	-0.085235	0.69842	0.97836	The phototransduction cascade	0.70162	0.9755	0.47993
R-HSA-5655291	10	-0.15425	0.69856	0.97836	Signaling by FGFR4 in disease	0.711	0.9755	0.75717
R-HSA-9769726	11	-0.15133	0.69982	0.97836	Defects of Coagulation cascade	0.68669	0.9755	0.67454
R-HSA-1295596	16	-0.13337	0.70119	0.97836	Spry regulation of FGF signaling	0.69764	0.9755	0.58843
R-HSA-9918481	201	-0.03406	0.70174	0.97836	Dengue Virus-Host Interactions	0.70167	0.9755	0.84615
R-HSA-392518	31	-0.097863	0.70226	0.97836	Signal amplification	0.68655	0.9755	0.61584
R-HSA-73864	45	-0.074274	0.70269	0.97836	RNA Polymerase I Transcription	0.71735	0.9755	0.71472
R-HSA-5654227	9	-0.14678	0.70285	0.97836	Phospholipase C-mediated cascade; FGFR3	0.70056	0.9755	0.76394
R-HSA-9840310	29	-0.096423	0.70431	0.97836	Glycosphingolipid catabolism	0.71841	0.9755	0.88735
R-HSA-73621	11	-0.13395	0.70481	0.97836	Pyrimidine catabolism	0.69676	0.9755	0.65606
R-HSA-2142753	38	-0.084648	0.70488	0.97836	Arachidonate metabolism	0.6971	0.9755	0.76351
R-HSA-9769735	13	-0.15724	0.70501	0.97836	Initiation of coagulation cascade	0.6958	0.9755	0.71899
R-HSA-74751	43	-0.075681	0.70607	0.97836	Insulin receptor signalling cascade	0.73068	0.9755	0.72788
R-HSA-5696399	79	-0.056695	0.70708	0.97836	Global Genome Nucleotide Excision Repair (GG-NER)	0.69144	0.9755	0.85168
R-HSA-76061	26	-0.10802	0.70863	0.97836	RNA Polymerase III Transcription Initiation From Type 1 Promoter	0.69511	0.9755	0.72686
R-HSA-192823	81	-0.062377	0.7087	0.97836	Viral mRNA Translation	0.61077	0.96845	0.71829
R-HSA-9954714	81	-0.063567	0.70877	0.97836	PELO:HBS1L and ABCE1 dissociate a ribosome on a non-stop mRNA	0.60967	0.96845	0.76918
R-HSA-9013148	136	-0.04517	0.71137	0.97836	CDC42 GTPase cycle	0.71998	0.9755	0.63335
R-HSA-8963898	13	-0.15487	0.71284	0.97836	Plasma lipoprotein assembly	0.70686	0.9755	0.64331
R-HSA-8980692	127	-0.047772	0.71295	0.97836	RHOA GTPase cycle	0.71621	0.9755	0.69275
R-HSA-1592389	14	-0.13243	0.71314	0.97836	Activation of Matrix Metalloproteinases	0.70532	0.9755	0.74653
R-HSA-446219	59	-0.067093	0.71342	0.97836	Synthesis of substrates in N-glycan biosythesis	0.72494	0.9755	0.50176
R-HSA-264870	12	-0.14352	0.71419	0.97836	Caspase-mediated cleavage of cytoskeletal proteins	0.73898	0.97826	0.69032
R-HSA-1663150	7	-0.17506	0.71426	0.97836	The activation of arylsulfatases	0.72444	0.9755	0.957
R-HSA-9013408	67	-0.066339	0.71488	0.97836	RHOG GTPase cycle	0.72596	0.9755	0.71643
R-HSA-933542	21	-0.099826	0.7149	0.97836	TRAF6 mediated NF-kB activation	0.70793	0.9755	0.93046
R-HSA-114452	29	-0.10629	0.715	0.97836	Activation of BH3-only proteins	0.71266	0.9755	0.52736
R-HSA-196071	19	-0.13663	0.71521	0.97836	Metabolism of steroid hormones	0.70729	0.9755	0.75315
R-HSA-6785631	15	-0.14056	0.71555	0.97836	ERBB2 Regulates Cell Motility	0.70661	0.9755	0.77725
R-HSA-446193	73	-0.06167	0.71558	0.97836	Biosynthesis of the N-glycan precursor (dolichol lipid-linked oligosaccharide, LLO) and transfer to a nascent protein	0.72097	0.9755	0.4749
R-HSA-72702	53	-0.079894	0.71612	0.97836	Ribosomal scanning and start codon recognition	0.66384	0.9755	0.69299
R-HSA-186763	28	-0.097532	0.71647	0.97836	Downstream signal transduction	0.74779	0.98384	0.65591
R-HSA-389960	20	-0.11722	0.71786	0.97836	Formation of tubulin folding intermediates by CCT/TriC	0.69914	0.9755	0.25267
R-HSA-6804760	18	-0.12176	0.71808	0.97836	Regulation of TP53 Activity through Methylation	0.71804	0.9755	0.69123
R-HSA-9841251	17	-0.13201	0.72024	0.97836	Mitochondrial unfolded protein response (UPRmt)	0.71062	0.9755	0.61023
R-HSA-156842	85	-0.065353	0.72041	0.97836	Eukaryotic Translation Elongation	0.62698	0.96845	0.74009
R-HSA-975163	13	-0.14937	0.72054	0.97836	IRAK2 mediated activation of TAK1 complex upon TLR7/8 or 9 stimulation	0.70058	0.9755	0.67735
R-HSA-9645460	10	-0.16794	0.72072	0.97836	Alpha-protein kinase 1 signaling pathway	0.69337	0.9755	0.68956
R-HSA-176974	9	-0.17045	0.72103	0.97836	Unwinding of DNA	0.74348	0.98119	0.74296
R-HSA-191273	22	-0.11714	0.72189	0.97836	Cholesterol biosynthesis	0.69256	0.9755	0.85705
R-HSA-1181150	15	-0.14567	0.72238	0.97836	Signaling by NODAL	0.7297	0.9755	0.8377
R-HSA-446353	16	-0.1362	0.72297	0.97836	Cell-extracellular matrix interactions	0.71944	0.9755	0.68072
R-HSA-2485179	6	-0.15694	0.72318	0.97836	Activation of the phototransduction cascade	0.71257	0.9755	0.52618
R-HSA-2468052	6	-0.24156	0.72336	0.97836	Establishment of Sister Chromatid Cohesion	0.73042	0.9755	0.55538
R-HSA-1236394	56	-0.073049	0.72338	0.97836	Signaling by ERBB4	0.70815	0.9755	0.76309
R-HSA-8851805	11	-0.18745	0.72355	0.97836	MET activates RAS signaling	0.72932	0.9755	0.63619
R-HSA-9942503	8	-0.22603	0.72379	0.97836	Differentiation of naive CD4+ T cells to T helper 1 cells (Th1 cells)	0.73393	0.9761	0.75963
R-HSA-156580	58	-0.073036	0.72486	0.97836	Phase II - Conjugation of compounds	0.70443	0.9755	0.52228
R-HSA-442660	17	-0.15154	0.72529	0.97836	SLC-mediated transport of neurotransmitters	0.71433	0.9755	0.69739
R-HSA-9956593	13	-0.18517	0.72571	0.97836	Enterobacterial factors antagonize host defense	0.69757	0.9755	0.58959
R-HSA-933543	11	-0.15898	0.72588	0.97836	NF-kB activation through FADD/RIP-1 pathway mediated by caspase-8 and -10	0.72451	0.9755	0.75676
R-HSA-75067	28	-0.11306	0.72665	0.97836	Processing of Capped Intronless Pre-mRNA	0.73805	0.97826	0.58884
R-HSA-73856	28	-0.11306	0.72665	0.97836	RNA Polymerase II Transcription Termination	0.73805	0.97826	0.58884
R-HSA-390450	10	-0.17862	0.72668	0.97836	Folding of actin by CCT/TriC	0.71269	0.9755	0.46231
R-HSA-1638091	32	-0.10678	0.72687	0.97836	Heparan sulfate/heparin (HS-GAG) metabolism	0.71906	0.9755	0.75
R-HSA-72766	308	-0.032662	0.72804	0.97836	Translation	0.63703	0.9755	0.67506
R-HSA-5696395	39	-0.089008	0.72856	0.97836	Formation of Incision Complex in GG-NER	0.72275	0.9755	0.79731
R-HSA-9014325	10	-0.16468	0.72893	0.97836	TICAM1,TRAF6-dependent induction of TAK1 complex	0.70664	0.9755	0.66041
R-HSA-6804115	19	-0.13876	0.72908	0.97836	TP53 regulates transcription of additional cell cycle genes whose exact role in the p53 pathway remain uncertain	0.72848	0.9755	0.70033
R-HSA-9796292	9	-0.18498	0.72934	0.97836	Formation of axial mesoderm	0.72634	0.9755	0.87177
R-HSA-1638074	34	-0.1079	0.72975	0.97836	Keratan sulfate/keratin metabolism	0.72784	0.9755	0.43455
R-HSA-9006931	203	-0.042159	0.7298	0.97836	Signaling by Nuclear Receptors	0.7175	0.9755	0.67884
R-HSA-4086398	58	-0.082509	0.73041	0.97836	Ca2+ pathway	0.72112	0.9755	0.76705
R-HSA-5654743	34	-0.099986	0.73057	0.97836	Signaling by FGFR4	0.73119	0.9755	0.69014
R-HSA-9603798	18	-0.13225	0.73156	0.97836	Class I peroxisomal membrane protein import	0.73047	0.9755	0.64469
R-HSA-190239	9	-0.17958	0.73157	0.97836	FGFR3 ligand binding and activation	0.73177	0.9755	0.79231
R-HSA-190372	9	-0.17958	0.73157	0.97836	FGFR3c ligand binding and activation	0.73177	0.9755	0.79231
R-HSA-3560783	15	-0.15426	0.73177	0.97836	Defective B4GALT7 causes EDS, progeroid type	0.7333	0.97602	0.58887
R-HSA-75953	41	-0.082764	0.73217	0.97836	RNA Polymerase II Transcription Initiation	0.72774	0.9755	0.83786
R-HSA-167162	41	-0.082764	0.73217	0.97836	RNA Polymerase II HIV Promoter Escape	0.72774	0.9755	0.83786
R-HSA-73779	41	-0.082764	0.73217	0.97836	RNA Polymerase II Transcription Pre-Initiation And Promoter Opening	0.72774	0.9755	0.83786
R-HSA-76042	41	-0.082764	0.73217	0.97836	RNA Polymerase II Transcription Initiation And Promoter Clearance	0.72774	0.9755	0.83786
R-HSA-167161	41	-0.082764	0.73217	0.97836	HIV Transcription Initiation	0.72774	0.9755	0.83786
R-HSA-73776	41	-0.082764	0.73217	0.97836	RNA Polymerase II Promoter Escape	0.72774	0.9755	0.83786
R-HSA-5654733	24	-0.11986	0.7322	0.97836	Negative regulation of FGFR4 signaling	0.7232	0.9755	0.63894
R-HSA-948021	167	-0.043789	0.73386	0.97981	Transport to the Golgi and subsequent modification	0.71613	0.9755	0.56264
R-HSA-427413	42	-0.08943	0.73452	0.97993	NoRC negatively regulates rRNA expression	0.74044	0.97868	0.69385
R-HSA-72086	27	-0.10413	0.7352	0.98008	mRNA Capping	0.71742	0.9755	0.86128
R-HSA-5654720	13	-0.164	0.73882	0.9841	PI-3K cascade:FGFR4	0.73995	0.97868	0.67009
R-HSA-9617828	16	-0.17543	0.73937	0.9841	FOXO-mediated transcription of cell cycle genes	0.75768	0.98781	0.73966
R-HSA-1474165	68	-0.071482	0.74068	0.98508	Reproduction	0.74712	0.98384	0.6316
R-HSA-73762	42	-0.094103	0.74312	0.98619	RNA Polymerase I Transcription Initiation	0.74887	0.98388	0.75184
R-HSA-167160	25	-0.11409	0.74324	0.98619	RNA Pol II CTD phosphorylation and interaction with CE during HIV infection	0.72758	0.9755	0.86103
R-HSA-77075	25	-0.11409	0.74324	0.98619	RNA Pol II CTD phosphorylation and interaction with CE	0.72758	0.9755	0.86103
R-HSA-9768727	31	-0.11035	0.74454	0.98715	Regulation of CDH1 posttranslational processing and trafficking to plasma membrane	0.74708	0.98384	0.5246
R-HSA-8940973	20	-0.14858	0.74564	0.98784	RUNX2 regulates osteoblast differentiation	0.74726	0.98384	0.62669
R-HSA-211999	3	-0.31422	0.75018	0.99012	CYP2E1 reactions	0.75253	0.98597	0.7046
R-HSA-168643	50	-0.088095	0.75175	0.99012	Nucleotide-binding domain, leucine rich repeat containing receptor (NLR) signaling pathways	0.73235	0.97552	0.85892
R-HSA-4791275	29	-0.12404	0.75231	0.99012	Signaling by WNT in cancer	0.75286	0.98597	0.68412
R-HSA-400685	24	-0.1372	0.75397	0.99012	Sema4D in semaphorin signaling	0.77231	0.98781	0.76669
R-HSA-1483191	25	-0.11875	0.75661	0.99012	Synthesis of PC	0.7183	0.9755	0.7181
R-HSA-9616222	27	-0.13238	0.75715	0.99012	Transcriptional regulation of granulopoiesis	0.76527	0.98781	0.88677
R-HSA-8856828	128	-0.058287	0.75841	0.99012	Clathrin-mediated endocytosis	0.73781	0.97826	0.71517
R-HSA-72689	91	-0.074739	0.75852	0.99012	Formation of a pool of free 40S subunits	0.67146	0.9755	0.82466
R-HSA-5576886	14	-0.20606	0.75901	0.99012	Phase 4 - resting membrane potential	0.77447	0.98781	0.85785
R-HSA-190236	75	-0.074921	0.76023	0.99012	Signaling by FGFR	0.74954	0.98388	0.72626
R-HSA-8953750	32	-0.12346	0.76045	0.99012	Transcriptional Regulation by E2F6	0.75541	0.98781	0.82878
R-HSA-400451	9	-0.28656	0.7606	0.99012	Free fatty acids regulate insulin secretion	0.75844	0.98781	0.60597
R-HSA-2408557	84	-0.078996	0.7636	0.99012	Selenocysteine synthesis	0.67824	0.9755	0.811
R-HSA-73614	8	-0.27348	0.76362	0.99012	Pyrimidine salvage	0.76132	0.98781	0.55967
R-HSA-209560	11	-0.19615	0.76412	0.99012	NF-kB is activated and signals survival	0.7386	0.97826	0.85641
R-HSA-420029	14	-0.18806	0.7651	0.99012	Tight junction interactions	0.75615	0.98781	0.79566
R-HSA-189483	9	-0.19944	0.76629	0.99012	Heme degradation	0.7624	0.98781	0.86145
R-HSA-9717189	17	-0.17364	0.76697	0.99012	Sensory perception of taste	0.74932	0.98388	0.74164
R-HSA-9927354	9	-0.23741	0.76822	0.99012	Co-stimulation by ICOS	0.79096	0.98781	0.87315
R-HSA-5250941	44	-0.098717	0.76856	0.99012	Negative epigenetic regulation of rRNA expression	0.77454	0.98781	0.67465
R-HSA-1222556	30	-0.1251	0.76862	0.99012	ROS and RNS production in phagocytes	0.76138	0.98781	0.56286
R-HSA-9931521	13	-0.18298	0.76971	0.99012	The CRY:PER:kinase complex represses transactivation by the BMAL:CLOCK (ARNTL:CLOCK) complex	0.78536	0.98781	0.76943
R-HSA-9612973	138	-0.054607	0.77045	0.99012	Autophagy	0.75657	0.98781	0.60256
R-HSA-9857377	16	-0.16518	0.77096	0.99012	Regulation of MITF-M-dependent genes involved in lysosome biogenesis and autophagy	0.76384	0.98781	0.58281
R-HSA-8876725	14	-0.19511	0.77141	0.99012	Protein methylation	0.76314	0.98781	0.90593
R-HSA-392451	24	-0.15006	0.77317	0.99012	G beta:gamma signalling through PI3Kgamma	0.78127	0.98781	0.60797
R-HSA-9703648	16	-0.20271	0.77368	0.99012	Signaling by FLT3 ITD and TKD mutants	0.77732	0.98781	0.76828
R-HSA-9735869	34	-0.1332	0.77391	0.99012	SARS-CoV-1 modulates host translation machinery	0.71771	0.9755	0.75032
R-HSA-8847993	12	-0.22129	0.77483	0.99012	ERBB2 Activates PTK6 Signaling	0.75678	0.98781	0.79937
R-HSA-9968295	21	-0.14443	0.77516	0.99012	Somatic hypermutation of immunoglobulin genes by error-prone mismatch repair (MMR)	0.77351	0.98781	0.92086
R-HSA-6811436	45	-0.10074	0.77585	0.99012	COPI-independent Golgi-to-ER retrograde traffic	0.78	0.98781	0.61162
R-HSA-1169410	189	-0.052484	0.77779	0.99012	Antimicrobial mechanism of IFN-stimulated genes	0.74126	0.97901	0.49233
R-HSA-9754189	9	-0.25398	0.77816	0.99012	Germ layer formation at gastrulation	0.76769	0.98781	0.88337
R-HSA-9757110	4	-0.3327	0.78047	0.99012	Prednisone ADME	0.76945	0.98781	0.83161
R-HSA-3781860	19	-0.16782	0.78665	0.99012	Diseases associated with N-glycosylation of proteins	0.78412	0.98781	0.52488
R-HSA-3772470	11	-0.20215	0.78863	0.99012	Negative regulation of TCF-dependent signaling by WNT ligand antagonists	0.75032	0.98415	0.73983
R-HSA-75893	52	-0.10787	0.78882	0.99012	TNF signaling	0.78772	0.98781	0.73496
R-HSA-3238698	21	-0.1458	0.78914	0.99012	WNT ligand biogenesis and trafficking	0.77739	0.98781	0.64574
R-HSA-156584	11	-0.26519	0.79073	0.99012	Cytosolic sulfonation of small molecules	0.79254	0.98781	0.81499
R-HSA-72706	101	-0.082901	0.792	0.99012	GTP hydrolysis and joining of the 60S ribosomal subunit	0.71379	0.9755	0.80697
R-HSA-9839923	302	-0.042649	0.79281	0.99012	Dengue Virus Infection	0.78283	0.98781	0.88015
R-HSA-9034015	17	-0.1898	0.7932	0.99012	Signaling by NTRK3 (TRKC)	0.80483	0.98781	0.82477
R-HSA-9754560	10	-0.28904	0.79357	0.99012	SARS-CoV-2 modulates autophagy	0.79211	0.98781	0.75492
R-HSA-5654741	36	-0.13156	0.79568	0.99012	Signaling by FGFR3	0.8004	0.98781	0.79422
R-HSA-1250347	14	-0.22016	0.79678	0.99012	SHC1 events in ERBB4 signaling	0.78933	0.98781	0.83777
R-HSA-3215018	10	-0.21788	0.79713	0.99012	Processing and activation of SUMO	0.80493	0.98781	0.82075
R-HSA-193648	49	-0.11296	0.79848	0.99012	NRAGE signals death through JNK	0.79206	0.98781	0.84612
R-HSA-983712	144	-0.065681	0.79929	0.99012	Ion channel transport	0.78544	0.98781	0.74341
R-HSA-174411	24	-0.15072	0.80023	0.99012	Polymerase switching on the C-strand of the telomere	0.80887	0.98781	0.80447
R-HSA-432040	39	-0.13892	0.80111	0.99012	Vasopressin regulates renal water homeostasis via Aquaporins	0.7868	0.98781	0.72199
R-HSA-392851	17	-0.21028	0.80118	0.99012	Prostacyclin signalling through prostacyclin receptor	0.78927	0.98781	0.69866
R-HSA-1474151	9	-0.22388	0.80128	0.99012	Tetrahydrobiopterin (BH4) synthesis, recycling, salvage and regulation	0.78362	0.98781	0.854
R-HSA-1187000	11	-0.21084	0.8044	0.99012	Fertilization	0.8203	0.98781	0.89775
R-HSA-5654708	21	-0.17523	0.80453	0.99012	Downstream signaling of activated FGFR3	0.81085	0.98781	0.81102
R-HSA-194002	3	-0.47837	0.80529	0.99012	Glucocorticoid biosynthesis	0.79091	0.98781	0.7967
R-HSA-9753281	15	-0.23307	0.80533	0.99012	Paracetamol ADME	0.81229	0.98781	0.80692
R-HSA-9816359	51	-0.1094	0.80533	0.99012	Maternal to zygotic transition (MZT)	0.82392	0.98781	0.6585
R-HSA-9764725	28	-0.15071	0.80647	0.99012	Negative Regulation of CDH1 Gene Transcription	0.81506	0.98781	0.76666
R-HSA-1839130	8	-0.2641	0.8071	0.99012	Signaling by activated point mutants of FGFR3	0.80493	0.98781	0.86309
R-HSA-2033514	8	-0.2641	0.8071	0.99012	FGFR3 mutant receptor activation	0.80493	0.98781	0.86309
R-HSA-4755510	10	-0.24454	0.80751	0.99012	SUMOylation of immune response proteins	0.80195	0.98781	0.85045
R-HSA-8957322	117	-0.075605	0.80819	0.99012	Metabolism of steroids	0.80401	0.98781	0.88198
R-HSA-8875360	14	-0.2401	0.8085	0.99012	InlB-mediated entry of Listeria monocytogenes into host cell	0.79548	0.98781	0.68695
R-HSA-8978934	21	-0.17627	0.8094	0.99012	Metabolism of cofactors	0.79058	0.98781	0.88654
R-HSA-72764	83	-0.10094	0.80944	0.99012	Eukaryotic Translation Termination	0.72693	0.9755	0.84349
R-HSA-936837	42	-0.12974	0.80952	0.99012	Ion transport by P-type ATPases	0.81249	0.98781	0.9149
R-HSA-977225	37	-0.13828	0.81016	0.99012	Amyloid fiber formation	0.80133	0.98781	0.75085
R-HSA-5633008	39	-0.13347	0.81032	0.99012	TP53 Regulates Transcription of Cell Death Genes	0.81632	0.98781	0.7612
R-HSA-9678108	131	-0.076333	0.81166	0.99012	SARS-CoV-1 Infection	0.78507	0.98781	0.65513
R-HSA-4420332	15	-0.22059	0.81196	0.99012	Defective B3GALT6 causes EDSP2 and SEMDJL1	0.81336	0.98781	0.69942
R-HSA-8964043	31	-0.13841	0.81246	0.99012	Plasma lipoprotein clearance	0.80312	0.98781	0.66728
R-HSA-975956	86	-0.099568	0.81251	0.99012	Nonsense Mediated Decay (NMD) independent of the Exon Junction Complex (EJC)	0.73703	0.97826	0.83836
R-HSA-74182	8	-0.29379	0.81265	0.99012	Ketone body metabolism	0.80485	0.98781	0.80499
R-HSA-190373	9	-0.24896	0.81406	0.99012	FGFR1c ligand binding and activation	0.79954	0.98781	0.87348
R-HSA-9707616	42	-0.1294	0.81447	0.99012	Heme signaling	0.8241	0.98781	0.8364
R-HSA-69166	12	-0.24707	0.81504	0.99012	Removal of the Flap Intermediate	0.81966	0.98781	0.79332
R-HSA-9769739	30	-0.16171	0.81542	0.99012	Regulation of clotting cascade	0.80989	0.98781	0.8846
R-HSA-174824	54	-0.11067	0.81653	0.99012	Plasma lipoprotein assembly, remodeling, and clearance	0.80661	0.98781	0.77506
R-HSA-1250342	10	-0.27174	0.81704	0.99012	PI3K events in ERBB4 signaling	0.81188	0.98781	0.89276
R-HSA-2474795	7	-0.27266	0.81752	0.99012	Diseases associated with visual transduction	0.82583	0.98781	0.85503
R-HSA-9675143	7	-0.27266	0.81752	0.99012	Diseases of the neuronal system	0.82583	0.98781	0.85503
R-HSA-2453864	7	-0.27266	0.81752	0.99012	Retinoid cycle disease events	0.82583	0.98781	0.85503
R-HSA-9833110	67	-0.10355	0.81762	0.99012	RSV-host interactions	0.80471	0.98781	0.91298
R-HSA-9931512	10	-0.25195	0.81778	0.99012	Phosphorylation of CLOCK, acetylation of BMAL1 (ARNTL) at target gene promoters	0.82461	0.98781	0.8184
R-HSA-15869	86	-0.088728	0.81792	0.99012	Metabolism of nucleotides	0.80992	0.98781	0.64372
R-HSA-1963642	16	-0.23174	0.81952	0.99012	PI3K events in ERBB2 signaling	0.81379	0.98781	0.86963
R-HSA-6783783	21	-0.19841	0.82014	0.99012	Interleukin-10 signaling	0.82849	0.98781	0.69803
R-HSA-9614085	55	-0.12442	0.82034	0.99012	FOXO-mediated transcription	0.83405	0.98781	0.80354
R-HSA-428930	23	-0.19311	0.82087	0.99012	Thromboxane signalling through TP receptor	0.79922	0.98781	0.70814
R-HSA-6803211	11	-0.3168	0.82193	0.99012	TP53 Regulates Transcription of Death Receptors and Ligands	0.80816	0.98781	0.82988
R-HSA-111367	10	-0.29746	0.82274	0.99012	SLBP independent Processing of Histone Pre-mRNAs	0.81573	0.98781	0.78467
R-HSA-418555	110	-0.087001	0.82506	0.99012	G alpha (s) signalling events	0.82721	0.98781	0.7547
R-HSA-1250196	22	-0.19842	0.82607	0.99012	SHC1 events in ERBB2 signaling	0.81808	0.98781	0.82638
R-HSA-9008059	19	-0.23811	0.82628	0.99012	Interleukin-37 signaling	0.83322	0.98781	0.75064
R-HSA-432722	47	-0.11888	0.82679	0.99012	Golgi Associated Vesicle Biogenesis	0.82418	0.98781	0.94087
R-HSA-9671793	14	-0.24436	0.82708	0.99012	Diseases of hemostasis	0.81557	0.98781	0.78824
R-HSA-9748787	19	-0.21731	0.82978	0.99012	Azathioprine ADME	0.8275	0.98781	0.85855
R-HSA-5617472	48	-0.13151	0.83043	0.99012	Activation of anterior HOX genes in hindbrain development during early embryogenesis	0.82426	0.98781	0.91467
R-HSA-5619507	48	-0.13151	0.83043	0.99012	Activation of HOX genes during differentiation	0.82426	0.98781	0.91467
R-HSA-5654706	16	-0.2223	0.83058	0.99012	FRS-mediated FGFR3 signaling	0.82901	0.98781	0.80977
R-HSA-9686114	12	-0.34131	0.83256	0.99012	Non-canonical inflammasome activation	0.83089	0.98781	0.6515
R-HSA-9857492	7	-0.36712	0.83409	0.99012	Protein lipoylation	0.818	0.98781	0.79678
R-HSA-72613	108	-0.094772	0.83437	0.99012	Eukaryotic Translation Initiation	0.76705	0.98781	0.82704
R-HSA-72737	108	-0.094772	0.83437	0.99012	Cap-dependent Translation Initiation	0.76705	0.98781	0.82704
R-HSA-9909649	41	-0.14354	0.83448	0.99012	Regulation of PD-L1(CD274) transcription	0.83623	0.98781	0.93257
R-HSA-430116	8	-0.35567	0.83499	0.99012	GP1b-IX-V activation signalling	0.84226	0.98781	0.8067
R-HSA-8963691	7	-0.34011	0.83508	0.99012	Phenylalanine and tyrosine metabolism	0.81795	0.98781	0.86031
R-HSA-9013407	35	-0.16323	0.83576	0.99012	RHOH GTPase cycle	0.83217	0.98781	0.8689
R-HSA-8877330	4	-0.48812	0.83583	0.99012	RUNX1 and FOXP3 control the development of regulatory T lymphocytes (Tregs)	0.82622	0.98781	0.91586
R-HSA-5655332	18	-0.20761	0.83585	0.99012	Signaling by FGFR3 in disease	0.84082	0.98781	0.89675
R-HSA-6811558	94	-0.095466	0.8359	0.99012	PI5P, PP2A and IER3 Regulate PI3K/AKT Signaling	0.83706	0.98781	0.78021
R-HSA-3656237	10	-0.35063	0.8362	0.99012	Defective EXT2 causes exostoses 2	0.83141	0.98781	0.76007
R-HSA-3656253	10	-0.35063	0.8362	0.99012	Defective EXT1 causes exostoses 1, TRPS2 and CHDS	0.83141	0.98781	0.76007
R-HSA-70268	42	-0.14869	0.83732	0.99012	Pyruvate metabolism	0.82588	0.98781	0.86729
R-HSA-1445148	61	-0.11783	0.83736	0.99012	Translocation of SLC2A4 (GLUT4) to the plasma membrane	0.81665	0.98781	0.39263
R-HSA-1839117	17	-0.22678	0.83805	0.99012	Signaling by cytosolic FGFR1 fusion mutants	0.83886	0.98781	0.945
R-HSA-9664873	11	-0.27589	0.83871	0.99012	Pexophagy	0.82126	0.98781	0.78395
R-HSA-2219528	94	-0.098834	0.83995	0.99012	PI3K/AKT Signaling in Cancer	0.84254	0.98781	0.76076
R-HSA-9664424	21	-0.20603	0.84081	0.99012	Cell recruitment (pro-inflammatory response)	0.81891	0.98781	0.85772
R-HSA-9660826	21	-0.20603	0.84081	0.99012	Purinergic signaling in leishmaniasis infection	0.81891	0.98781	0.85772
R-HSA-156902	81	-0.11378	0.84099	0.99012	Peptide chain elongation	0.76698	0.98781	0.85881
R-HSA-9609507	138	-0.075319	0.84427	0.99012	Protein localization	0.81843	0.98781	0.87275
R-HSA-5654732	25	-0.19524	0.84635	0.99012	Negative regulation of FGFR3 signaling	0.84295	0.98781	0.81081
R-HSA-5654704	14	-0.25581	0.84718	0.99012	SHC-mediated cascade:FGFR3	0.84744	0.98781	0.89213
R-HSA-190377	7	-0.38788	0.84757	0.99012	FGFR2b ligand binding and activation	0.8468	0.98781	0.87447
R-HSA-877312	13	-0.28003	0.84769	0.99012	Regulation of IFNG signaling	0.83009	0.98781	0.51587
R-HSA-113510	18	-0.20727	0.84837	0.99012	E2F mediated regulation of DNA replication	0.85485	0.98781	0.71948
R-HSA-9769740	32	-0.17531	0.84879	0.99012	Coagulation pathway	0.84552	0.98781	0.91317
R-HSA-9769743	9	-0.34081	0.84885	0.99012	Amplification and propagation of coagulation cascade	0.83581	0.98781	0.81466
R-HSA-1482925	9	-0.29462	0.85018	0.99012	Acyl chain remodelling of PG	0.85152	0.98781	0.86622
R-HSA-5656169	31	-0.16973	0.85054	0.99012	Termination of translesion DNA synthesis	0.84288	0.98781	0.94072
R-HSA-73780	16	-0.23114	0.85083	0.99012	RNA Polymerase III Chain Elongation	0.84223	0.98781	0.91228
R-HSA-74749	9	-0.34065	0.85154	0.99012	Signal attenuation	0.85674	0.98781	0.87982
R-HSA-1660661	35	-0.15948	0.85268	0.99012	Sphingolipid de novo biosynthesis	0.85253	0.98781	0.78667
R-HSA-5260271	26	-0.2027	0.85291	0.99012	Diseases of Immune System	0.8513	0.98781	0.90224
R-HSA-73884	41	-0.13934	0.85312	0.99012	Base Excision Repair	0.85343	0.98781	0.891
R-HSA-9007101	109	-0.095948	0.85318	0.99012	Rab regulation of trafficking	0.8526	0.98781	0.8255
R-HSA-3000170	24	-0.20196	0.85356	0.99012	Syndecan interactions	0.84151	0.98781	0.78298
R-HSA-8863795	28	-0.19444	0.8541	0.99012	Downregulation of ERBB2 signaling	0.83842	0.98781	0.82238
R-HSA-1237044	8	-0.45554	0.85413	0.99012	Erythrocytes take up carbon dioxide and release oxygen	0.84975	0.98781	0.81207
R-HSA-1480926	8	-0.45554	0.85413	0.99012	O2/CO2 exchange in erythrocytes	0.84975	0.98781	0.81207
R-HSA-4641265	13	-0.28165	0.85433	0.99012	Repression of WNT target genes	0.85052	0.98781	0.73997
R-HSA-72649	53	-0.14774	0.85462	0.99012	Translation initiation complex formation	0.81795	0.98781	0.81875
R-HSA-2243919	15	-0.3021	0.85528	0.99012	Crosslinking of collagen fibrils	0.84683	0.98781	0.75616
R-HSA-9637690	20	-0.22548	0.85532	0.99012	Response of Mtb to phagocytosis	0.85872	0.98781	0.96253
R-HSA-418217	19	-0.26024	0.85613	0.99012	G beta:gamma signalling through PLC beta	0.84865	0.98781	0.79894
R-HSA-9671555	20	-0.22285	0.85617	0.99012	Signaling by PDGFR in disease	0.86176	0.98781	0.80013
R-HSA-159854	6	-0.4498	0.85667	0.99012	Gamma-carboxylation, transport, and amino-terminal cleavage of proteins	0.84134	0.98781	0.64293
R-HSA-176187	31	-0.17203	0.85668	0.99012	Activation of ATR in response to replication stress	0.86545	0.98781	0.96125
R-HSA-3000171	68	-0.127	0.85744	0.99012	Non-integrin membrane-ECM interactions	0.85593	0.98781	0.73779
R-HSA-159782	5	-0.47331	0.85785	0.99012	Removal of aminoterminal propeptides from gamma-carboxylated proteins	0.84365	0.98781	0.66318
R-HSA-201722	32	-0.1859	0.85835	0.99012	Formation of the beta-catenin:TCF transactivating complex	0.85828	0.98781	0.94766
R-HSA-9645723	38	-0.16358	0.85997	0.99012	Diseases of programmed cell death	0.86693	0.98781	0.76832
R-HSA-936964	17	-0.28945	0.86002	0.99012	Activation of IRF3, IRF7 mediated by TBK1, IKKε (IKBKE)	0.8468	0.98781	0.78002
R-HSA-9682385	27	-0.22481	0.86026	0.99012	FLT3 signaling in disease	0.85263	0.98781	0.90347
R-HSA-500657	20	-0.25829	0.86046	0.99012	Presynaptic function of Kainate receptors	0.85059	0.98781	0.74923
R-HSA-9937008	10	-0.30357	0.86053	0.99012	Mitochondrial mRNA modification	0.86448	0.98781	0.82923
R-HSA-8854214	40	-0.15802	0.86164	0.99012	TBC/RABGAPs	0.86348	0.98781	0.74027
R-HSA-420499	11	-0.34479	0.86227	0.99012	Class C/3 (Metabotropic glutamate/pheromone receptors)	0.86623	0.98781	0.69423
R-HSA-419037	36	-0.18948	0.86344	0.99012	NCAM1 interactions	0.86506	0.98781	0.55337
R-HSA-9028731	10	-0.3512	0.86426	0.99012	Activated NTRK2 signals through FRS2 and FRS3	0.8705	0.98781	0.70976
R-HSA-1839126	26	-0.17579	0.86434	0.99012	FGFR2 mutant receptor activation	0.85319	0.98781	0.9202
R-HSA-9861718	30	-0.18448	0.86451	0.99012	Regulation of pyruvate metabolism	0.85945	0.98781	0.88365
R-HSA-69186	18	-0.23918	0.86474	0.99012	Lagging Strand Synthesis	0.86702	0.98781	0.93797
R-HSA-1839122	7	-0.34006	0.86495	0.99012	Signaling by activated point mutants of FGFR1	0.85749	0.98781	0.91402
R-HSA-9018678	14	-0.25071	0.86523	0.99012	Biosynthesis of specialized proresolving mediators (SPMs)	0.85946	0.98781	0.88806
R-HSA-389958	26	-0.19392	0.86541	0.99012	Cooperation of Prefoldin and TriC/CCT  in actin and tubulin folding	0.84846	0.98781	0.70535
R-HSA-199992	63	-0.12648	0.86562	0.99012	trans-Golgi Network Vesicle Budding	0.86285	0.98781	0.93232
R-HSA-9933387	22	-0.22083	0.86581	0.99012	RORA,B,C and NR1D1 (REV-ERBA) regulate gene expression	0.86126	0.98781	0.95767
R-HSA-77588	11	-0.35121	0.86607	0.99012	SLBP Dependent Processing of Replication-Dependent Histone Pre-mRNAs	0.86087	0.98781	0.84296
R-HSA-9717207	14	-0.28987	0.86665	0.99012	Sensory perception of sweet, bitter, and umami (glutamate) taste	0.8577	0.98781	0.83174
R-HSA-1799339	100	-0.10858	0.86708	0.99012	SRP-dependent cotranslational protein targeting to membrane	0.80926	0.98781	0.93556
R-HSA-8868766	11	-0.28497	0.86746	0.99012	rRNA processing in the mitochondrion	0.87071	0.98781	0.87507
R-HSA-1963640	16	-0.27708	0.86772	0.99012	GRB2 events in ERBB2 signaling	0.85852	0.98781	0.8909
R-HSA-6793080	10	-0.29579	0.86825	0.99012	rRNA modification in the mitochondrion	0.87129	0.98781	0.85069
R-HSA-9673767	12	-0.30169	0.86872	0.99012	Signaling by PDGFRA transmembrane, juxtamembrane and kinase domain mutants	0.87443	0.98781	0.83623
R-HSA-9673770	12	-0.30169	0.86872	0.99012	Signaling by PDGFRA extracellular domain mutants	0.87443	0.98781	0.83623
R-HSA-5654736	46	-0.15977	0.8688	0.99012	Signaling by FGFR1	0.87021	0.98781	0.8661
R-HSA-381771	15	-0.25437	0.8691	0.99012	Synthesis, secretion, and inactivation of Glucagon-like Peptide-1 (GLP-1)	0.86157	0.98781	0.8451
R-HSA-1660517	10	-0.34134	0.86912	0.99012	Synthesis of PIPs at the late endosome membrane	0.8651	0.98781	0.8966
R-HSA-3000157	27	-0.19293	0.86995	0.99012	Laminin interactions	0.8674	0.98781	0.87975
R-HSA-69183	13	-0.29843	0.87164	0.99012	Processive synthesis on the lagging strand	0.87402	0.98781	0.83847
R-HSA-8964315	16	-0.29034	0.87197	0.99012	G beta:gamma signalling through BTK	0.86471	0.98781	0.80493
R-HSA-9020958	8	-0.45529	0.87222	0.99012	Interleukin-21 signaling	0.86113	0.98781	0.82791
R-HSA-5621480	10	-0.34457	0.87332	0.99012	Dectin-2 family	0.87575	0.98781	0.9476
R-HSA-5696398	102	-0.10207	0.87349	0.99012	Nucleotide Excision Repair	0.86574	0.98781	0.96547
R-HSA-9824878	13	-0.33459	0.87537	0.99012	Regulation of TBK1, IKKε (IKBKE)-mediated activation of IRF3, IRF7	0.86223	0.98781	0.84714
R-HSA-9769733	5	-0.42449	0.87552	0.99012	Fibrin formation	0.87079	0.98781	0.83686
R-HSA-9694614	12	-0.39178	0.87641	0.99012	Attachment and Entry_9694614	0.86316	0.98781	0.85425
R-HSA-2024101	17	-0.25746	0.87645	0.99012	CS/DS degradation	0.88681	0.98781	0.78394
R-HSA-9694676	12	-0.38038	0.87701	0.99012	Translation of Replicase and Assembly of the Replication Transcription Complex_9694676	0.88345	0.98781	0.86096
R-HSA-390466	79	-0.12093	0.87731	0.99012	Chaperonin-mediated protein folding	0.86542	0.98781	0.66059
R-HSA-5654710	14	-0.29221	0.87767	0.99012	PI-3K cascade:FGFR3	0.88165	0.98781	0.86221
R-HSA-9013973	13	-0.33577	0.87815	0.99012	TICAM1-dependent activation of IRF3/IRF7	0.86134	0.98781	0.84245
R-HSA-193048	5	-0.5722	0.87831	0.99012	Androgen biosynthesis	0.8714	0.98781	0.95003
R-HSA-499943	29	-0.20179	0.87863	0.99012	Interconversion of nucleotide di- and triphosphates	0.86928	0.98781	0.70762
R-HSA-451326	28	-0.23918	0.87873	0.99012	Activation of kainate receptors upon glutamate binding	0.86373	0.98781	0.73639
R-HSA-2206281	9	-0.39598	0.87881	0.99012	Mucopolysaccharidoses	0.87391	0.98781	0.67375
R-HSA-9925563	22	-0.23342	0.87928	0.99012	Developmental Lineage of Pancreatic Ductal Cells	0.8932	0.98781	0.84329
R-HSA-917977	28	-0.20898	0.87965	0.99012	Transferrin endocytosis and recycling	0.88056	0.98781	0.75363
R-HSA-1660499	48	-0.16183	0.88057	0.99012	Synthesis of PIPs at the plasma membrane	0.89003	0.98781	0.87083
R-HSA-9634285	10	-0.37302	0.88076	0.99012	Constitutive Signaling by Overexpressed ERBB2	0.88311	0.98781	0.88555
R-HSA-1226099	54	-0.14064	0.88138	0.99012	Signaling by FGFR in disease	0.87588	0.98781	0.95542
R-HSA-9013406	55	-0.14743	0.88157	0.99012	RHOQ GTPase cycle	0.88438	0.98781	0.79732
R-HSA-5357905	44	-0.17209	0.88159	0.99012	Regulation of TNFR1 signaling	0.87885	0.98781	0.85408
R-HSA-9828211	11	-0.35203	0.88171	0.99012	Regulation of TBK1, IKKε-mediated activation of IRF3, IRF7 upon TLR3 ligation	0.86636	0.98781	0.8498
R-HSA-159418	13	-0.34953	0.88211	0.99012	Recycling of bile acids and salts	0.88597	0.98781	0.94189
R-HSA-9665686	21	-0.25901	0.88459	0.99012	Signaling by ERBB2 TMD/JMD mutants	0.87576	0.98781	0.88341
R-HSA-110373	23	-0.20824	0.88459	0.99012	Resolution of AP sites via the multiple-nucleotide patch replacement pathway	0.88107	0.98781	0.96039
R-HSA-216083	68	-0.13352	0.885	0.99012	Integrin cell surface interactions	0.88437	0.98781	0.82101
R-HSA-72662	54	-0.16664	0.88539	0.99012	Activation of the mRNA upon binding of the cap-binding complex and eIFs, and subsequent binding to 43S	0.85474	0.98781	0.85974
R-HSA-380972	27	-0.23029	0.88547	0.99012	Energy dependent regulation of mTOR by LKB1-AMPK	0.88353	0.98781	0.77299
R-HSA-159740	5	-0.5312	0.88558	0.99012	Gamma-carboxylation of protein precursors	0.8724	0.98781	0.72804
R-HSA-2151209	9	-0.43303	0.88561	0.99012	Activation of PPARGC1A (PGC-1alpha) by phosphorylation	0.8847	0.98781	0.72166
R-HSA-1482839	14	-0.29998	0.88613	0.99012	Acyl chain remodelling of PE	0.89049	0.98781	0.8442
R-HSA-5357786	23	-0.25089	0.88619	0.99012	TNFR1-induced proapoptotic signaling	0.89447	0.98781	0.9029
R-HSA-204005	63	-0.14082	0.88621	0.99012	COPII-mediated vesicle transport	0.87876	0.98781	0.90219
R-HSA-193368	18	-0.25817	0.88704	0.99012	Synthesis of bile acids and bile salts via 7alpha-hydroxycholesterol	0.88572	0.98781	0.93004
R-HSA-156827	100	-0.12386	0.88736	0.99012	L13a-mediated translational silencing of Ceruloplasmin expression	0.83216	0.98781	0.8839
R-HSA-5655253	36	-0.17119	0.88803	0.99012	Signaling by FGFR2 in disease	0.88282	0.98781	0.94181
R-HSA-5654738	62	-0.14112	0.88905	0.99012	Signaling by FGFR2	0.88237	0.98781	0.90583
R-HSA-9842663	9	-0.39081	0.88925	0.99012	Signaling by LTK	0.89948	0.98781	0.95865
R-HSA-5668914	207	-0.084801	0.89012	0.99012	Diseases of metabolism	0.87253	0.98781	0.62772
R-HSA-8875878	38	-0.18277	0.89066	0.99012	MET promotes cell motility	0.90357	0.98781	0.82293
R-HSA-1227986	47	-0.17286	0.89102	0.99012	Signaling by ERBB2	0.88771	0.98781	0.88137
R-HSA-69190	27	-0.21476	0.8914	0.99012	DNA strand elongation	0.90031	0.98781	0.94868
R-HSA-9820841	37	-0.1911	0.89331	0.99012	M-decay: degradation of maternal mRNAs by maternally stored factors	0.89622	0.98781	0.77017
R-HSA-8852135	59	-0.14697	0.89525	0.99012	Protein ubiquitination	0.89404	0.98781	0.9218
R-HSA-110313	37	-0.18528	0.89588	0.99012	Translesion synthesis by Y family DNA polymerases bypasses lesions on DNA template	0.89458	0.98781	0.95971
R-HSA-1227990	25	-0.24412	0.89627	0.99012	Signaling by ERBB2 in Cancer	0.89337	0.98781	0.92253
R-HSA-1482801	12	-0.33542	0.89694	0.99012	Acyl chain remodelling of PS	0.89886	0.98781	0.91593
R-HSA-6803204	18	-0.28474	0.89748	0.99012	TP53 Regulates Transcription of Genes Involved in Cytochrome C Release	0.88659	0.98781	0.86832
R-HSA-5654219	11	-0.31933	0.89807	0.99012	Phospholipase C-mediated cascade: FGFR1	0.89421	0.98781	0.93088
R-HSA-9706019	8	-0.43365	0.89823	0.99012	RHOBTB3 ATPase cycle	0.89873	0.98781	0.88972
R-HSA-5357956	28	-0.23871	0.89875	0.99012	TNFR1-induced NF-kappa-B signaling pathway	0.89764	0.98781	0.88262
R-HSA-180292	15	-0.36046	0.89904	0.99012	GAB1 signalosome	0.90202	0.98781	0.86171
R-HSA-9830369	31	-0.22267	0.89946	0.99012	Kidney development	0.86539	0.98781	0.94992
R-HSA-8862803	19	-0.27921	0.8997	0.99012	Deregulated CDK5 triggers multiple neurodegenerative pathways in Alzheimer's disease models	0.9032	0.98781	0.87553
R-HSA-8863678	19	-0.27921	0.8997	0.99012	Neurodegenerative Diseases	0.9032	0.98781	0.87553
R-HSA-391251	85	-0.12769	0.89973	0.99012	Protein folding	0.88996	0.98781	0.70053
R-HSA-9837999	77	-0.14361	0.89999	0.99012	Mitochondrial protein degradation	0.88253	0.98781	0.87917
R-HSA-8941326	26	-0.25408	0.90011	0.99012	RUNX2 regulates bone development	0.90399	0.98781	0.86191
R-HSA-9013409	48	-0.17654	0.9005	0.99012	RHOJ GTPase cycle	0.9185	0.98781	0.86595
R-HSA-5607763	11	-0.42209	0.90095	0.99012	CLEC7A (Dectin-1) induces NFAT activation	0.89802	0.98781	0.86041
R-HSA-6807004	20	-0.28598	0.9013	0.99012	Negative regulation of MET activity	0.89441	0.98781	0.78184
R-HSA-1236382	19	-0.297	0.90297	0.99012	Constitutive Signaling by Ligand-Responsive EGFR Cancer Variants	0.89449	0.98781	0.89381
R-HSA-5637815	19	-0.297	0.90297	0.99012	Signaling by Ligand-Responsive EGFR Variants in Cancer	0.89449	0.98781	0.89381
R-HSA-9968297	18	-0.24436	0.90346	0.99012	Somatic hypermutation of immunoglobulin genes by error-prone base excision repair (BER)	0.90604	0.98781	0.95419
R-HSA-180336	12	-0.4079	0.90371	0.99012	SHC1 events in EGFR signaling	0.90131	0.98781	0.92315
R-HSA-9018677	12	-0.34363	0.90389	0.99012	Biosynthesis of DHA-derived SPMs	0.9056	0.98781	0.89482
R-HSA-389957	24	-0.23531	0.90462	0.99012	Prefoldin mediated transfer of substrate  to CCT/TriC	0.89261	0.98781	0.77591
R-HSA-179812	11	-0.41294	0.90527	0.99012	GRB2 events in EGFR signaling	0.90177	0.98781	0.92615
R-HSA-622312	19	-0.29333	0.90627	0.99012	Inflammasomes	0.89127	0.98781	0.94951
R-HSA-9664565	24	-0.26885	0.90776	0.99012	Signaling by ERBB2 KD Mutants	0.9048	0.98781	0.92243
R-HSA-977068	12	-0.37764	0.90778	0.99012	Termination of O-glycan biosynthesis	0.91036	0.98781	0.80725
R-HSA-8876384	19	-0.32295	0.90784	0.99012	Listeria monocytogenes entry into host cells	0.89783	0.98781	0.82489
R-HSA-416482	70	-0.14962	0.9084	0.99012	G alpha (12/13) signalling events	0.89953	0.98781	0.95194
R-HSA-6781827	73	-0.14369	0.90924	0.99012	Transcription-Coupled Nucleotide Excision Repair (TC-NER)	0.9017	0.98781	0.98633
R-HSA-73893	44	-0.1801	0.90944	0.99012	DNA Damage Bypass	0.91065	0.98781	0.98247
R-HSA-73772	27	-0.23845	0.90994	0.99012	RNA Polymerase I Promoter Escape	0.91188	0.98781	0.91481
R-HSA-5655302	33	-0.2136	0.91053	0.99012	Signaling by FGFR1 in disease	0.91039	0.98781	0.97538
R-HSA-1660514	16	-0.29614	0.91071	0.99012	Synthesis of PIPs at the Golgi membrane	0.9071	0.98781	0.8969
R-HSA-73863	26	-0.24816	0.91093	0.99012	RNA Polymerase I Transcription Termination	0.91193	0.98781	0.92104
R-HSA-6803205	12	-0.40571	0.91308	0.99012	TP53 regulates transcription of several additional cell death genes whose specific roles in p53-dependent apoptosis remain uncertain	0.90638	0.98781	0.85546
R-HSA-418359	11	-0.40021	0.91367	0.99012	Reduction of cytosolic Ca++ levels	0.91228	0.98781	0.9303
R-HSA-72163	182	-0.092046	0.91381	0.99012	mRNA Splicing - Major Pathway	0.91468	0.98781	0.96009
R-HSA-156590	28	-0.23493	0.9141	0.99012	Glutathione conjugation	0.90348	0.98781	0.82223
R-HSA-8949664	13	-0.39579	0.91445	0.99012	Processing of SMDT1	0.91277	0.98781	0.99545
R-HSA-71240	10	-0.38418	0.91446	0.99012	Tryptophan catabolism	0.91778	0.98781	0.84455
R-HSA-9762292	10	-0.43604	0.91499	0.99012	Regulation of CDH11 function	0.91707	0.98781	0.91989
R-HSA-72172	189	-0.091511	0.91631	0.99012	mRNA Splicing	0.91703	0.98781	0.96808
R-HSA-9981148	23	-0.27027	0.91644	0.99012	Developmental Lineage of Pancreatic Endocrine Mid Progenitor Cells	0.92606	0.98781	0.88941
R-HSA-9665348	15	-0.35898	0.91671	0.99012	Signaling by ERBB2 ECD mutants	0.91921	0.98781	0.91797
R-HSA-8874081	28	-0.24464	0.91752	0.99012	MET activates PTK2 signaling	0.92621	0.98781	0.88634
R-HSA-5654221	12	-0.3544	0.91771	0.99012	Phospholipase C-mediated cascade; FGFR2	0.91773	0.98781	0.95767
R-HSA-5210891	11	-0.50388	0.91804	0.99012	Uptake and function of anthrax toxins	0.92118	0.98781	0.75882
R-HSA-9768919	19	-0.29086	0.91897	0.99012	NPAS4 regulates expression of target genes	0.93144	0.98781	0.82136
R-HSA-2534343	4	-0.53816	0.91901	0.99012	Interaction With Cumulus Cells And The Zona Pellucida	0.92154	0.98781	0.95405
R-HSA-73933	35	-0.19434	0.91907	0.99012	Resolution of Abasic Sites (AP sites)	0.91835	0.98781	0.94877
R-HSA-2173782	35	-0.23163	0.91958	0.99012	Binding and Uptake of Ligands by Scavenger Receptors	0.90365	0.98781	0.94005
R-HSA-1839124	26	-0.25118	0.91991	0.99012	FGFR1 mutant receptor activation	0.91819	0.98781	0.98309
R-HSA-5658623	9	-0.40624	0.92047	0.99012	FGFRL1 modulation of FGFR1 signaling	0.92423	0.98781	0.95392
R-HSA-190242	12	-0.35436	0.92049	0.99012	FGFR1 ligand binding and activation	0.91406	0.98781	0.9504
R-HSA-9640148	34	-0.26021	0.92071	0.99012	Infection with Enterobacteria	0.91469	0.98781	0.80535
R-HSA-1971475	24	-0.27557	0.92086	0.99012	Glycosaminoglycan-protein linkage region biosynthesis	0.92055	0.98781	0.80641
R-HSA-425561	11	-0.39324	0.92135	0.99012	Sodium/Calcium exchangers	0.92274	0.98781	0.84849
R-HSA-6785807	68	-0.16694	0.92191	0.99012	Interleukin-4 and Interleukin-13 signaling	0.91791	0.98781	0.83103
R-HSA-9833482	59	-0.1548	0.92211	0.99012	PKR-mediated signaling	0.91353	0.98781	0.70448
R-HSA-6804756	82	-0.14028	0.92215	0.99012	Regulation of TP53 Activity through Phosphorylation	0.92934	0.98781	0.95843
R-HSA-6814122	37	-0.22151	0.92217	0.99012	Cooperation of PDCL (PhLP1) and TRiC/CCT in G-protein beta folding	0.91608	0.98781	0.77568
R-HSA-5602358	22	-0.31808	0.92237	0.99012	Diseases associated with the TLR signaling cascade	0.91559	0.98781	0.90698
R-HSA-3560782	34	-0.24592	0.92339	0.99012	Diseases associated with glycosaminoglycan metabolism	0.92144	0.98781	0.80602
R-HSA-399997	10	-0.53958	0.92354	0.99012	Acetylcholine regulates insulin secretion	0.9247	0.98781	0.93358
R-HSA-1433559	16	-0.34957	0.92407	0.99012	Regulation of KIT signaling	0.91706	0.98781	0.93414
R-HSA-5654687	26	-0.26864	0.92459	0.99012	Downstream signaling of activated FGFR1	0.92719	0.98781	0.9171
R-HSA-8866654	42	-0.19264	0.9252	0.99012	E3 ubiquitin ligases ubiquitinate target proteins	0.92036	0.98781	0.93353
R-HSA-2426168	40	-0.22469	0.92523	0.99012	Activation of gene expression by SREBF (SREBP)	0.91844	0.98781	0.96657
R-HSA-1483255	76	-0.15797	0.92533	0.99012	PI Metabolism	0.93195	0.98781	0.95327
R-HSA-1482788	16	-0.3307	0.92539	0.99012	Acyl chain remodelling of PC	0.92898	0.98781	0.88553
R-HSA-6782135	60	-0.16681	0.92644	0.99012	Dual incision in TC-NER	0.92224	0.98781	0.99444
R-HSA-9734009	22	-0.29464	0.92667	0.99012	Defective Intrinsic Pathway for Apoptosis	0.92647	0.98781	0.91242
R-HSA-429914	50	-0.17463	0.92698	0.99012	Deadenylation-dependent mRNA decay	0.92495	0.98781	0.92896
R-HSA-9033241	57	-0.16561	0.92713	0.99012	Peroxisomal protein import	0.9208	0.98781	0.9292
R-HSA-74752	68	-0.16167	0.92786	0.99012	Signaling by Insulin receptor	0.93689	0.98781	0.89548
R-HSA-9830364	14	-0.39722	0.92898	0.99012	Formation of the nephric duct	0.915	0.98781	0.96266
R-HSA-75109	8	-0.50981	0.92929	0.99012	Triglyceride biosynthesis	0.92717	0.98781	0.78432
R-HSA-1660662	47	-0.21315	0.92941	0.99012	Glycosphingolipid metabolism	0.93269	0.98781	0.96373
R-HSA-2022870	18	-0.32349	0.92948	0.99012	CS-GAG biosynthesis	0.93267	0.98781	0.89998
R-HSA-6782210	59	-0.17515	0.93074	0.99012	Gap-filling DNA repair synthesis and ligation in TC-NER	0.92564	0.98781	0.99363
R-HSA-5637810	15	-0.38461	0.9313	0.99012	Constitutive Signaling by EGFRvIII	0.93213	0.98781	0.93115
R-HSA-5637812	15	-0.38461	0.9313	0.99012	Signaling by EGFRvIII in Cancer	0.93213	0.98781	0.93115
R-HSA-428157	89	-0.14657	0.93185	0.99012	Sphingolipid metabolism	0.93573	0.98781	0.93787
R-HSA-69091	13	-0.36089	0.93188	0.99012	Polymerase switching	0.93367	0.98781	0.96844
R-HSA-69109	13	-0.36089	0.93188	0.99012	Leading Strand Synthesis	0.93367	0.98781	0.96844
R-HSA-196757	15	-0.30844	0.93206	0.99012	Metabolism of folate and pterines	0.93616	0.98781	0.93958
R-HSA-9937383	85	-0.14819	0.93382	0.99012	Mitochondrial ribosome-associated quality control	0.91553	0.98781	0.81985
R-HSA-9703465	19	-0.36518	0.93394	0.99012	Signaling by FLT3 fusion proteins	0.93756	0.98781	0.98666
R-HSA-1643713	23	-0.31947	0.93418	0.99012	Signaling by EGFR in Cancer	0.9287	0.98781	0.93856
R-HSA-389661	12	-0.45792	0.93425	0.99012	Glyoxylate metabolism and glycine degradation	0.93319	0.98781	0.83737
R-HSA-5654696	24	-0.29476	0.93426	0.99012	Downstream signaling of activated FGFR2	0.93764	0.98781	0.94374
R-HSA-1810476	14	-0.38786	0.93433	0.99012	RIP-mediated NFkB activation via ZBP1	0.93273	0.98781	0.96512
R-HSA-9635486	23	-0.3036	0.93547	0.99012	Infection with Mycobacterium tuberculosis	0.93473	0.98781	0.99227
R-HSA-9860931	86	-0.15708	0.93653	0.99012	Response of endothelial cells to shear stress	0.93581	0.98781	0.87324
R-HSA-5173214	33	-0.26913	0.93753	0.99012	O-glycosylation of TSR domain-containing proteins	0.92451	0.98781	0.91866
R-HSA-5654726	27	-0.28198	0.93879	0.99012	Negative regulation of FGFR1 signaling	0.93573	0.98781	0.9189
R-HSA-9734767	28	-0.27836	0.93929	0.99012	Developmental Cell Lineages	0.9453	0.98924	0.94414
R-HSA-1606322	17	-0.38812	0.93965	0.99012	ZBP1(DAI) mediated induction of type I IFNs	0.93738	0.98781	0.96697
R-HSA-5389840	85	-0.1555	0.94009	0.99012	Mitochondrial translation elongation	0.92228	0.98781	0.81567
R-HSA-9931953	19	-0.36894	0.94024	0.99012	Biofilm formation	0.94247	0.98924	0.87749
R-HSA-9638630	19	-0.36894	0.94024	0.99012	Attachment of bacteria to epithelial cells	0.94247	0.98924	0.87749
R-HSA-71403	28	-0.29167	0.94066	0.99012	Citric acid cycle (TCA cycle)	0.93677	0.98781	0.8751
R-HSA-75205	10	-0.49502	0.94131	0.99012	Dissolution of Fibrin Clot	0.92899	0.98781	0.94943
R-HSA-5654693	18	-0.34184	0.94215	0.99012	FRS-mediated FGFR1 signaling	0.9399	0.9884	0.92911
R-HSA-1834949	54	-0.20639	0.94232	0.99012	Cytosolic sensors of pathogen-associated DNA	0.93754	0.98781	0.97718
R-HSA-190375	8	-0.48963	0.94279	0.99012	FGFR2c ligand binding and activation	0.94051	0.9884	0.96971
R-HSA-6782315	35	-0.25278	0.94339	0.99012	tRNA modification in the nucleus and cytosol	0.94782	0.9896	0.80821
R-HSA-1655829	52	-0.20991	0.94354	0.99012	Regulation of cholesterol biosynthesis by SREBP (SREBF)	0.94011	0.9884	0.96042
R-HSA-5625740	30	-0.26286	0.9444	0.99012	RHO GTPases activate PKNs	0.94917	0.99008	0.88321
R-HSA-2024096	14	-0.46354	0.94523	0.99012	HS-GAG degradation	0.93665	0.98781	0.91072
R-HSA-5419276	86	-0.16056	0.94589	0.99012	Mitochondrial translation termination	0.9299	0.98781	0.84872
R-HSA-418592	24	-0.34976	0.94611	0.99012	ADP signalling through P2Y purinoceptor 1	0.94403	0.98924	0.91229
R-HSA-9820448	26	-0.29801	0.94611	0.99012	Developmental Cell Lineages of the Exocrine Pancreas	0.95206	0.99021	0.92855
R-HSA-9909505	17	-0.351	0.94684	0.99012	Modulation of host responses by IFN-stimulated genes	0.94592	0.98924	0.96518
R-HSA-5651801	20	-0.31667	0.94688	0.99012	PCNA-Dependent Long Patch Base Excision Repair	0.94593	0.98924	0.99471
R-HSA-6781823	48	-0.2129	0.94747	0.99012	Formation of TC-NER Pre-Incision Complex	0.94319	0.98924	0.98258
R-HSA-913709	38	-0.26838	0.94752	0.99012	O-linked glycosylation of mucins	0.94581	0.98924	0.83978
R-HSA-5654727	28	-0.29963	0.94834	0.99012	Negative regulation of FGFR2 signaling	0.94736	0.9896	0.93963
R-HSA-3560801	15	-0.38059	0.9485	0.99012	Defective B3GAT3 causes JDSSDHD	0.94801	0.9896	0.87625
R-HSA-5368286	85	-0.16566	0.95009	0.99114	Mitochondrial translation initiation	0.93543	0.98781	0.84159
R-HSA-5083635	32	-0.29354	0.95064	0.99114	Defective B3GALTL causes PpS	0.93982	0.9884	0.93346
R-HSA-5654688	16	-0.38643	0.95264	0.99201	SHC-mediated cascade:FGFR1	0.95133	0.99021	0.97175
R-HSA-9772572	28	-0.35157	0.9532	0.99201	Early SARS-CoV-2 Infection Events	0.95204	0.99021	0.92078
R-HSA-5654700	19	-0.36832	0.95321	0.99201	FRS-mediated FGFR2 signaling	0.95316	0.99075	0.95055
R-HSA-1482922	7	-0.70768	0.95495	0.99233	Acyl chain remodelling of PI	0.95466	0.991	0.87756
R-HSA-9855142	96	-0.16686	0.95518	0.99233	Cellular responses to mechanical stimuli	0.95616	0.991	0.90544
R-HSA-202040	23	-0.36962	0.95546	0.99233	G-protein activation	0.94962	0.99008	0.89682
R-HSA-9670439	20	-0.36944	0.95726	0.99233	Signaling by phosphorylated juxtamembrane, extracellular and kinase domain KIT mutants	0.95621	0.991	0.97325
R-HSA-9669938	20	-0.36944	0.95726	0.99233	Signaling by KIT in disease	0.95621	0.991	0.97325
R-HSA-917937	53	-0.21398	0.95735	0.99233	Iron uptake and transport	0.95101	0.99021	0.94154
R-HSA-2022090	48	-0.23444	0.95862	0.99233	Assembly of collagen fibrils and other multimeric structures	0.95863	0.99119	0.9246
R-HSA-8983432	13	-0.52801	0.95985	0.99233	Interleukin-15 signaling	0.95687	0.991	0.9379
R-HSA-77387	26	-0.30373	0.96032	0.99233	Insulin receptor recycling	0.9615	0.99119	0.91594
R-HSA-9840309	18	-0.42957	0.96035	0.99233	Glycosphingolipid biosynthesis	0.9591	0.99119	0.91468
R-HSA-1474244	253	-0.10496	0.96042	0.99233	Extracellular matrix organization	0.95634	0.991	0.96469
R-HSA-2033519	11	-0.48988	0.9613	0.99233	Activated point mutants of FGFR2	0.96127	0.99119	0.9842
R-HSA-1483166	26	-0.32978	0.9619	0.99233	Synthesis of PA	0.96163	0.99119	0.96995
R-HSA-190241	12	-0.47544	0.96254	0.99233	FGFR2 ligand binding and activation	0.96232	0.99119	0.98392
R-HSA-1630316	116	-0.1644	0.96258	0.99233	Glycosaminoglycan metabolism	0.95988	0.99119	0.87653
R-HSA-5654699	17	-0.41763	0.96279	0.99233	SHC-mediated cascade:FGFR2	0.96333	0.99119	0.98353
R-HSA-5654689	16	-0.41878	0.96424	0.99246	PI-3K cascade:FGFR1	0.96457	0.99119	0.95528
R-HSA-456926	28	-0.34603	0.96447	0.99246	Thrombin signalling through proteinase activated receptors (PARs)	0.96422	0.99119	0.97216
R-HSA-189200	12	-0.496	0.96465	0.99246	Cellular hexose transport	0.96383	0.99119	0.98095
R-HSA-2219530	69	-0.21086	0.96549	0.99273	Constitutive Signaling by Aberrant PI3K in Cancer	0.96295	0.99119	0.93166
R-HSA-9637687	12	-0.55917	0.9678	0.99451	Suppression of phagosomal maturation	0.96759	0.9925	0.99234
R-HSA-9920588	21	-0.31291	0.96953	0.99506	Dengue virus activates/modulates innate and adaptive immune responses	0.96613	0.9916	0.9844
R-HSA-9679504	11	-0.65948	0.96987	0.99506	Translation of Replicase and Assembly of the Replication Transcription Complex_9679504	0.97267	0.99593	0.95231
R-HSA-5368287	95	-0.18019	0.97131	0.99506	Mitochondrial translation	0.96161	0.99119	0.90315
R-HSA-844456	14	-0.46453	0.97183	0.99506	The NLRP3 inflammasome	0.96598	0.9916	0.98715
R-HSA-164940	8	-0.66144	0.97185	0.99506	Nef mediated downregulation of MHC class I complex cell surface expression	0.96948	0.99385	0.95071
R-HSA-1483206	101	-0.17504	0.97194	0.99506	Glycerophospholipid biosynthesis	0.97022	0.99401	0.93632
R-HSA-5654695	17	-0.45113	0.97241	0.99506	PI-3K cascade:FGFR2	0.97393	0.99662	0.97075
R-HSA-113501	11	-0.518	0.97419	0.99629	Inhibition of replication initiation of damaged DNA by RB1/E2F1	0.97676	0.99837	0.91847
R-HSA-420092	26	-0.4119	0.97868	0.99903	Glucagon-type ligand receptors	0.97681	0.99837	0.96958
R-HSA-1296346	9	-0.75181	0.98053	0.99903	Tandem pore domain potassium channels	0.98307	0.99868	0.99232
R-HSA-5083636	5	-0.88157	0.98065	0.99903	Defective GALNT12 causes CRCS1	0.97992	0.99868	0.9652
R-HSA-9918485	34	-0.32475	0.98137	0.99903	Dengue Virus Attachment and Entry	0.98127	0.99868	0.97351
R-HSA-9035034	39	-0.35125	0.98167	0.99903	RHOF GTPase cycle	0.98248	0.99868	0.98685
R-HSA-1442490	44	-0.28391	0.9829	0.99903	Collagen degradation	0.98327	0.99868	0.94758
R-HSA-1793185	31	-0.36817	0.98324	0.99903	Chondroitin sulfate/dermatan sulfate metabolism	0.98463	0.99868	0.96781
R-HSA-5083625	5	-0.97071	0.98395	0.99903	Defective GALNT3 causes HFTC	0.9843	0.99868	0.95572
R-HSA-5173105	88	-0.23451	0.98433	0.99903	O-linked glycosylation	0.98144	0.99868	0.93829
R-HSA-9013106	65	-0.2615	0.98467	0.99903	RHOC GTPase cycle	0.98585	0.99868	0.98588
R-HSA-8957275	74	-0.23505	0.98531	0.99903	Post-translational protein phosphorylation	0.98272	0.99868	0.98057
R-HSA-6809371	19	-0.44405	0.98564	0.99903	Formation of the cornified envelope	0.98534	0.99868	0.976
R-HSA-1474228	104	-0.19662	0.98595	0.99903	Degradation of the extracellular matrix	0.98477	0.99868	0.98169
R-HSA-381426	82	-0.22817	0.98638	0.99903	Regulation of Insulin-like Growth Factor (IGF) transport and uptake by Insulin-like Growth Factor Binding Proteins (IGFBPs)	0.98414	0.99868	0.98258
R-HSA-9824439	94	-0.23828	0.98655	0.99903	Bacterial Infection Pathways	0.98562	0.99868	0.98331
R-HSA-186797	53	-0.29582	0.98838	0.99903	Signaling by PDGF	0.98987	0.99868	0.95174
R-HSA-6806834	75	-0.25177	0.98931	0.99903	Signaling by MET	0.99078	0.99868	0.91692
R-HSA-3000480	16	-0.56535	0.9902	0.99903	Scavenging by Class A Receptors	0.98915	0.99868	0.99507
R-HSA-1433557	39	-0.35869	0.99031	0.99903	Signaling by SCF-KIT	0.9893	0.99868	0.9893
R-HSA-6805567	20	-0.46855	0.99059	0.99903	Keratinization	0.99009	0.99868	0.98049
R-HSA-1483257	176	-0.16846	0.99156	0.99903	Phospholipid metabolism	0.99185	0.99868	0.98739
R-HSA-8948216	38	-0.3626	0.99183	0.99903	Collagen chain trimerization	0.99248	0.99868	0.97574
R-HSA-429947	22	-0.50232	0.99259	0.99903	Deadenylation of mRNA	0.99222	0.99868	0.96995
R-HSA-9013026	61	-0.31181	0.99391	0.99903	RHOB GTPase cycle	0.9941	0.99868	0.99738
R-HSA-70895	21	-0.59829	0.99411	0.99903	Branched-chain amino acid catabolism	0.99377	0.99868	0.99158
R-HSA-9860927	28	-0.44808	0.99563	0.99903	Turbulent (oscillatory, disturbed) flow shear stress activates signaling by PIEZO1 and integrins in endothelial cells	0.99561	0.99868	0.987
R-HSA-9013405	46	-0.37379	0.99582	0.99903	RHOD GTPase cycle	0.99655	0.99868	0.99872
R-HSA-1660516	15	-0.66003	0.99602	0.99903	Synthesis of PIPs at the early endosome membrane	0.996	0.99868	0.97926
R-HSA-5083632	5	-1.2257	0.99608	0.99903	Defective C1GALT1C1 causes TNPS	0.99599	0.99868	0.98083
R-HSA-3781865	117	-0.2415	0.99614	0.99903	Diseases of glycosylation	0.99553	0.99868	0.95924
R-HSA-9865118	13	-0.89185	0.9966	0.99903	Diseases of branched-chain amino acid catabolism	0.99653	0.99868	0.99788
R-HSA-3906995	49	-0.39553	0.99665	0.99903	Diseases associated with O-glycosylation of proteins	0.99554	0.99868	0.9905
R-HSA-1474290	77	-0.29348	0.99669	0.99903	Collagen formation	0.99693	0.99868	0.99082
R-HSA-9820865	10	-0.93392	0.9967	0.99903	Z-decay: degradation of maternal mRNAs by zygotically expressed factors	0.99655	0.99868	0.9844
R-HSA-9831926	8	-0.90511	0.99782	0.99949	Nephron development	0.99678	0.99868	0.99889
R-HSA-1650814	61	-0.36829	0.99885	0.99949	Collagen biosynthesis and modifying enzymes	0.99892	0.9995	0.995
R-HSA-9690406	6	-1.1243	0.99891	0.99949	Transcriptional regulation of testis differentiation	0.99862	0.9995	0.99962
R-HSA-428540	10	-1.0595	0.99973	0.99973	Activation of RAC1	0.99973	0.99973	0.99967
