gene_name	tissue	variant_id	af	slope	slope_se	beta_gwas	se_gwas	z_eqtl	z_gwas	smr_chi2	smr_p	direction	strong_instrument
STAU1	Brain_Frontal_Cortex_BA9	chr20_49114621_T_C_b38	0.36567	0.29909	0.043544	-0.081226	0.013069	6.8687	-6.2152	21.239	4.0543e-06	higher expression, lower risk	True
STAU1	Brain_Anterior_cingulate_cortex_BA24	chr20_49267405_T_A_b38	0.37339	0.29917	0.047091	-0.071043	0.013034	6.3531	-5.4506	17.113	3.5225e-05	higher expression, lower risk	True
STAU1	Brain_Cortex	chr20_49112292_GCTTA_G_b38	0.39925	0.15293	0.028448	-0.079297	0.013055	5.3757	-6.0742	16.206	5.6828e-05	higher expression, lower risk	True
CCDC92	Nerve_Tibial	chr12_123938728_C_G_b38	0.32609	0.36997	0.031997	0.057624	0.013644	11.563	4.2234	15.737	7.2776e-05	higher expression, higher risk	True
AMT	Nerve_Tibial	chr3_49422974_C_T_b38	0.27061	-0.44292	0.015356	0.057241	0.014372	-28.844	3.983	15.567	7.962e-05	higher expression, lower risk	True
NICN1	Nerve_Tibial	chr3_49405115_G_A_b38	0.27061	-0.33495	0.019087	0.057744	0.014391	-17.548	4.0125	15.3	9.1707e-05	higher expression, lower risk	True
AMT	Brain_Cerebellum	chr3_49462981_G_A_b38	0.27841	-0.65276	0.03535	0.056772	0.014377	-18.465	3.9489	14.912	0.00011263	higher expression, lower risk	True
NICN1	Pituitary	chr3_49279905_T_C_b38	0.71543	0.38047	0.037755	-0.059476	0.014226	10.077	-4.1807	14.912	0.00011265	higher expression, lower risk	True
AMT	Brain_Cerebellar_Hemisphere	chr3_49405115_G_A_b38	0.27899	-0.46423	0.032717	0.057744	0.014391	-14.189	4.0125	14.908	0.00011288	higher expression, lower risk	True
AMT	Pituitary	chr3_49359318_T_C_b38	0.72669	0.55821	0.033076	-0.056238	0.014382	16.877	-3.9103	14.512	0.0001393	higher expression, lower risk	True
AMT	Brain_Caudate_basal_ganglia	chr3_49405115_G_A_b38	0.29027	-0.43628	0.039417	0.057744	0.014391	-11.068	4.0125	14.23	0.00016177	higher expression, lower risk	True
AMT	Brain_Putamen_basal_ganglia	chr3_49291400_A_C_b38	0.72134	0.45118	0.043333	-0.056159	0.014365	10.412	-3.9096	13.396	0.00025216	higher expression, lower risk	True
AMT	Brain_Nucleus_accumbens_basal_ganglia	chr3_49363049_T_C_b38	0.73416	0.43481	0.038749	-0.055657	0.01438	11.221	-3.8704	13.387	0.00025332	higher expression, lower risk	True
CALHM2	Brain_Frontal_Cortex_BA9	chr10_103444697_T_C_b38	0.37687	0.38511	0.047	-0.053553	0.01315	8.1939	-4.0726	13.3	0.00026536	higher expression, lower risk	True
CALHM2	Nerve_Tibial	chr10_103447117_T_C_b38	0.35757	0.22021	0.022151	-0.051254	0.013147	9.9411	-3.8986	13.173	0.00028396	higher expression, lower risk	True
AMT	Brain_Hippocampus	chr3_49458830_G_A_b38	0.69291	0.29969	0.034741	-0.057405	0.01437	8.6266	-3.9947	13.14	0.00028905	higher expression, lower risk	True
WIPF3	Brain_Spinal_cord_cervical_c-1	chr7_29863430_A_G_b38	0.58374	0.56215	0.059497	0.051518	0.013151	9.4484	3.9176	13.096	0.00029594	higher expression, higher risk	True
CCDC71	Brain_Cerebellar_Hemisphere	chr3_49158420_T_TAGG_b38	0.60688	-0.52891	0.0418	-0.049146	0.013047	-12.654	-3.7668	13.034	0.00030593	higher expression, higher risk	True
CALHM2	Brain_Cortex	chr10_103444697_T_C_b38	0.3806	0.31502	0.042994	-0.053553	0.01315	7.3272	-4.0726	12.671	0.0003713	higher expression, lower risk	True
CCDC71	Brain_Cerebellum	chr3_49195295_G_A_b38	0.58523	-0.48429	0.043606	-0.048829	0.013044	-11.106	-3.7433	12.583	0.00038932	higher expression, higher risk	True
SEZ6L	Brain_Cerebellum	chr22_26312639_C_T_b38	0.2178	-0.50309	0.054037	0.06266	0.016463	-9.3101	3.8062	12.412	0.00042652	higher expression, lower risk	True
AMT	Brain_Hypothalamus	chr3_49404587_A_G_b38	0.71484	0.26124	0.036942	-0.058223	0.014357	7.0716	-4.0554	12.376	0.00043488	higher expression, lower risk	True
AMT	Brain_Spinal_cord_cervical_c-1	chr3_49458830_G_A_b38	0.69212	0.32553	0.045816	-0.057405	0.01437	7.1051	-3.9947	12.125	0.00049751	higher expression, lower risk	True
STAU1	Brain_Putamen_basal_ganglia	chr20_49265044_A_C_b38	0.48617	0.20378	0.037517	-0.057819	0.012817	5.4317	-4.511	12.043	0.00051991	higher expression, lower risk	True
LRFN5	Brain_Cerebellum	chr14_41614827_A_T_b38	0.55492	-0.49976	0.048859	-0.047121	0.012814	-10.229	-3.6773	11.975	0.00053918	higher expression, higher risk	True
C11orf80	Brain_Cerebellar_Hemisphere	chr11_66879959_T_G_b38	0.28804	-0.33138	0.047349	0.054582	0.013914	-6.9987	3.9228	11.71	0.00062176	higher expression, lower risk	True
CCDC71	Brain_Putamen_basal_ganglia	chr3_49179039_T_C_b38	0.70949	-0.29026	0.050964	-0.059559	0.014216	-5.6955	-4.1895	11.389	0.00073868	higher expression, higher risk	True
NICN1	Brain_Cerebellum	chr3_49538116_G_C_b38	0.72159	0.22927	0.035724	-0.056476	0.01438	6.4179	-3.9275	11.223	0.00080807	higher expression, lower risk	True
GATB	Brain_Cerebellum	chr4_151758570_A_G_b38	0.37879	-0.58645	0.045846	0.045545	0.013126	-12.792	3.4698	11.214	0.00081163	higher expression, lower risk	True
CALHM2	Brain_Anterior_cingulate_cortex_BA24	chr10_103444697_T_C_b38	0.37983	0.30963	0.052725	-0.053553	0.01315	5.8725	-4.0726	11.2	0.00081814	higher expression, lower risk	True
AMDHD2	Nerve_Tibial	chr16_2487169_C_T_b38	0.098201	-0.31242	0.041228	-0.076713	0.02057	-7.5777	-3.7293	11.196	0.0008198	higher expression, higher risk	True
NICN1	Brain_Caudate_basal_ganglia	chr3_49422917_A_G_b38	0.7047	-0.19603	0.032618	-0.057571	0.014369	-6.01	-4.0066	11.114	0.00085702	higher expression, higher risk	True
ATAD3C	Nerve_Tibial	chr1_1443457_T_C_b38	0.29085	-0.8544	0.032453	-0.05263	0.015674	-26.328	-3.3578	11.095	0.00086579	higher expression, higher risk	True
SEZ6L	Brain_Cerebellar_Hemisphere	chr22_26308595_C_T_b38	0.21196	-0.49522	0.056142	0.05954	0.016603	-8.8209	3.5862	11.036	0.00089335	higher expression, lower risk	True
ATAD3C	Brain_Spinal_cord_cervical_c-1	chr1_1443457_T_C_b38	0.29557	-0.90037	0.051977	-0.05263	0.015674	-17.322	-3.3578	10.867	0.00097906	higher expression, higher risk	True
CCDC71	Brain_Nucleus_accumbens_basal_ganglia	chr3_49199961_T_C_b38	0.60211	-0.35982	0.053488	-0.049189	0.013046	-6.7271	-3.7706	10.818	0.001005	higher expression, higher risk	True
FANCL	Brain_Cerebellar_Hemisphere	chr2_57944972_C_T_b38	0.61594	-0.30425	0.066214	0.060872	0.012967	-4.595	4.6944	10.783	0.0010244	higher expression, lower risk	False
FANCL	Brain_Cerebellum	chr2_57944972_C_T_b38	0.61742	-0.27812	0.060563	0.060872	0.012967	-4.5923	4.6944	10.776	0.001028	higher expression, lower risk	False
ATAD3C	Brain_Hippocampus	chr1_1443457_T_C_b38	0.31102	-0.85724	0.056136	-0.05263	0.015674	-15.271	-3.3578	10.755	0.0010399	higher expression, higher risk	True
ATAD3C	Brain_Hypothalamus	chr1_1443457_T_C_b38	0.28125	-0.69128	0.046323	-0.05263	0.015674	-14.923	-3.3578	10.732	0.0010531	higher expression, higher risk	True
LRFN5	Brain_Cerebellar_Hemisphere	chr14_41676612_G_C_b38	0.44022	0.57656	0.047916	0.044066	0.012955	12.033	3.4015	10.714	0.0010634	higher expression, higher risk	True
COG5	Nerve_Tibial	chr7_107227558_T_C_b38	0.21096	-0.18076	0.029907	0.058938	0.015138	-6.044	3.8933	10.713	0.0010641	higher expression, lower risk	True
ATAD3C	Brain_Frontal_Cortex_BA9	chr1_1443457_T_C_b38	0.30224	-0.85977	0.063107	-0.05263	0.015674	-13.624	-3.3578	10.629	0.001113	higher expression, higher risk	True
PTBP2	Brain_Cortex	chr1_96685939_C_T_b38	0.51679	0.22004	0.035612	-0.04869	0.012711	6.1787	-3.8305	10.599	0.0011314	higher expression, lower risk	True
PABPC1L	Brain_Anterior_cingulate_cortex_BA24	chr20_44885562_C_T_b38	0.27682	-0.50538	0.040208	-0.048773	0.0145	-12.569	-3.3637	10.559	0.0011565	higher expression, higher risk	True
LRFN4	Nerve_Tibial	chr11_66783672_C_T_b38	0.30285	-0.17254	0.023859	0.052048	0.014325	-7.2317	3.6333	10.54	0.001168	higher expression, lower risk	True
ATAD3C	Brain_Substantia_nigra	chr1_1443457_T_C_b38	0.31148	-0.75527	0.061419	-0.05263	0.015674	-12.297	-3.3578	10.493	0.0011985	higher expression, higher risk	True
PTBP2	Brain_Cerebellum	chr1_96750780_G_A_b38	0.51704	0.24325	0.038394	-0.047907	0.012712	6.3358	-3.7685	10.49	0.0012001	higher expression, lower risk	True
CCDC71	Brain_Frontal_Cortex_BA9	chr3_49158420_T_TAGG_b38	0.6194	-0.32111	0.051072	-0.049146	0.013047	-6.2875	-3.7668	10.441	0.0012323	higher expression, higher risk	True
PABPC1L	Brain_Hippocampus	chr20_44885562_C_T_b38	0.29331	-0.50076	0.043186	-0.048773	0.0145	-11.596	-3.3637	10.437	0.0012355	higher expression, higher risk	True
CCDC92	Brain_Frontal_Cortex_BA9	chr12_123965282_G_A_b38	0.33209	-0.16581	0.034069	0.058661	0.013639	-4.8669	4.301	10.387	0.0012692	higher expression, lower risk	False
NICN1	Brain_Putamen_basal_ganglia	chr3_49422917_A_G_b38	0.71739	-0.22784	0.042401	-0.057571	0.014369	-5.3733	-4.0066	10.317	0.0013183	higher expression, higher risk	True
PPP4R4	Brain_Cortex	chr14_94290413_T_C_b38	0.1959	-0.25206	0.028534	-0.060154	0.01747	-8.8334	-3.4433	10.292	0.0013358	higher expression, higher risk	True
COG5	Brain_Caudate_basal_ganglia	chr7_107538032_G_A_b38	0.16107	0.27901	0.043874	0.060945	0.016419	6.3593	3.7118	10.276	0.0013475	higher expression, higher risk	True
PABPC1L	Brain_Caudate_basal_ganglia	chr20_44893533_C_G_b38	0.30873	-0.503	0.035232	-0.047545	0.014466	-14.277	-3.2867	10.259	0.0013605	higher expression, higher risk	True
L3MBTL3	Pituitary	chr6_130053316_T_A_b38	0.7508	-0.83671	0.040365	-0.045463	0.014027	-20.728	-3.2411	10.254	0.001364	higher expression, higher risk	True
NEURL1	Brain_Caudate_basal_ganglia	chr10_103593233_G_T_b38	0.3708	-0.099393	0.02024	-0.055237	0.013121	-4.9108	-4.2098	10.215	0.0013927	higher expression, higher risk	False
PTBP2	Brain_Nucleus_accumbens_basal_ganglia	chr1_96685939_C_T_b38	0.52465	0.2415	0.041709	-0.04869	0.012711	5.79	-3.8305	10.206	0.0013999	higher expression, lower risk	True
MFSD10	Brain_Cerebellar_Hemisphere	chr4_3051098_T_C_b38	0.51087	0.14804	0.028343	0.051293	0.012737	5.2232	4.0269	10.171	0.0014268	higher expression, higher risk	False
L3MBTL3	Nerve_Tibial	chr6_130053316_T_A_b38	0.76762	-0.62416	0.035545	-0.045463	0.014027	-17.56	-3.2411	10.158	0.0014364	higher expression, higher risk	True
PTBP2	Brain_Caudate_basal_ganglia	chr1_96685939_C_T_b38	0.52349	0.20137	0.035694	-0.04869	0.012711	5.6417	-3.8305	10.043	0.0015292	higher expression, lower risk	True
CCDC92	Brain_Cortex	chr12_123921324_G_A_b38	0.31716	-0.16353	0.034124	0.057619	0.013647	-4.7924	4.2221	10.036	0.0015348	higher expression, lower risk	False
COG5	Brain_Spinal_cord_cervical_c-1	chr7_107409776_T_C_b38	0.21182	-0.22917	0.043123	0.059641	0.015121	-5.3144	3.9442	10.031	0.0015389	higher expression, lower risk	False
PABPC1L	Brain_Hypothalamus	chr20_44893533_C_G_b38	0.29883	-0.40487	0.035509	-0.047545	0.014466	-11.402	-3.2867	9.9735	0.0015881	higher expression, higher risk	True
MSANTD1	Brain_Cortex	chr4_3050213_C_T_b38	0.51119	0.16318	0.032594	0.051587	0.012739	5.0066	4.0495	9.9131	0.0016411	higher expression, higher risk	False
DENND1A	Nerve_Tibial	chr9_123927278_T_C_b38	0.3036	0.20971	0.031851	0.053481	0.014933	6.5843	3.5813	9.8976	0.001655	higher expression, higher risk	True
ZBBX	Brain_Hypothalamus	chr3_167326724_T_A_b38	0.33008	0.10783	0.022344	0.055128	0.013306	4.826	4.1431	9.8819	0.0016691	higher expression, higher risk	False
PTBP2	Brain_Frontal_Cortex_BA9	chr1_96696278_T_A_b38	0.51119	0.24018	0.04223	-0.047945	0.012712	5.6873	-3.7717	9.8803	0.0016705	higher expression, lower risk	True
PABPC1L	Brain_Nucleus_accumbens_basal_ganglia	chr20_44893533_C_G_b38	0.28345	-0.31783	0.029617	-0.047545	0.014466	-10.731	-3.2867	9.8759	0.0016746	higher expression, higher risk	True
GATB	Pituitary	chr4_151758570_A_G_b38	0.38264	-0.25353	0.034337	0.045545	0.013126	-7.3835	3.4698	9.8617	0.0016876	higher expression, lower risk	True
GPR22	Brain_Putamen_basal_ganglia	chr7_107481417_C_T_b38	0.18182	0.23433	0.040969	0.061551	0.016418	5.7195	3.749	9.8309	0.001716	higher expression, higher risk	True
SYT12	Brain_Cerebellar_Hemisphere	chr11_66889898_A_AATCATTT_b38	0.26087	-0.14849	0.0307	0.058735	0.014336	-4.8369	4.0971	9.7737	0.0017702	higher expression, lower risk	False
WIPF3	Brain_Nucleus_accumbens_basal_ganglia	chr7_29846225_C_T_b38	0.59859	0.22887	0.031566	0.045702	0.01327	7.2504	3.444	9.6777	0.0018652	higher expression, higher risk	True
PABPC1L	Brain_Cortex	chr20_44906262_G_A_b38	0.27425	-0.52774	0.047087	-0.046857	0.014473	-11.208	-3.2375	9.6743	0.0018686	higher expression, higher risk	True
LRFN4	Pituitary	chr11_66783672_C_T_b38	0.28296	-0.19311	0.032308	0.052048	0.014325	-5.9772	3.6333	9.6392	0.0019047	higher expression, lower risk	True
PABPC1L	Brain_Substantia_nigra	chr20_44885562_C_T_b38	0.28142	-0.47572	0.059591	-0.048773	0.0145	-7.9831	-3.3637	9.6088	0.0019364	higher expression, higher risk	True
AMT	Brain_Substantia_nigra	chr3_49434089_G_C_b38	0.27869	-0.29041	0.058347	0.056957	0.014383	-4.9773	3.9601	9.6033	0.0019423	higher expression, lower risk	False
CCDC71	Brain_Hippocampus	chr3_49194581_G_A_b38	0.5689	-0.3287	0.053982	-0.046579	0.012955	-6.089	-3.5955	9.5855	0.0019612	higher expression, higher risk	True
PABPC1L	Brain_Putamen_basal_ganglia	chr20_44909956_G_T_b38	0.27866	-0.41946	0.040388	-0.046832	0.014471	-10.386	-3.2363	9.5464	0.0020034	higher expression, higher risk	True
PPP4R4	Brain_Frontal_Cortex_BA9	chr14_94179361_G_T_b38	0.82836	0.29355	0.029444	0.05628	0.017408	9.9696	3.2331	9.458	0.0021023	higher expression, higher risk	True
FAM135B	Brain_Substantia_nigra	chr8_138522667_C_T_b38	0.20765	0.21907	0.042207	-0.068734	0.018015	5.1903	-3.8154	9.4505	0.002111	higher expression, lower risk	False
ZPBP	Pituitary	chr7_50054487_C_A_b38	0.78135	-0.57021	0.089152	-0.05343	0.015251	-6.396	-3.5035	9.4416	0.0021212	higher expression, higher risk	True
PABPC1L	Brain_Amygdala	chr20_44893533_C_G_b38	0.28889	-0.45747	0.053352	-0.047545	0.014466	-8.5746	-3.2867	9.4184	0.0021481	higher expression, higher risk	True
L3MBTL3	Brain_Cortex	chr6_130053316_T_A_b38	0.77239	-0.56724	0.059629	-0.045463	0.014027	-9.5128	-3.2411	9.412	0.0021557	higher expression, higher risk	True
MFSD10	Nerve_Tibial	chr4_2933891_C_G_b38	0.044977	0.33168	0.051404	0.094971	0.027239	6.4524	3.4866	9.409	0.0021592	higher expression, higher risk	True
LRFN4	Brain_Cerebellum	chr11_66932151_G_C_b38	0.3447	-0.23104	0.034125	0.045616	0.013259	-6.7703	3.4403	9.4068	0.0021618	higher expression, lower risk	True
PTBP2	Brain_Cerebellar_Hemisphere	chr1_96750780_G_A_b38	0.54167	0.18587	0.03536	-0.047907	0.012712	5.2565	-3.7685	9.3803	0.0021933	higher expression, lower risk	False
CACNA1E	Brain_Cerebellar_Hemisphere	chr1_181677898_C_G_b38	0.53261	-0.3407	0.068679	-0.049687	0.012834	-4.9608	-3.8716	9.3154	0.0022724	higher expression, higher risk	False
SEH1L	Brain_Frontal_Cortex_BA9	chr18_12958329_T_G_b38	0.66791	-0.12746	0.024335	-0.049273	0.013197	-5.2378	-3.7337	9.2434	0.0023635	higher expression, higher risk	False
ARFGEF2	Brain_Cortex	chr20_48907252_C_T_b38	0.20149	-0.1416	0.030777	0.059407	0.014691	-4.601	4.0438	9.2258	0.0023862	higher expression, lower risk	False
PPP4R4	Brain_Nucleus_accumbens_basal_ganglia	chr14_94246097_A_G_b38	0.1831	-0.23122	0.027128	-0.056522	0.017407	-8.5231	-3.2471	9.2072	0.0024106	higher expression, higher risk	True
COG5	Brain_Putamen_basal_ganglia	chr7_107472445_C_T_b38	0.17589	0.25285	0.048983	0.061443	0.016419	5.162	3.7423	9.1799	0.0024468	higher expression, higher risk	False
GPR22	Brain_Caudate_basal_ganglia	chr7_107316716_C_A_b38	0.21141	0.15893	0.032039	0.057496	0.015093	4.9603	3.8094	9.128	0.0025173	higher expression, higher risk	False
UGP2	Brain_Anterior_cingulate_cortex_BA24	chr2_63841654_G_T_b38	0.76824	0.1436	0.031419	-0.061864	0.015508	4.5706	-3.9891	9.0325	0.0026522	higher expression, lower risk	False
GATB	Brain_Cerebellar_Hemisphere	chr4_151710320_A_G_b38	0.38406	-0.44589	0.034145	0.040459	0.013146	-13.059	3.0777	8.9736	0.002739	higher expression, lower risk	True
GBA	Pituitary	chr1_155252046_C_A_b38	0.28296	-0.20079	0.033802	-0.051512	0.014854	-5.9401	-3.468	8.9695	0.0027452	higher expression, higher risk	True
MSANTD1	Brain_Cerebellar_Hemisphere	chr4_3259425_G_A_b38	0.34058	-0.31333	0.047053	-0.04389	0.013119	-6.659	-3.3455	8.9365	0.0027953	higher expression, higher risk	True
ATAD3C	Brain_Cortex	chr1_1453552_G_A_b38	0.23134	-0.86181	0.061454	-0.050967	0.016659	-14.024	-3.0594	8.9349	0.0027977	higher expression, higher risk	True
L3MBTL3	Brain_Cerebellum	chr6_130053316_T_A_b38	0.76515	-0.61126	0.081474	-0.045463	0.014027	-7.5026	-3.2411	8.8525	0.0029269	higher expression, higher risk	True
PABPC1L	Brain_Frontal_Cortex_BA9	chr20_44904645_T_G_b38	0.29291	-0.49396	0.04592	-0.044943	0.014528	-10.757	-3.0936	8.8394	0.0029479	higher expression, higher risk	True
DCC	Brain_Frontal_Cortex_BA9	chr18_53284305_C_T_b38	0.39366	0.15947	0.037515	0.053656	0.012918	4.2509	4.1538	8.8262	0.0029693	higher expression, higher risk	False
SOX7	Brain_Cerebellar_Hemisphere	chr8_10726936_G_A_b38	0.53804	0.35782	0.055049	-0.042688	0.012789	6.5001	-3.338	8.8168	0.0029846	higher expression, lower risk	True
DCC	Brain_Cerebellum	chr18_53310583_C_T_b38	0.44886	0.29086	0.057861	-0.047056	0.012806	5.0269	-3.6745	8.8001	0.0030121	higher expression, lower risk	False
CCDC92	Brain_Spinal_cord_cervical_c-1	chr12_124053755_C_A_b38	0.79064	-0.23671	0.04223	-0.060506	0.017318	-5.6052	-3.4939	8.7914	0.0030266	higher expression, higher risk	True
AMT	Brain_Amygdala	chr3_49317941_G_T_b38	0.72778	0.2321	0.051666	-0.056704	0.014385	4.4922	-3.9418	8.7786	0.0030479	higher expression, lower risk	False
GATB	Brain_Frontal_Cortex_BA9	chr4_151726425_T_A_b38	0.3694	-0.20258	0.026929	0.042236	0.013137	-7.5227	3.215	8.7397	0.0031136	higher expression, lower risk	True
C1QTNF4	Nerve_Tibial	chr11_47589600_C_T_b38	0.3913	-0.38676	0.023562	-0.038883	0.01294	-16.415	-3.005	8.7371	0.003118	higher expression, higher risk	True
NPTXR	Nerve_Tibial	chr22_38852662_C_T_b38	0.15892	0.16808	0.024633	0.054894	0.016794	6.8233	3.2686	8.6897	0.0032001	higher expression, higher risk	True
L3MBTL3	Brain_Cerebellar_Hemisphere	chr6_130053316_T_A_b38	0.77717	-0.47446	0.066946	-0.045463	0.014027	-7.0871	-3.2411	8.6876	0.0032038	higher expression, higher risk	True
PPP4R4	Brain_Anterior_cingulate_cortex_BA24	chr14_94283955_G_A_b38	0.18884	-0.28911	0.033694	-0.05426	0.017322	-8.5804	-3.1323	8.6578	0.0032566	higher expression, higher risk	True
MSANTD1	Brain_Cerebellum	chr4_3255646_T_C_b38	0.35038	-0.37763	0.051777	-0.042284	0.013224	-7.2934	-3.1976	8.5764	0.0034055	higher expression, higher risk	True
ATAD3B	Brain_Cerebellum	chr1_1531013_G_A_b38	0.018939	-1.8828	0.15907	-0.16766	0.055562	-11.837	-3.0176	8.5502	0.0034549	higher expression, higher risk	True
NICN1	Brain_Nucleus_accumbens_basal_ganglia	chr3_48764496_G_A_b38	0.77817	-0.26659	0.034613	-0.046677	0.014871	-7.7021	-3.1387	8.4485	0.0036534	higher expression, higher risk	True
TMEM26	Brain_Frontal_Cortex_BA9	chr10_61415107_C_A_b38	0.22761	0.49814	0.079561	-0.051839	0.015811	6.2611	-3.2786	8.4361	0.0036785	higher expression, lower risk	True
MFSD10	Brain_Cerebellum	chr4_2941945_G_C_b38	0.45265	-0.18172	0.035409	-0.04576	0.012992	-5.1319	-3.5222	8.4332	0.0036844	higher expression, higher risk	False
C1QTNF4	Brain_Cerebellar_Hemisphere	chr11_47589600_C_T_b38	0.38768	-0.35313	0.032023	-0.038883	0.01294	-11.027	-3.005	8.4057	0.0037404	higher expression, higher risk	True
TCTA	Nerve_Tibial	chr3_49155648_A_G_b38	0.62594	0.098303	0.021865	-0.049435	0.013047	4.4959	-3.7891	8.3946	0.0037635	higher expression, lower risk	False
PTBP2	Brain_Anterior_cingulate_cortex_BA24	chr1_96685939_C_T_b38	0.51717	0.20511	0.046328	-0.04869	0.012711	4.4273	-3.8305	8.3913	0.0037702	higher expression, lower risk	False
ARFGEF2	Nerve_Tibial	chr20_49147738_C_T_b38	0.23763	-0.10407	0.018612	0.049748	0.014705	-5.5913	3.3831	8.3781	0.0037976	higher expression, lower risk	True
WIPF3	Brain_Caudate_basal_ganglia	chr7_29846225_C_T_b38	0.57886	0.1275	0.023872	0.045702	0.01327	5.3408	3.444	8.3777	0.0037986	higher expression, higher risk	False
SEH1L	Brain_Cerebellar_Hemisphere	chr18_13021631_G_A_b38	0.61413	-0.21348	0.040212	-0.044077	0.012872	-5.3089	-3.4243	8.2808	0.0040066	higher expression, higher risk	False
ARFGEF2	Brain_Spinal_cord_cervical_c-1	chr20_49155727_A_T_b38	0.2266	-0.26361	0.045045	0.049044	0.014878	-5.852	3.2964	8.2488	0.004078	higher expression, lower risk	True
NPTXR	Pituitary	chr22_38817512_C_A_b38	0.79582	-0.40247	0.059947	-0.051157	0.016115	-6.7138	-3.1745	8.2362	0.0041062	higher expression, higher risk	True
SATB1	Brain_Cerebellum	chr3_18424330_T_C_b38	0.2822	0.21857	0.044954	0.052548	0.014797	4.8622	3.5512	8.2239	0.0041342	higher expression, higher risk	False
SATB1	Brain_Cortex	chr3_18427031_A_G_b38	0.19963	0.14818	0.025254	0.054173	0.016523	5.8676	3.2787	8.1919	0.0042079	higher expression, higher risk	True
C1QTNF4	Brain_Cerebellum	chr11_47589600_C_T_b38	0.4072	-0.35115	0.038282	-0.038883	0.01294	-9.1727	-3.005	8.1548	0.0042948	higher expression, higher risk	True
L3MBTL3	Brain_Frontal_Cortex_BA9	chr6_130053316_T_A_b38	0.77239	-0.37563	0.062404	-0.045463	0.014027	-6.0194	-3.2411	8.1436	0.0043213	higher expression, higher risk	True
SOX7	Brain_Cortex	chr8_10789007_T_C_b38	0.41604	0.38345	0.058888	-0.040794	0.012864	6.5115	-3.1711	8.1281	0.0043585	higher expression, lower risk	True
PABPC1L	Brain_Spinal_cord_cervical_c-1	chr20_44909956_G_T_b38	0.2537	-0.33225	0.055272	-0.046832	0.014471	-6.0111	-3.2363	8.1198	0.0043784	higher expression, higher risk	True
CALHM2	Brain_Putamen_basal_ganglia	chr10_103415374_T_C_b38	0.28854	0.2101	0.044982	-0.049228	0.013719	4.6708	-3.5883	8.0971	0.0044336	higher expression, lower risk	False
DENND1A	Brain_Cerebellum	chr9_123927278_T_C_b38	0.29546	0.2461	0.052799	0.053481	0.014933	4.6612	3.5813	8.0649	0.0045132	higher expression, higher risk	False
PPP4R4	Brain_Hippocampus	chr14_94153856_A_G_b38	0.83268	0.15942	0.032356	0.066123	0.019239	4.9272	3.4368	7.9458	0.0048198	higher expression, higher risk	False
PPP4R4	Brain_Putamen_basal_ganglia	chr14_94173550_G_C_b38	0.83004	0.18649	0.03548	0.058787	0.017621	5.2563	3.3362	7.934	0.0048516	higher expression, higher risk	False
SOX7	Brain_Hypothalamus	chr8_10726936_G_A_b38	0.51953	0.27427	0.053523	-0.042688	0.012789	5.1243	-3.338	7.8226	0.0051596	higher expression, lower risk	False
ATAD3A	Brain_Nucleus_accumbens_basal_ganglia	chr1_1495204_T_C_b38	0.13732	-0.26018	0.054015	-0.085654	0.024933	-4.8168	-3.4353	7.8226	0.0051596	higher expression, higher risk	False
FAM135B	Pituitary	chr8_138573836_T_C_b38	0.13183	0.22226	0.051311	-0.073595	0.020414	4.3317	-3.6052	7.6785	0.0055882	higher expression, lower risk	False
SOX7	Brain_Nucleus_accumbens_basal_ganglia	chr8_10789007_T_C_b38	0.39965	0.29463	0.052021	-0.040794	0.012864	5.6635	-3.1711	7.6557	0.0056593	higher expression, lower risk	True
EXD3	Nerve_Tibial	chr9_137374524_C_T_b38	0.038981	0.55966	0.055704	-0.099901	0.034731	10.047	-2.8764	7.6469	0.005687	higher expression, lower risk	True
ZNF311	Brain_Hypothalamus	chr6_28798460_G_A_b38	0.30664	0.35679	0.073637	0.045727	0.013581	4.8452	3.367	7.645	0.0056929	higher expression, higher risk	False
PPP4R4	Brain_Caudate_basal_ganglia	chr14_94176625_C_T_b38	0.80201	0.1434	0.027618	0.056634	0.017396	5.1921	3.2555	7.6074	0.0058128	higher expression, higher risk	False
L3MBTL3	Brain_Caudate_basal_ganglia	chr6_130053316_T_A_b38	0.76007	-0.32674	0.062228	-0.045463	0.014027	-5.2507	-3.2411	7.6064	0.0058161	higher expression, higher risk	False
GPR22	Brain_Cerebellar_Hemisphere	chr7_107435124_A_C_b38	0.2337	0.21023	0.038521	-0.047929	0.015088	5.4575	-3.1765	7.537	0.0060444	higher expression, lower risk	True
TENM2	Brain_Cerebellar_Hemisphere	chr5_167262560_G_A_b38	0.17935	0.34918	0.082117	0.059589	0.016601	4.2522	3.5896	7.5236	0.0060894	higher expression, higher risk	False
PTBP2	Nerve_Tibial	chr1_96634211_C_T_b38	0.42579	0.22125	0.02005	-0.036607	0.01295	11.035	-2.8267	7.4983	0.0061758	higher expression, lower risk	True
ATAD3C	Brain_Putamen_basal_ganglia	chr1_1440430_C_G_b38	0.27273	-0.73759	0.058563	-0.044604	0.015985	-12.595	-2.7903	7.4214	0.0064454	higher expression, higher risk	True
ARFGEF2	Brain_Anterior_cingulate_cortex_BA24	chr20_49145241_T_C_b38	0.21957	-0.13489	0.030097	0.050388	0.014707	-4.482	3.4262	7.4092	0.0064892	higher expression, lower risk	False
GATB	Brain_Hippocampus	chr4_151689391_A_G_b38	0.37795	-0.26993	0.0479	0.040832	0.01315	-5.6352	3.105	7.3958	0.0065376	higher expression, lower risk	True
ATAD3C	Brain_Nucleus_accumbens_basal_ganglia	chr1_1440430_C_G_b38	0.25704	-0.63463	0.052294	-0.044604	0.015985	-12.136	-2.7903	7.3947	0.0065416	higher expression, higher risk	True
L3MBTL3	Brain_Anterior_cingulate_cortex_BA24	chr6_130053316_T_A_b38	0.78112	-0.34415	0.069147	-0.045463	0.014027	-4.977	-3.2411	7.3765	0.0066083	higher expression, higher risk	False
ARFGEF2	Brain_Caudate_basal_ganglia	chr20_49195666_G_C_b38	0.20805	-0.18683	0.041102	0.05027	0.014886	-4.5454	3.377	7.3482	0.006713	higher expression, lower risk	False
SOX7	Brain_Cerebellum	chr8_10729498_G_C_b38	0.54924	0.36474	0.067293	-0.040171	0.012835	5.4201	-3.1297	7.3459	0.0067216	higher expression, lower risk	True
ATAD3C	Brain_Caudate_basal_ganglia	chr1_1440430_C_G_b38	0.26846	-0.62418	0.054887	-0.044604	0.015985	-11.372	-2.7903	7.3435	0.0067305	higher expression, higher risk	True
SYT12	Nerve_Tibial	chr11_66880612_A_G_b38	0.28711	-0.15774	0.039816	0.052294	0.014134	-3.9617	3.6999	7.312	0.0068496	higher expression, lower risk	False
SOX7	Brain_Caudate_basal_ganglia	chr8_10763057_G_A_b38	0.41443	0.20451	0.044909	-0.043032	0.012809	4.5539	-3.3595	7.3085	0.006863	higher expression, lower risk	False
SYT12	Brain_Cerebellum	chr11_66932151_G_C_b38	0.3447	-0.13697	0.03139	0.045616	0.013259	-4.3636	3.4403	7.2988	0.0069001	higher expression, lower risk	False
RCE1	Brain_Cerebellar_Hemisphere	chr11_66810426_G_A_b38	0.085145	-0.19096	0.044658	-0.089475	0.025729	-4.276	-3.4776	7.2792	0.0069756	higher expression, higher risk	False
SORCS3	Pituitary	chr10_104659211_G_A_b38	0.50643	0.39872	0.041357	-0.035821	0.012779	9.6407	-2.8032	7.2454	0.0071082	higher expression, lower risk	True
ZNF184	Brain_Nucleus_accumbens_basal_ganglia	chr6_27453525_C_T_b38	0.63732	-0.23634	0.033677	0.037182	0.012885	-7.0177	2.8857	7.1228	0.007611	higher expression, lower risk	True
L3MBTL3	Brain_Amygdala	chr6_130053316_T_A_b38	0.78333	-0.39534	0.08432	-0.045463	0.014027	-4.6885	-3.2411	7.1079	0.0076744	higher expression, higher risk	False
L3MBTL3	Brain_Hypothalamus	chr6_130053316_T_A_b38	0.76953	-0.33582	0.07169	-0.045463	0.014027	-4.6844	-3.2411	7.1038	0.0076919	higher expression, higher risk	False
C11orf80	Brain_Cerebellum	chr11_66513799_G_A_b38	0.30682	-0.39613	0.048763	0.038623	0.013778	-8.1235	2.8032	7.022	0.0080514	higher expression, lower risk	True
ATAD3C	Brain_Anterior_cingulate_cortex_BA24	chr1_1440430_C_G_b38	0.27253	-0.5588	0.068317	-0.044604	0.015985	-8.1796	-2.7903	6.9741	0.0082699	higher expression, higher risk	True
ATAD3C	Brain_Cerebellum	chr1_1440430_C_G_b38	0.27083	-0.53127	0.066785	-0.044604	0.015985	-7.955	-2.7903	6.9327	0.0084635	higher expression, higher risk	True
ATAD3C	Brain_Cerebellar_Hemisphere	chr1_1428969_T_C_b38	0.31703	-0.55007	0.07093	-0.043294	0.01548	-7.7552	-2.7968	6.9218	0.0085153	higher expression, higher risk	True
CCDC71	Brain_Caudate_basal_ganglia	chr3_49301032_G_A_b38	0.50503	-0.22338	0.040594	-0.038271	0.01278	-5.5027	-2.9947	6.9191	0.0085282	higher expression, higher risk	True
COG5	Brain_Anterior_cingulate_cortex_BA24	chr7_107435124_A_C_b38	0.24249	0.20359	0.043551	-0.047929	0.015088	4.6747	-3.1765	6.903	0.0086051	higher expression, lower risk	False
CYP46A1	Brain_Cerebellar_Hemisphere	chr14_99704758_A_C_b38	0.12862	1.0374	0.062008	-0.047632	0.01801	16.73	-2.6447	6.8241	0.0089935	higher expression, lower risk	True
CYP46A1	Brain_Cerebellum	chr14_99704758_A_C_b38	0.13636	1.0683	0.063981	-0.047632	0.01801	16.697	-2.6447	6.8235	0.0089968	higher expression, lower risk	True
EXD3	Brain_Cerebellum	chr9_137379957_C_G_b38	0.037879	0.66914	0.12667	-0.10574	0.03538	5.2826	-2.9886	6.766	0.0092909	higher expression, lower risk	False
CACNA1E	Brain_Cerebellum	chr1_181711957_G_A_b38	0.38636	-0.3587	0.077818	-0.040572	0.012951	-4.6094	-3.1328	6.7132	0.0095701	higher expression, higher risk	False
NPTXR	Brain_Cortex	chr22_38794460_T_C_b38	0.80224	-0.13307	0.031453	-0.053671	0.016591	-4.2308	-3.235	6.6042	0.010174	higher expression, higher risk	False
KIF17	Brain_Cortex	chr1_20715807_C_G_b38	0.67164	0.36044	0.027348	-0.036182	0.01383	13.18	-2.6162	6.5849	0.010285	higher expression, lower risk	True
NICN1	Brain_Frontal_Cortex_BA9	chr3_49015786_A_G_b38	0.78545	-0.18939	0.028827	-0.041619	0.014947	-6.57	-2.7844	6.5725	0.010357	higher expression, higher risk	True
SORCS3	Nerve_Tibial	chr10_104797046_T_G_b38	0.71064	0.30645	0.027888	-0.035841	0.013626	10.989	-2.6302	6.5432	0.010528	higher expression, lower risk	True
KIF17	Brain_Nucleus_accumbens_basal_ganglia	chr1_20715807_C_G_b38	0.68486	0.38282	0.031647	-0.036182	0.01383	12.097	-2.6162	6.5386	0.010556	higher expression, lower risk	True
COG5	Brain_Cortex	chr7_107589173_T_G_b38	0.69403	-0.21264	0.043974	0.042464	0.014109	-4.8356	3.0098	6.5294	0.010611	higher expression, lower risk	False
KIF17	Brain_Caudate_basal_ganglia	chr1_20715807_C_G_b38	0.68121	0.31508	0.02906	-0.036182	0.01383	10.842	-2.6162	6.4678	0.010984	higher expression, lower risk	True
KIF17	Brain_Anterior_cingulate_cortex_BA24	chr1_20717433_T_C_b38	0.73391	0.43658	0.035283	-0.035931	0.013838	12.374	-2.5965	6.4576	0.011048	higher expression, lower risk	True
KIF17	Brain_Putamen_basal_ganglia	chr1_20715807_C_G_b38	0.70158	0.33401	0.033829	-0.036182	0.01383	9.8734	-2.6162	6.3954	0.011442	higher expression, lower risk	True
CCDC71	Brain_Hypothalamus	chr3_49168885_G_C_b38	0.65039	-0.26413	0.053446	-0.039202	0.01339	-4.9419	-2.9278	6.3449	0.011772	higher expression, higher risk	False
KIF17	Brain_Frontal_Cortex_BA9	chr1_20715062_A_G_b38	0.66791	0.32172	0.031762	-0.035967	0.013836	10.129	-2.5996	6.3404	0.011802	higher expression, lower risk	True
KIF17	Brain_Hypothalamus	chr1_20715807_C_G_b38	0.66992	0.28853	0.032049	-0.036182	0.01383	9.0028	-2.6162	6.3114	0.011996	higher expression, lower risk	True
SORCS1	Brain_Cerebellar_Hemisphere	chr10_106948923_T_C_b38	0.49456	0.28089	0.058547	-0.037916	0.012861	4.7977	-2.9481	6.3092	0.012012	higher expression, lower risk	False
TBC1D26	Brain_Cerebellum	chr17_15718239_C_T_b38	0.75379	0.656	0.083853	0.037837	0.01429	7.8232	2.6478	6.2902	0.012141	higher expression, higher risk	True
ATAD3C	Brain_Amygdala	chr1_1440430_C_G_b38	0.25556	-0.49848	0.088127	-0.044604	0.015985	-5.6564	-2.7903	6.2619	0.012337	higher expression, higher risk	True
EXD3	Brain_Spinal_cord_cervical_c-1	chr9_137378565_GAGA_G_b38	0.049261	0.51452	0.10139	-0.099803	0.034724	5.0749	-2.8742	6.2547	0.012386	higher expression, lower risk	False
C1QTNF4	Pituitary	chr11_47508395_C_A_b38	0.40514	-0.16946	0.039894	-0.039948	0.012942	-4.2477	-3.0866	6.2348	0.012526	higher expression, higher risk	False
C1QTNF4	Brain_Caudate_basal_ganglia	chr11_47648113_T_C_b38	0.34396	-0.15421	0.030428	-0.038341	0.013389	-5.0681	-2.8636	6.2159	0.012661	higher expression, higher risk	False
COG5	Brain_Amygdala	chr7_107643266_A_G_b38	0.73611	-0.22581	0.048564	0.04455	0.015099	-4.6499	2.9505	6.2065	0.012728	higher expression, lower risk	False
ELFN2	Nerve_Tibial	chr22_37378349_A_C_b38	0.75487	0.14064	0.032627	-0.044394	0.014571	4.3105	-3.0467	6.1901	0.012847	higher expression, lower risk	False
TBC1D26	Brain_Hippocampus	chr17_15684089_C_A_b38	0.74213	0.34048	0.037545	0.037346	0.014447	9.0687	2.5849	6.1798	0.012921	higher expression, higher risk	True
STAU1	Brain_Caudate_basal_ganglia	chr20_48926838_C_T_b38	0.38758	-0.16536	0.035127	0.038984	0.013381	-4.7075	2.9135	6.1374	0.013235	higher expression, lower risk	False
SOX7	Brain_Frontal_Cortex_BA9	chr8_10786249_A_G_b38	0.38619	0.26345	0.059206	-0.038409	0.012907	4.4497	-2.9759	6.1191	0.013373	higher expression, lower risk	False
KIF17	Brain_Amygdala	chr1_20715062_A_G_b38	0.67778	0.37655	0.04713	-0.035967	0.013836	7.9896	-2.5996	6.1111	0.013434	higher expression, lower risk	True
GRIA1	Brain_Nucleus_accumbens_basal_ganglia	chr5_153737688_C_T_b38	0.3169	-0.14468	0.023253	-0.036557	0.013585	-6.222	-2.6909	6.1	0.013518	higher expression, higher risk	True
SOX7	Nerve_Tibial	chr8_10777807_G_A_b38	0.42729	0.19625	0.028148	-0.033682	0.012786	6.9722	-2.6343	6.0727	0.013729	higher expression, lower risk	True
GRIA1	Pituitary	chr5_153606497_T_C_b38	0.053055	0.4915	0.10936	-0.083586	0.028616	4.4944	-2.9209	5.9982	0.014321	higher expression, lower risk	False
GPR22	Brain_Cerebellum	chr7_107414342_G_A_b38	0.23194	0.22746	0.048222	-0.043008	0.015272	4.7169	-2.816	5.8463	0.01561	higher expression, lower risk	False
KCNS2	Brain_Nucleus_accumbens_basal_ganglia	chr8_98416271_C_T_b38	0.12852	0.19764	0.045334	0.057274	0.019712	4.3595	2.9055	5.8454	0.015618	higher expression, higher risk	False
SLC26A4	Pituitary	chr7_107663177_A_T_b38	0.73794	-0.42121	0.066205	0.03831	0.014661	-6.3621	2.613	5.8424	0.015645	higher expression, lower risk	True
ATAD3B	Nerve_Tibial	chr1_1497758_C_T_b38	0.010495	-2.1478	0.089176	-0.13912	0.057615	-24.085	-2.4146	5.7722	0.016282	higher expression, higher risk	True
OR2H2	Brain_Putamen_basal_ganglia	chr6_29626488_T_C_b38	0.10079	-0.39265	0.090906	0.054545	0.018989	-4.3193	2.8724	5.7208	0.016765	higher expression, lower risk	False
NRXN1	Brain_Spinal_cord_cervical_c-1	chr2_50942949_C_A_b38	0.13547	0.29028	0.06162	-0.049179	0.017773	4.7107	-2.7672	5.6928	0.017035	higher expression, lower risk	False
TBC1D26	Brain_Amygdala	chr17_15704880_T_G_b38	0.375	0.41359	0.048956	0.032704	0.013168	8.4482	2.4835	5.6773	0.017186	higher expression, higher risk	True
TBC1D26	Brain_Frontal_Cortex_BA9	chr17_15717333_G_A_b38	0.75933	0.61353	0.051039	0.035107	0.014452	12.021	2.4292	5.6695	0.017263	higher expression, higher risk	True
NICN1	Brain_Cortex	chr3_48810224_ATGTG_A_b38	0.64258	-0.1071	0.02282	-0.036443	0.013303	-4.6933	-2.7394	5.5973	0.017989	higher expression, higher risk	False
CCDC71	Brain_Spinal_cord_cervical_c-1	chr3_48810224_ATGTG_A_b38	0.62944	-0.25623	0.054617	-0.036443	0.013303	-4.6914	-2.7394	5.5961	0.018	higher expression, higher risk	False
ATAD3B	Brain_Cortex	chr1_1497758_C_T_b38	0.014925	-1.9098	0.16993	-0.13912	0.057615	-11.239	-2.4146	5.573	0.01824	higher expression, higher risk	True
MBNL2	Brain_Cerebellar_Hemisphere	chr13_97007504_G_T_b38	0.46558	-0.17643	0.036311	-0.034336	0.0128	-4.8588	-2.6826	5.5153	0.018851	higher expression, higher risk	False
CCDC71	Brain_Amygdala	chr3_48810224_ATGTG_A_b38	0.60983	-0.31653	0.069432	-0.036443	0.013303	-4.5588	-2.7394	5.5134	0.018872	higher expression, higher risk	False
MFSD10	Brain_Cortex	chr4_3388419_T_C_b38	0.11008	0.24099	0.055391	0.056889	0.020546	4.3506	2.7689	5.4566	0.019495	higher expression, higher risk	False
TBC1D26	Brain_Cerebellar_Hemisphere	chr17_15717333_G_A_b38	0.75362	0.59231	0.06963	0.035107	0.014452	8.5066	2.4292	5.4561	0.0195	higher expression, higher risk	True
C11orf80	Brain_Spinal_cord_cervical_c-1	chr11_66447952_C_T_b38	0.26601	-0.25007	0.05289	0.037151	0.013883	-4.7282	2.676	5.4236	0.019867	higher expression, lower risk	False
CCDC71	Brain_Cortex	chr3_49141413_T_C_b38	0.66231	-0.36722	0.054754	-0.033268	0.013409	-6.7067	-2.4811	5.4148	0.019967	higher expression, higher risk	True
TBC1D26	Brain_Anterior_cingulate_cortex_BA24	chr17_15715309_G_T_b38	0.74678	0.64221	0.055747	0.034355	0.014468	11.52	2.3746	5.4089	0.020035	higher expression, higher risk	True
TBC1D26	Brain_Hypothalamus	chr17_15717333_G_A_b38	0.75586	0.48119	0.061677	0.035107	0.014452	7.8019	2.4292	5.3795	0.020375	higher expression, higher risk	True
PCDH17	Brain_Spinal_cord_cervical_c-1	chr13_57598311_G_C_b38	0.94828	-0.48801	0.11543	-0.07254	0.026189	-4.2279	-2.7698	5.368	0.02051	higher expression, higher risk	False
TBC1D26	Brain_Putamen_basal_ganglia	chr17_15715309_G_T_b38	0.75494	0.37288	0.035486	0.034355	0.014468	10.508	2.3746	5.3647	0.020548	higher expression, higher risk	True
ELK3	Brain_Cerebellar_Hemisphere	chr12_96323317_G_A_b38	0.41123	-0.22382	0.048716	-0.033985	0.012832	-4.5944	-2.6484	5.2646	0.021763	higher expression, higher risk	False
KIF17	Brain_Hippocampus	chr1_20717297_T_C_b38	0.61417	0.2848	0.030761	-0.031201	0.013226	9.2586	-2.359	5.2258	0.022254	higher expression, lower risk	True
STYK1	Brain_Nucleus_accumbens_basal_ganglia	chr12_10621170_G_T_b38	0.75528	-0.12056	0.025397	0.03861	0.01485	-4.7468	2.6	5.1999	0.022588	higher expression, lower risk	False
DCC	Nerve_Tibial	chr18_52909601_G_C_b38	0.24813	0.86369	0.04564	-0.033013	0.014388	18.924	-2.2945	5.1884	0.022738	higher expression, lower risk	True
TBC1D26	Pituitary	chr17_15712668_C_T_b38	0.73151	0.60553	0.063637	0.03377	0.014425	9.5154	2.3411	5.168	0.023007	higher expression, higher risk	True
BSN	Brain_Substantia_nigra	chr3_50009013_A_G_b38	0.0081967	-0.7784	0.16543	0.13743	0.05299	-4.7053	2.5935	5.1589	0.023128	higher expression, lower risk	False
UGP2	Brain_Hypothalamus	chr2_63808394_C_G_b38	0.14062	-0.22554	0.053194	0.046611	0.017442	-4.24	2.6724	5.1112	0.023773	higher expression, lower risk	False
CCDC71	Nerve_Tibial	chr3_48961890_G_A_b38	0.64093	-0.11388	0.0224	-0.033388	0.013292	-5.0838	-2.5119	5.0717	0.02432	higher expression, higher risk	False
TRIM36	Nerve_Tibial	chr5_115180533_A_G_b38	0.23613	-0.27282	0.044653	0.035288	0.014657	-6.1098	2.4076	5.0173	0.025095	higher expression, lower risk	True
KIF12	Brain_Cerebellum	chr9_114099803_C_G_b38	0.50568	0.86506	0.056722	-0.028942	0.012807	15.251	-2.2598	4.997	0.025392	higher expression, lower risk	True
KIF12	Brain_Cerebellar_Hemisphere	chr9_114099803_C_G_b38	0.52536	0.81152	0.053775	-0.028942	0.012807	15.091	-2.2598	4.9947	0.025426	higher expression, lower risk	True
WIPF3	Brain_Cortex	chr7_29809954_A_G_b38	0.9347	0.3782	0.04961	0.054981	0.023583	7.6235	2.3314	4.9705	0.025783	higher expression, higher risk	True
CDH12	Brain_Cerebellar_Hemisphere	chr5_22382472_G_A_b38	0.48551	0.59011	0.054371	0.02895	0.012752	10.854	2.2702	4.9376	0.026278	higher expression, higher risk	True
ZBBX	Brain_Nucleus_accumbens_basal_ganglia	chr3_167303187_G_A_b38	0.46655	-0.12425	0.025319	-0.031922	0.012828	-4.9072	-2.4884	4.9255	0.026462	higher expression, higher risk	False
CDH12	Brain_Cerebellum	chr5_22382472_G_A_b38	0.5	0.62047	0.061605	0.02895	0.012752	10.072	2.2702	4.9045	0.026787	higher expression, higher risk	True
MEIS3	Brain_Putamen_basal_ganglia	chr19_47402430_C_G_b38	0.57312	0.55165	0.073318	0.029934	0.012975	7.524	2.307	4.8647	0.027411	higher expression, higher risk	True
PINX1	Brain_Hypothalamus	chr8_11298611_G_C_b38	0.63477	-0.23269	0.05126	0.032616	0.012995	-4.5394	2.51	4.8248	0.028052	higher expression, lower risk	False
CCDC92	Brain_Cerebellum	chr12_123848155_A_G_b38	0.5	0.14717	0.034441	0.032791	0.012814	4.273	2.559	4.8199	0.028133	higher expression, higher risk	False
MAP2K1	Brain_Cerebellum	chr15_66327267_T_C_b38	0.083333	0.2361	0.055738	0.060565	0.023792	4.2358	2.5456	4.7608	0.029115	higher expression, higher risk	False
PPP4R4	Brain_Amygdala	chr14_94146039_C_G_b38	0.74167	0.18033	0.038295	0.039248	0.015961	4.7091	2.4589	4.7509	0.029282	higher expression, higher risk	False
ATAD3B	Brain_Cerebellar_Hemisphere	chr1_1434243_G_A_b38	0.014493	-1.956	0.16359	-0.12642	0.057316	-11.956	-2.2056	4.7046	0.030082	higher expression, higher risk	True
ATAD3B	Brain_Nucleus_accumbens_basal_ganglia	chr1_1434243_G_A_b38	0.015845	-1.8179	0.15213	-0.12642	0.057316	-11.95	-2.2056	4.7045	0.030084	higher expression, higher risk	True
ATAD3B	Brain_Frontal_Cortex_BA9	chr1_1434243_G_A_b38	0.016791	-1.8815	0.15868	-0.12642	0.057316	-11.857	-2.2056	4.702	0.030127	higher expression, higher risk	True
ATAD3B	Brain_Anterior_cingulate_cortex_BA24	chr1_1434243_G_A_b38	0.015022	-2.1825	0.18697	-0.12642	0.057316	-11.673	-2.2056	4.697	0.030215	higher expression, higher risk	True
ATAD3B	Brain_Hypothalamus	chr1_1434243_G_A_b38	0.011719	-1.9038	0.16872	-0.12642	0.057316	-11.284	-2.2056	4.6857	0.030415	higher expression, higher risk	True
ATAD3B	Brain_Substantia_nigra	chr1_1434243_G_A_b38	0.016393	-2.1104	0.1929	-0.12642	0.057316	-10.94	-2.2056	4.6747	0.03061	higher expression, higher risk	True
ATAD3B	Brain_Hippocampus	chr1_1434243_G_A_b38	0.015748	-1.823	0.1751	-0.12642	0.057316	-10.411	-2.2056	4.6558	0.030949	higher expression, higher risk	True
ATAD3B	Brain_Caudate_basal_ganglia	chr1_1434243_G_A_b38	0.016778	-1.685	0.16475	-0.12642	0.057316	-10.228	-2.2056	4.6485	0.03108	higher expression, higher risk	True
MEIS3	Brain_Caudate_basal_ganglia	chr19_47376356_A_G_b38	0.41779	-0.42032	0.068056	-0.030114	0.01309	-6.1761	-2.3006	4.6479	0.031091	higher expression, higher risk	True
ATAD3B	Brain_Spinal_cord_cervical_c-1	chr1_1434243_G_A_b38	0.012315	-2.2529	0.23037	-0.12642	0.057316	-9.7793	-2.2056	4.6292	0.031431	higher expression, higher risk	True
LTB	Brain_Nucleus_accumbens_basal_ganglia	chr6_31383745_A_C_b38	0.70247	-0.31097	0.064761	0.031493	0.01318	-4.8017	2.3895	4.5765	0.032413	higher expression, lower risk	False
ATAD3B	Brain_Amygdala	chr1_1434243_G_A_b38	0.019444	-1.3702	0.16216	-0.12642	0.057316	-8.4497	-2.2056	4.5544	0.032834	higher expression, higher risk	True
MPP7	Brain_Caudate_basal_ganglia	chr10_28330865_T_C_b38	0.33557	-0.17797	0.03115	0.030693	0.013506	-5.7133	2.2725	4.4589	0.03472	higher expression, lower risk	True
NXNL2	Nerve_Tibial	chr9_88495920_C_A_b38	0.14843	-0.29849	0.040731	-0.05062	0.023023	-7.3283	-2.1987	4.4351	0.035207	higher expression, higher risk	True
MPP7	Brain_Hippocampus	chr10_28330865_T_C_b38	0.33661	-0.20813	0.038502	0.030693	0.013506	-5.4058	2.2725	4.3887	0.036177	higher expression, lower risk	True
SLC22A25	Brain_Frontal_Cortex_BA9	chr11_64000707_G_GCTTCAC_b38	0.91978	-0.47358	0.10664	-0.051588	0.02177	-4.4411	-2.3697	4.3709	0.036557	higher expression, higher risk	False
MEIS3	Brain_Amygdala	chr19_47402430_C_G_b38	0.55	0.15296	0.031334	0.029934	0.012975	4.8816	2.307	4.3505	0.036999	higher expression, higher risk	False
TRIP13	Brain_Cerebellar_Hemisphere	chr5_884244_G_A_b38	0.048913	0.94642	0.17116	-0.066679	0.029617	5.5295	-2.2514	4.348	0.037052	higher expression, lower risk	True
ARFGEF2	Brain_Putamen_basal_ganglia	chr20_49227083_T_C_b38	0.22332	-0.17377	0.038458	0.034632	0.014942	-4.5184	2.3178	4.253	0.039181	higher expression, lower risk	False
MBNL2	Brain_Nucleus_accumbens_basal_ganglia	chr13_97061129_A_G_b38	0.60387	-0.13578	0.029276	-0.029398	0.012837	-4.6379	-2.2902	4.2168	0.040026	higher expression, higher risk	False
KIF12	Brain_Cortex	chr9_114102046_T_C_b38	0.30597	-0.42993	0.03375	-0.02985	0.014365	-12.739	-2.078	4.206	0.040281	higher expression, higher risk	True
WIPF3	Brain_Anterior_cingulate_cortex_BA24	chr7_29815578_G_T_b38	0.94421	0.26684	0.057965	0.053952	0.023581	4.6034	2.288	4.1979	0.040474	higher expression, higher risk	False
GRIA1	Brain_Cerebellum	chr5_153584160_A_G_b38	0.049242	-0.22982	0.051188	-0.053912	0.023585	-4.4896	-2.2858	4.1494	0.041648	higher expression, higher risk	False
PAPPA	Brain_Cerebellum	chr9_117087015_G_A_b38	0.098485	-0.48502	0.10109	0.0413	0.018381	-4.7978	2.247	4.1407	0.041865	higher expression, lower risk	False
FAM135B	Brain_Spinal_cord_cervical_c-1	chr8_138493039_G_A_b38	0.098522	0.48514	0.080509	-0.0508	0.023567	6.0259	-2.1556	4.1194	0.042394	higher expression, lower risk	True
TBC1D26	Brain_Cortex	chr17_15718059_A_G_b38	0.75373	0.83612	0.059634	0.029941	0.014672	14.021	2.0408	4.0783	0.043438	higher expression, higher risk	True
KIF12	Nerve_Tibial	chr9_114100147_G_C_b38	0.48426	0.23362	0.048245	-0.028392	0.012807	4.8423	-2.217	4.0633	0.043824	higher expression, lower risk	False
MEIS3	Brain_Cortex	chr19_47389196_T_G_b38	0.56343	0.21268	0.036916	0.028085	0.013074	5.7611	2.1481	4.0511	0.044143	higher expression, higher risk	True
SGCD	Brain_Putamen_basal_ganglia	chr5_156633057_T_G_b38	0.10672	0.56959	0.095512	-0.046401	0.021712	5.9636	-2.1371	4.0475	0.044238	higher expression, lower risk	True
TBC1D26	Brain_Caudate_basal_ganglia	chr17_15718059_A_G_b38	0.77181	0.47433	0.039907	0.029941	0.014672	11.886	2.0408	4.0454	0.044292	higher expression, higher risk	True
SKIDA1	Brain_Cerebellum	chr10_21462232_A_G_b38	0.22917	0.31959	0.076682	0.035787	0.015584	4.1677	2.2964	4.0453	0.044295	higher expression, higher risk	False
CUX1	Nerve_Tibial	chr7_102120240_CT_C_b38	0.13343	-0.17941	0.023945	0.03854	0.018593	-7.4929	2.0728	3.9911	0.045741	higher expression, lower risk	True
DCC	Brain_Cerebellar_Hemisphere	chr18_53179877_G_A_b38	0.45109	0.23037	0.044292	-0.027514	0.012783	5.2011	-2.1523	3.9551	0.046728	higher expression, lower risk	False
C1QTNF4	Brain_Cortex	chr11_47397750_T_G_b38	0.69776	0.13794	0.031524	0.030353	0.013607	4.3756	2.2308	3.9497	0.04688	higher expression, higher risk	False
TRIP13	Brain_Cerebellum	chr5_870504_A_G_b38	0.070076	0.82922	0.17352	-0.063983	0.02932	4.779	-2.1822	3.9404	0.047139	higher expression, lower risk	False
RPS6KA2	Nerve_Tibial	chr6_166606045_A_G_b38	0.098201	-0.11236	0.023277	-0.045835	0.021191	-4.8271	-2.163	3.8961	0.048397	higher expression, higher risk	False
PTPRQ	Nerve_Tibial	chr12_80441345_A_G_b38	0.1012	-0.26471	0.053435	-0.052393	0.024358	-4.9538	-2.1509	3.8926	0.048498	higher expression, higher risk	False
PDE3A	Brain_Cerebellum	chr12_20358259_T_C_b38	0.39773	0.19071	0.042512	0.028286	0.012933	4.486	2.187	3.8646	0.049316	higher expression, higher risk	False
PCDH9	Nerve_Tibial	chr13_67095856_T_G_b38	0.12219	0.44965	0.027456	-0.037845	0.019116	16.377	-1.9797	3.8629	0.049366	higher expression, lower risk	True
WIPF3	Brain_Frontal_Cortex_BA9	chr7_29862261_G_A_b38	0.93843	0.33586	0.057468	0.048899	0.023508	5.8443	2.0801	3.8404	0.050032	higher expression, higher risk	True
ATAD3A	Brain_Cerebellar_Hemisphere	chr1_1537160_T_G_b38	0.40761	-0.18099	0.039543	-0.028766	0.01328	-4.577	-2.1661	3.8336	0.050236	higher expression, higher risk	False
TCTA	Brain_Nucleus_accumbens_basal_ganglia	chr3_49346346_C_T_b38	0.41373	0.1682	0.037844	-0.028018	0.012849	4.4445	-2.1805	3.8323	0.050275	higher expression, lower risk	False
ASXL3	Pituitary	chr18_33778976_T_G_b38	0.38103	-0.22079	0.041498	0.027449	0.013086	-5.3206	2.0976	3.808	0.051008	higher expression, lower risk	False
ZNF311	Brain_Putamen_basal_ganglia	chr6_28767029_A_G_b38	0.45454	0.35943	0.064933	0.026033	0.012497	5.5354	2.0831	3.8011	0.051218	higher expression, higher risk	True
PTPRQ	Brain_Caudate_basal_ganglia	chr12_80347404_G_A_b38	0.93289	0.32053	0.067849	0.050817	0.023805	4.7242	2.1348	3.7844	0.051732	higher expression, higher risk	False
KIF12	Brain_Frontal_Cortex_BA9	chr9_114101077_C_G_b38	0.33769	-0.41079	0.036828	-0.028197	0.014363	-11.154	-1.9632	3.7385	0.053173	higher expression, higher risk	True
ARHGEF28	Brain_Spinal_cord_cervical_c-1	chr5_73655072_A_G_b38	0.2463	-0.55921	0.061668	0.028953	0.014851	-9.0681	1.9495	3.6327	0.056653	higher expression, lower risk	True
LGI4	Brain_Cortex	chr19_35139458_A_G_b38	0.37873	-0.18582	0.029995	0.026449	0.013216	-6.1952	2.0014	3.6269	0.056852	higher expression, lower risk	True
TENM2	Brain_Frontal_Cortex_BA9	chr5_166959561_A_AT_b38	0.16231	-0.14913	0.032631	-0.036322	0.017393	-4.5703	-2.0883	3.6077	0.057511	higher expression, higher risk	False
LGI4	Brain_Frontal_Cortex_BA9	chr19_35142599_C_G_b38	0.40298	-0.13083	0.025522	0.027024	0.013226	-5.1264	2.0433	3.6028	0.057684	higher expression, lower risk	False
WIPF3	Brain_Cerebellar_Hemisphere	chr7_29884605_T_C_b38	0.51449	0.26244	0.045294	-0.025485	0.012732	5.7942	-2.0017	3.5795	0.058496	higher expression, lower risk	True
KIF12	Brain_Nucleus_accumbens_basal_ganglia	chr9_114101077_C_G_b38	0.30986	-0.23758	0.033909	-0.028197	0.014363	-7.0064	-1.9632	3.5737	0.058702	higher expression, higher risk	True
CA10	Brain_Spinal_cord_cervical_c-1	chr17_51477672_A_G_b38	0.054187	0.31193	0.068065	-0.063257	0.030507	4.5828	-2.0735	3.5688	0.058873	higher expression, lower risk	False
KIF12	Brain_Caudate_basal_ganglia	chr9_114101077_C_G_b38	0.3255	-0.16943	0.024761	-0.028197	0.014363	-6.8426	-1.9632	3.5611	0.059148	higher expression, higher risk	True
PCDH9	Pituitary	chr13_67256901_A_G_b38	0.67203	-0.15802	0.037002	0.029862	0.014198	-4.2707	2.1032	3.56	0.059188	higher expression, lower risk	False
KIF12	Brain_Hypothalamus	chr9_114104325_G_A_b38	0.32227	-0.26592	0.048842	-0.02892	0.014414	-5.4445	-2.0064	3.5442	0.059752	higher expression, higher risk	True
ENOX1	Nerve_Tibial	chr13_43361269_C_T_b38	0.51124	-0.2853	0.037491	-0.025058	0.012898	-7.6099	-1.9428	3.5435	0.05978	higher expression, higher risk	True
TNNT2	Nerve_Tibial	chr1_201380786_A_G_b38	0.026987	0.33497	0.083777	-0.087171	0.040909	3.9984	-2.1309	3.5362	0.060043	higher expression, lower risk	False
MSANTD1	Nerve_Tibial	chr4_3297073_T_C_b38	0.12219	0.24787	0.051452	0.03788	0.018568	4.8175	2.0401	3.5292	0.060298	higher expression, higher risk	False
SGCD	Brain_Spinal_cord_cervical_c-1	chr5_156581153_G_A_b38	0.22168	0.36247	0.051758	0.029689	0.015402	7.0031	1.9275	3.4538	0.063108	higher expression, higher risk	True
NEURL1	Brain_Anterior_cingulate_cortex_BA24	chr10_103553473_C_T_b38	0.37768	-0.11825	0.027208	0.026965	0.013126	-4.3463	2.0543	3.4494	0.063273	higher expression, lower risk	False
WIPF3	Brain_Cerebellum	chr7_29884605_T_C_b38	0.52083	0.24752	0.050455	-0.025485	0.012732	4.9057	-2.0017	3.4349	0.063834	higher expression, lower risk	False
KIF12	Brain_Putamen_basal_ganglia	chr9_114101077_C_G_b38	0.31621	-0.15405	0.027624	-0.028197	0.014363	-5.5765	-1.9632	3.4293	0.064051	higher expression, higher risk	True
INHA	Nerve_Tibial	chr2_219572251_A_G_b38	0.44303	0.18552	0.022609	-0.024232	0.012777	8.2055	-1.8966	3.4147	0.064619	higher expression, lower risk	True
GRIA1	Brain_Cerebellar_Hemisphere	chr5_153541819_G_T_b38	0.050725	-0.27456	0.048704	-0.046209	0.0239	-5.6373	-1.9334	3.3447	0.067422	higher expression, higher risk	True
SLC22A10	Brain_Cortex	chr11_63245326_T_A_b38	0.66978	-0.25216	0.046344	0.026013	0.013422	-5.441	1.9381	3.3334	0.067887	higher expression, lower risk	True
DPT	Nerve_Tibial	chr1_168728523_A_C_b38	0.55772	0.1249	0.027612	-0.025683	0.012885	4.5235	-1.9933	3.3272	0.068143	higher expression, lower risk	False
INHA	Brain_Caudate_basal_ganglia	chr2_219572251_A_G_b38	0.47315	0.18221	0.028671	-0.024232	0.012777	6.3554	-1.8966	3.3029	0.069156	higher expression, lower risk	True
ERC2	Brain_Cerebellum	chr3_56166433_T_C_b38	0.0625	1.4791	0.11393	-0.05004	0.027293	12.982	-1.8334	3.2957	0.069462	higher expression, lower risk	True
GRB14	Brain_Caudate_basal_ganglia	chr2_164569876_C_G_b38	0.69966	0.34393	0.056104	0.026102	0.01377	6.1303	1.8957	3.2799	0.070132	higher expression, higher risk	True
GATB	Nerve_Tibial	chr4_151743011_A_T_b38	0.53448	-0.34072	0.019723	0.023153	0.012738	-17.275	1.8177	3.2679	0.070649	higher expression, lower risk	True
PTGS2	Nerve_Tibial	chr1_186141451_T_C_b38	0.10345	-0.22869	0.050629	-0.037739	0.019137	-4.517	-1.972	3.2663	0.070717	higher expression, higher risk	False
INHA	Brain_Cortex	chr2_219572251_A_G_b38	0.47388	0.22496	0.037957	-0.024232	0.012777	5.9267	-1.8966	3.2629	0.070862	higher expression, lower risk	True
DRD2	Brain_Spinal_cord_cervical_c-1	chr11_113523313_C_T_b38	0.65517	0.3936	0.076893	0.026212	0.013635	5.1188	1.9224	3.2389	0.071911	higher expression, higher risk	False
INHA	Brain_Anterior_cingulate_cortex_BA24	chr2_219572251_A_G_b38	0.46566	0.21691	0.038454	-0.024232	0.012777	5.6407	-1.8966	3.2317	0.072224	higher expression, lower risk	True
KIF12	Brain_Anterior_cingulate_cortex_BA24	chr9_114098236_TG_T_b38	0.31116	-0.39271	0.04063	-0.026239	0.014344	-9.6655	-1.8293	3.2307	0.072271	higher expression, higher risk	True
SGCD	Brain_Hippocampus	chr5_156581153_G_A_b38	0.24606	0.27049	0.057773	0.029689	0.015402	4.6819	1.9275	3.1769	0.074685	higher expression, higher risk	False
MPP7	Brain_Cortex	chr10_28246650_T_C_b38	0.15112	-0.26065	0.044318	0.030652	0.016454	-5.8813	1.8629	3.1538	0.075749	higher expression, lower risk	True
KIF12	Brain_Hippocampus	chr9_114098236_TG_T_b38	0.31693	-0.24684	0.033956	-0.026239	0.014344	-7.2696	-1.8293	3.1471	0.076061	higher expression, higher risk	True
GRB14	Brain_Cortex	chr2_164627462_C_T_b38	0.6306	0.18078	0.039638	0.026035	0.013546	4.5607	1.922	3.137	0.076533	higher expression, higher risk	False
INHA	Brain_Hypothalamus	chr2_219572251_A_G_b38	0.47266	0.17896	0.037587	-0.024232	0.012777	4.7612	-1.8966	3.1045	0.078077	higher expression, lower risk	False
ERC2	Brain_Cerebellar_Hemisphere	chr3_56198206_A_G_b38	0.061594	1.395	0.10076	-0.048788	0.027527	13.845	-1.7724	3.0907	0.078739	higher expression, lower risk	True
COL4A1	Brain_Caudate_basal_ganglia	chr13_109747618_G_A_b38	0.0050336	-0.95477	0.21438	0.094682	0.049564	-4.4536	1.9103	3.0822	0.079154	higher expression, lower risk	False
FAM135B	Nerve_Tibial	chr8_138459807_A_C_b38	0.48276	-0.47576	0.025959	0.022432	0.012733	-18.327	1.7618	3.0754	0.079485	higher expression, lower risk	True
GDF10	Brain_Substantia_nigra	chr10_47290137_T_C_b38	0.93169	0.50954	0.11226	0.09013	0.047499	4.5389	1.8975	3.0648	0.080004	higher expression, higher risk	False
L3MBTL3	Brain_Nucleus_accumbens_basal_ganglia	chr6_130063042_C_T_b38	0.68134	-0.26156	0.045922	-0.024723	0.013446	-5.6958	-1.8387	3.0619	0.080149	higher expression, higher risk	True
INHA	Brain_Nucleus_accumbens_basal_ganglia	chr2_219572251_A_G_b38	0.48591	0.12665	0.028049	-0.024232	0.012777	4.5154	-1.8966	3.0577	0.080358	higher expression, lower risk	False
SLC22A25	Brain_Nucleus_accumbens_basal_ganglia	chr11_63447025_A_G_b38	0.2993	-0.21077	0.036691	-0.025581	0.014008	-5.7444	-1.8262	3.0289	0.081795	higher expression, higher risk	True
SEZ6L	Brain_Hippocampus	chr22_25747681_G_C_b38	0.14567	-0.15805	0.032072	0.033447	0.018006	-4.9279	1.8576	3.0213	0.082179	higher expression, lower risk	False
OR2H2	Brain_Frontal_Cortex_BA9	chr6_30487172_C_T_b38	0.044776	-0.66217	0.13562	0.061184	0.032979	-4.8824	1.8552	3.0077	0.082872	higher expression, lower risk	False
MPP7	Brain_Frontal_Cortex_BA9	chr10_28316597_A_G_b38	0.33022	-0.14048	0.029652	0.025109	0.013494	-4.7374	1.8608	2.9997	0.08328	higher expression, lower risk	False
GBA	Brain_Cerebellar_Hemisphere	chr1_155448322_T_C_b38	0.98732	-0.6532	0.13788	-0.097599	0.052481	-4.7375	-1.8597	2.9967	0.083433	higher expression, higher risk	False
MPP7	Brain_Anterior_cingulate_cortex_BA24	chr10_28246650_T_C_b38	0.1588	-0.19278	0.043115	0.030652	0.016454	-4.4712	1.8629	2.957	0.085509	higher expression, lower risk	False
GRB14	Brain_Cerebellar_Hemisphere	chr2_164633609_G_A_b38	0.75906	0.37912	0.081463	0.026244	0.014197	4.6539	1.8486	2.9517	0.085789	higher expression, higher risk	False
GDF10	Brain_Frontal_Cortex_BA9	chr10_47316287_C_T_b38	0.62127	-0.28278	0.0624	0.025002	0.013527	-4.5318	1.8483	2.929	0.087	higher expression, lower risk	False
MEIS3	Brain_Nucleus_accumbens_basal_ganglia	chr19_47378251_T_C_b38	0.36796	-0.35817	0.057695	-0.023934	0.013461	-6.2079	-1.7781	2.9218	0.087392	higher expression, higher risk	True
PINX1	Brain_Hippocampus	chr8_10324332_T_G_b38	0.59842	0.24447	0.053026	0.023703	0.012914	4.6105	1.8354	2.908	0.088143	higher expression, higher risk	False
SATB1	Brain_Cerebellar_Hemisphere	chr3_18813672_A_C_b38	0.065217	0.34916	0.085914	0.10716	0.057556	4.064	1.8618	2.8649	0.09053	higher expression, higher risk	False
INHA	Brain_Substantia_nigra	chr2_220493506_G_A_b38	0.57377	0.24007	0.046622	-0.023226	0.013037	5.1491	-1.7815	2.8345	0.092259	higher expression, lower risk	False
STT3B	Pituitary	chr3_31531033_T_C_b38	0.046624	0.40245	0.077987	-0.05222	0.029619	5.1605	-1.763	2.7834	0.095243	higher expression, lower risk	False
FBXL22	Nerve_Tibial	chr15_63605750_A_C_b38	0.51799	0.16852	0.026935	0.021808	0.012878	6.2566	1.6934	2.672	0.10213	higher expression, higher risk	True
SEZ6L	Pituitary	chr22_26294573_G_A_b38	0.33762	-0.18651	0.041477	0.023733	0.013588	-4.4966	1.7466	2.6506	0.10351	higher expression, lower risk	False
SGCD	Nerve_Tibial	chr5_156487441_G_A_b38	0.22939	0.081026	0.018948	0.026807	0.015396	4.2761	1.7412	2.6006	0.10682	higher expression, higher risk	False
NR4A2	Nerve_Tibial	chr2_156102827_C_T_b38	0.12744	0.15877	0.039154	-0.035918	0.020462	4.055	-1.7553	2.595	0.1072	higher expression, lower risk	False
GRB14	Brain_Frontal_Cortex_BA9	chr2_164621393_G_C_b38	0.61567	0.16684	0.039716	0.023642	0.01357	4.2009	1.7422	2.5898	0.10755	higher expression, higher risk	False
VANGL2	Nerve_Tibial	chr1_160465577_C_T_b38	0.017241	0.31048	0.078336	-0.076543	0.043646	3.9634	-1.7537	2.572	0.10877	higher expression, lower risk	False
MPP7	Nerve_Tibial	chr10_28303187_C_CA_b38	0.24663	-0.33356	0.028302	0.025652	0.015854	-11.786	1.618	2.5695	0.10894	higher expression, lower risk	True
ELFN2	Brain_Anterior_cingulate_cortex_BA24	chr22_37362232_T_C_b38	0.95279	-1.0402	0.093655	-0.044939	0.028031	-11.106	-1.6032	2.5177	0.11258	higher expression, higher risk	True
TMEM26	Nerve_Tibial	chr10_61432649_AT_A_b38	0.18516	0.34695	0.048433	0.029138	0.017992	7.1635	1.6195	2.4952	0.11419	higher expression, higher risk	True
ELFN2	Brain_Cortex	chr22_37362232_T_C_b38	0.95709	-0.94172	0.10203	-0.044939	0.028031	-9.2299	-1.6032	2.4949	0.11422	higher expression, higher risk	True
ELFN2	Brain_Hypothalamus	chr22_37362232_T_C_b38	0.95312	-0.92145	0.1011	-0.044939	0.028031	-9.1139	-1.6032	2.493	0.11435	higher expression, higher risk	True
ELFN2	Brain_Caudate_basal_ganglia	chr22_37362232_T_C_b38	0.95638	-0.76258	0.085428	-0.044939	0.028031	-8.9265	-1.6032	2.4898	0.11458	higher expression, higher risk	True
ELFN2	Brain_Frontal_Cortex_BA9	chr22_37362232_T_C_b38	0.95522	-0.90253	0.10151	-0.044939	0.028031	-8.8912	-1.6032	2.4892	0.11463	higher expression, higher risk	True
ELFN2	Brain_Nucleus_accumbens_basal_ganglia	chr22_37362232_T_C_b38	0.95775	-0.86107	0.10142	-0.044939	0.028031	-8.4899	-1.6032	2.4817	0.11518	higher expression, higher risk	True
ELFN2	Brain_Putamen_basal_ganglia	chr22_37362232_T_C_b38	0.95454	-0.67997	0.092381	-0.044939	0.028031	-7.3605	-1.6032	2.4537	0.11724	higher expression, higher risk	True
HNRNPLL	Brain_Cerebellum	chr2_38546423_A_T_b38	0.43182	0.13239	0.027912	0.021481	0.013007	4.743	1.6515	2.4325	0.11885	higher expression, higher risk	False
SATB2	Brain_Anterior_cingulate_cortex_BA24	chr2_198854609_A_C_b38	0.015022	-0.5625	0.12681	0.10138	0.060969	-4.4357	1.6627	2.4241	0.11948	higher expression, lower risk	False
ARHGEF28	Brain_Frontal_Cortex_BA9	chr5_73620197_C_T_b38	0.050373	-0.3333	0.07926	-0.055128	0.033066	-4.2052	-1.6672	2.402	0.12118	higher expression, higher risk	False
ELFN2	Brain_Hippocampus	chr22_37362232_T_C_b38	0.95472	-0.59318	0.099588	-0.044939	0.028031	-5.9563	-1.6032	2.3965	0.1216	higher expression, higher risk	True
ELFN2	Brain_Substantia_nigra	chr22_37362232_T_C_b38	0.96448	-0.96234	0.16177	-0.044939	0.028031	-5.9487	-1.6032	2.3961	0.12164	higher expression, higher risk	True
ELFN2	Brain_Amygdala	chr22_37362232_T_C_b38	0.95556	-0.86855	0.15651	-0.044939	0.028031	-5.5493	-1.6032	2.3722	0.12352	higher expression, higher risk	True
WWC1	Nerve_Tibial	chr5_168290729_T_G_b38	0.16792	-0.3868	0.057444	0.027066	0.017252	-6.7335	1.5689	2.3346	0.12652	higher expression, lower risk	True
CDH12	Brain_Frontal_Cortex_BA9	chr5_21919601_A_G_b38	0.0093284	-0.7244	0.16489	-0.10323	0.063632	-4.3932	-1.6224	2.3162	0.12803	higher expression, higher risk	False
GNG11	Brain_Cortex	chr7_94058145_C_A_b38	0.020522	-0.42738	0.097243	0.064933	0.040217	-4.395	1.6146	2.2968	0.12964	higher expression, lower risk	False
ENOX1	Brain_Cerebellum	chr13_43822111_G_A_b38	0.49242	0.31004	0.061542	-0.020417	0.012862	5.0378	-1.5873	2.292	0.13004	higher expression, lower risk	False
PLXND1	Brain_Cortex	chr3_129725304_G_T_b38	0.095149	-0.45627	0.068272	-0.034104	0.021975	-6.6831	-1.552	2.2854	0.1306	higher expression, higher risk	True
PTGS2	Brain_Cerebellum	chr1_186229939_C_A_b38	0.098485	-0.3313	0.080544	-0.033148	0.02051	-4.1133	-1.6162	2.2627	0.13252	higher expression, higher risk	False
TCTA	Brain_Caudate_basal_ganglia	chr3_49162704_G_T_b38	0.19631	-0.22287	0.046516	0.027189	0.017455	-4.7913	1.5577	2.1945	0.13851	higher expression, lower risk	False
P2RX2	Brain_Anterior_cingulate_cortex_BA24	chr12_132620432_G_A_b38	0.62232	-0.67636	0.080184	0.01949	0.012987	-8.4352	1.5007	2.1831	0.13953	higher expression, lower risk	True
RASL10A	Brain_Cerebellum	chr22_29346852_T_C_b38	0.10985	-0.62249	0.069741	0.02679	0.017937	-8.9258	1.4935	2.1699	0.14073	higher expression, lower risk	True
GRIA1	Nerve_Tibial	chr5_153521126_G_T_b38	0.28935	-0.40079	0.039494	0.02241	0.015072	-10.148	1.4869	2.1643	0.14125	higher expression, lower risk	True
RASL10A	Brain_Nucleus_accumbens_basal_ganglia	chr22_29346852_T_C_b38	0.10563	-0.50198	0.059034	0.02679	0.017937	-8.5032	1.4935	2.1639	0.14128	higher expression, lower risk	True
RASL10A	Brain_Caudate_basal_ganglia	chr22_29346852_T_C_b38	0.10067	-0.4677	0.058772	0.02679	0.017937	-7.9579	1.4935	2.1548	0.14213	higher expression, lower risk	True
CUX1	Brain_Cerebellar_Hemisphere	chr7_102288061_G_A_b38	0.45471	0.28728	0.042249	0.019047	0.012769	6.7997	1.4917	2.1229	0.14511	higher expression, higher risk	True
RASL10A	Brain_Putamen_basal_ganglia	chr22_29346852_T_C_b38	0.11858	-0.51484	0.077901	0.02679	0.017937	-6.6089	1.4935	2.1223	0.14517	higher expression, lower risk	True
ECEL1	Brain_Cerebellar_Hemisphere	chr2_231902425_G_A_b38	0.01087	-1.6067	0.38201	-0.071271	0.046567	-4.206	-1.5305	2.0685	0.15037	higher expression, higher risk	False
BSN	Brain_Cortex	chr3_49660026_G_A_b38	0.28545	-0.096507	0.016669	-0.020689	0.013955	-5.7896	-1.4826	2.0629	0.15093	higher expression, higher risk	True
RASL10A	Brain_Substantia_nigra	chr22_29285227_A_G_b38	0.10656	-0.51419	0.072883	0.026929	0.018375	-7.0551	1.4655	2.0589	0.15132	higher expression, lower risk	True
PRB1	Nerve_Tibial	chr12_11397427_A_C_b38	0.095952	0.73652	0.071993	-0.029543	0.0204	10.23	-1.4482	2.0561	0.1516	higher expression, lower risk	True
SEMA3C	Brain_Nucleus_accumbens_basal_ganglia	chr7_80838871_C_T_b38	0.56866	0.5287	0.045042	0.018609	0.012963	11.738	1.4355	2.0304	0.15418	higher expression, higher risk	True
SEMA3C	Brain_Caudate_basal_ganglia	chr7_80838871_C_T_b38	0.56879	0.38017	0.045163	0.018609	0.012963	8.4178	1.4355	2.0026	0.15703	higher expression, higher risk	True
SEMA3C	Brain_Putamen_basal_ganglia	chr7_80838871_C_T_b38	0.58893	0.29037	0.04459	0.018609	0.012963	6.512	1.4355	1.9653	0.16095	higher expression, higher risk	True
TCTA	Brain_Cerebellar_Hemisphere	chr3_49347984_A_T_b38	0.32971	0.12281	0.031275	-0.02059	0.013777	3.9268	-1.4945	1.951	0.16248	higher expression, lower risk	False
ZNF804B	Pituitary	chr7_88768879_T_G_b38	0.36817	-0.4059	0.060902	0.019461	0.013691	-6.6648	1.4215	1.9327	0.16446	higher expression, lower risk	True
NEUROD6	Brain_Cerebellum	chr7_31341354_G_A_b38	0.32197	-0.54642	0.077415	-0.020286	0.014343	-7.0583	-1.4143	1.9231	0.16552	higher expression, higher risk	True
MEIS3	Pituitary	chr19_47332834_G_T_b38	0.53537	0.2504	0.045945	0.018488	0.012902	5.4499	1.4329	1.9204	0.16581	higher expression, higher risk	True
ZNF184	Brain_Hypothalamus	chr6_27446052_A_T_b38	0.57812	-0.26514	0.061222	0.018346	0.012547	-4.3307	1.4622	1.9192	0.16594	higher expression, lower risk	False
KIF17	Pituitary	chr1_20740602_C_T_b38	0.59968	0.32731	0.050209	-0.01843	0.013007	6.5189	-1.417	1.9173	0.16616	higher expression, lower risk	True
BSN	Brain_Hypothalamus	chr3_49883122_G_A_b38	0.033203	-0.31899	0.067579	-0.052691	0.036382	-4.7203	-1.4482	1.917	0.16619	higher expression, higher risk	False
ZBBX	Brain_Hippocampus	chr3_167132736_G_T_b38	0.65158	0.13674	0.030064	0.019056	0.013128	4.5483	1.4516	1.9124	0.1667	higher expression, higher risk	False
NEUROD6	Brain_Cerebellar_Hemisphere	chr7_31341354_G_A_b38	0.3279	-0.44416	0.067932	-0.020286	0.014343	-6.5384	-1.4143	1.9109	0.16686	higher expression, higher risk	True
FANCL	Brain_Caudate_basal_ganglia	chr2_57620619_C_A_b38	0.021812	0.463	0.10356	-0.064239	0.044257	4.4706	-1.4515	1.9059	0.16741	higher expression, lower risk	False
VWC2	Pituitary	chr7_49775794_C_G_b38	0.47749	-0.23938	0.049383	-0.018417	0.012809	-4.8474	-1.4378	1.9	0.16808	higher expression, higher risk	False
TBX3	Pituitary	chr12_115622466_A_G_b38	0.34244	-0.15143	0.034513	0.019389	0.013373	-4.3876	1.4499	1.8952	0.16861	higher expression, lower risk	False
FAM135B	Brain_Cerebellar_Hemisphere	chr8_138384705_T_C_b38	0.21558	-0.24821	0.046642	0.021926	0.015411	-5.3216	1.4228	1.8892	0.16929	higher expression, lower risk	False
SLCO1C1	Brain_Cerebellum	chr12_21275437_T_C_b38	0.041667	0.59792	0.12748	-0.049186	0.034256	4.6904	-1.4358	1.8849	0.16978	higher expression, lower risk	False
FAM135B	Brain_Cerebellum	chr8_138384705_T_C_b38	0.21402	-0.24763	0.052252	0.021926	0.015411	-4.739	1.4228	1.8569	0.17299	higher expression, lower risk	False
SKIDA1	Brain_Nucleus_accumbens_basal_ganglia	chr10_21458076_T_A_b38	0.017606	0.91896	0.2169	-0.0677	0.047103	4.2368	-1.4373	1.8526	0.17349	higher expression, lower risk	False
THBS1	Brain_Putamen_basal_ganglia	chr15_39304121_CT_C_b38	0.98221	0.88932	0.19648	0.085881	0.060308	4.5263	1.424	1.8453	0.17434	higher expression, higher risk	False
RASL10A	Brain_Hippocampus	chr22_29363537_A_G_b38	0.1122	-0.23484	0.046988	0.025314	0.018089	-4.9979	1.3994	1.8159	0.1778	higher expression, lower risk	False
ZNF184	Brain_Amygdala	chr6_27444607_C_T_b38	0.53056	-0.34438	0.06163	0.01735	0.01252	-5.5879	1.3858	1.8092	0.17861	higher expression, lower risk	True
ZNF184	Brain_Anterior_cingulate_cortex_BA24	chr6_27444607_C_T_b38	0.5279	-0.16913	0.036112	0.01735	0.01252	-4.6836	1.3858	1.7659	0.1839	higher expression, lower risk	False
LRFN5	Brain_Substantia_nigra	chr14_42282850_T_G_b38	0.032787	-0.38837	0.086997	0.073564	0.052931	-4.4642	1.3898	1.7609	0.18451	higher expression, lower risk	False
SLC22A9	Brain_Hippocampus	chr11_63386130_A_G_b38	0.66535	-0.27067	0.059	0.018453	0.013319	-4.5876	1.3854	1.759	0.18475	higher expression, lower risk	False
ZNF184	Brain_Substantia_nigra	chr6_27451068_T_G_b38	0.49454	-0.36839	0.072023	0.017219	0.012544	-5.1148	1.3727	1.7577	0.18491	higher expression, lower risk	False
NRGN	Brain_Spinal_cord_cervical_c-1	chr11_125692591_A_G_b38	0.39163	-0.31089	0.070866	-0.018107	0.013036	-4.387	-1.3891	1.7537	0.18542	higher expression, higher risk	False
KIF17	Nerve_Tibial	chr1_20685321_G_A_b38	0.056222	-0.42614	0.069829	-0.044229	0.032652	-6.1026	-1.3546	1.7487	0.18604	higher expression, higher risk	True
L3MBTL3	Brain_Putamen_basal_ganglia	chr6_130732137_G_A_b38	0.13043	0.34634	0.077962	0.027294	0.019747	4.4424	1.3822	1.7418	0.18691	higher expression, higher risk	False
PLXND1	Brain_Spinal_cord_cervical_c-1	chr3_129594146_A_G_b38	0.23645	-0.39579	0.051661	0.02017	0.015095	-7.6613	1.3362	1.7326	0.18807	higher expression, lower risk	True
PLXND1	Nerve_Tibial	chr3_129630381_C_T_b38	0.077211	-0.16673	0.035244	-0.030251	0.022148	-4.7308	-1.3658	1.7219	0.18945	higher expression, higher risk	False
NEURL1	Nerve_Tibial	chr10_103579065_G_A_b38	0.20165	-0.19837	0.038159	-0.024311	0.017961	-5.1986	-1.3536	1.7159	0.19023	higher expression, higher risk	False
RORB	Brain_Cerebellar_Hemisphere	chr9_74526035_C_T_b38	0.23551	-0.18014	0.034515	0.020172	0.014975	-5.2192	1.3471	1.7012	0.19213	higher expression, lower risk	False
ZNF184	Brain_Hippocampus	chr6_27411593_A_G_b38	0.52559	-0.24835	0.033863	0.016593	0.012524	-7.3338	1.3249	1.7	0.19229	higher expression, lower risk	True
SLC22A9	Brain_Cortex	chr11_63372563_C_T_b38	0.68097	-0.34242	0.065679	0.018106	0.013631	-5.2135	1.3284	1.657	0.19801	higher expression, lower risk	False
SLCO1C1	Brain_Cerebellar_Hemisphere	chr12_20080609_GCAA_G_b38	0.021739	-0.73548	0.1396	-0.05489	0.041774	-5.2683	-1.314	1.6254	0.20234	higher expression, higher risk	False
TNFRSF6B	Brain_Cerebellar_Hemisphere	chr20_63674837_A_G_b38	0.2337	-0.16885	0.02941	0.021202	0.016261	-5.7413	1.3038	1.6166	0.20357	higher expression, lower risk	True
PLXND1	Brain_Anterior_cingulate_cortex_BA24	chr3_129555971_G_A_b38	0.12232	0.32288	0.070129	0.025214	0.019098	4.604	1.3202	1.6106	0.20441	higher expression, higher risk	False
RHOBTB3	Brain_Cerebellum	chr5_95653030_A_T_b38	0.015152	1.0949	0.095851	-0.066561	0.052135	11.422	-1.2767	1.6099	0.2045	higher expression, lower risk	True
NWD2	Brain_Cortex	chr4_37251145_G_C_b38	0.35075	0.13079	0.026628	0.018011	0.013778	4.9118	1.3072	1.5958	0.2065	higher expression, higher risk	False
SLC22A9	Brain_Frontal_Cortex_BA9	chr11_62987201_C_T_b38	0.070896	-0.42487	0.093597	-0.034038	0.025881	-4.5394	-1.3152	1.5958	0.2065	higher expression, higher risk	False
RHOBTB3	Brain_Cerebellar_Hemisphere	chr5_95653030_A_T_b38	0.014493	0.76024	0.098778	-0.066561	0.052135	7.6965	-1.2767	1.5864	0.20785	higher expression, lower risk	True
GPR22	Brain_Nucleus_accumbens_basal_ganglia	chr7_107714382_G_A_b38	0.015845	0.68397	0.14002	-0.069882	0.053673	4.885	-1.302	1.5827	0.20837	higher expression, lower risk	False
MEIS3	Nerve_Tibial	chr19_47403261_C_G_b38	0.029985	-0.82776	0.098478	-0.0432	0.034259	-8.4055	-1.261	1.5551	0.21239	higher expression, higher risk	True
STT3B	Brain_Spinal_cord_cervical_c-1	chr3_31637121_G_A_b38	0.92118	-0.3618	0.077788	0.036689	0.028369	-4.6511	1.2933	1.5525	0.21277	higher expression, lower risk	False
MEIS3	Brain_Frontal_Cortex_BA9	chr19_47403261_C_G_b38	0.035448	-0.45543	0.089272	-0.0432	0.034259	-5.1016	-1.261	1.4985	0.2209	higher expression, higher risk	False
ZNF184	Brain_Caudate_basal_ganglia	chr6_27422620_T_G_b38	0.56544	-0.22791	0.039454	0.015693	0.012548	-5.7766	1.2506	1.4941	0.22159	higher expression, lower risk	True
SGCD	Brain_Cerebellar_Hemisphere	chr5_156643955_C_T_b38	0.81159	-0.24732	0.050224	-0.021172	0.0168	-4.9244	-1.2602	1.4904	0.22215	higher expression, higher risk	False
APOL3	Brain_Nucleus_accumbens_basal_ganglia	chr22_36141845_A_G_b38	0.17958	-0.18404	0.041992	0.020486	0.01623	-4.3828	1.2622	1.4712	0.22516	higher expression, lower risk	False
ZNF184	Pituitary	chr6_27422620_T_G_b38	0.55305	-0.21299	0.043587	0.015693	0.012548	-4.8864	1.2506	1.4679	0.22567	higher expression, lower risk	False
C1QTNF4	Brain_Hippocampus	chr11_46803766_T_C_b38	0.027559	0.43508	0.096559	0.0606	0.048453	4.5059	1.2507	1.4523	0.22815	higher expression, higher risk	False
C1QB	Brain_Caudate_basal_ganglia	chr1_22111928_G_T_b38	0.010067	-0.44801	0.10405	-0.071649	0.057437	-4.3057	-1.2474	1.4356	0.23086	higher expression, higher risk	False
NRXN1	Brain_Putamen_basal_ganglia	chr2_50892516_A_G_b38	0.081028	-0.24175	0.052733	0.031047	0.02519	-4.5844	1.2325	1.4166	0.23396	higher expression, lower risk	False
SATB1	Brain_Hypothalamus	chr3_18347111_A_AAAG_b38	0.59375	-0.18614	0.038057	-0.016089	0.013128	-4.891	-1.2256	1.4133	0.23451	higher expression, higher risk	False
CALHM2	Brain_Caudate_basal_ganglia	chr10_103429111_C_T_b38	0.016778	-0.83004	0.1584	-0.06764	0.05545	-5.2402	-1.2198	1.4115	0.2348	higher expression, higher risk	False
RORB	Brain_Frontal_Cortex_BA9	chr9_75493785_T_C_b38	0.06903	0.23541	0.052591	-0.034892	0.028739	4.4762	-1.2141	1.373	0.24129	higher expression, lower risk	False
PINX1	Nerve_Tibial	chr8_10735117_C_T_b38	0.054723	0.2086	0.043177	-0.030316	0.025139	4.8312	-1.2059	1.3689	0.24199	higher expression, lower risk	False
CYP46A1	Nerve_Tibial	chr14_99705653_G_A_b38	0.36807	-0.34748	0.034479	0.015495	0.013182	-10.078	1.1755	1.3632	0.24298	higher expression, lower risk	True
AMDHD2	Pituitary	chr16_2444163_C_T_b38	0.68328	-0.21254	0.042638	-0.016328	0.01364	-4.9848	-1.197	1.3548	0.24444	higher expression, higher risk	False
UGP2	Brain_Frontal_Cortex_BA9	chr2_63185580_C_G_b38	0.054104	-0.21678	0.052918	-0.03121	0.025937	-4.0966	-1.2033	1.3329	0.24829	higher expression, higher risk	False
DRD2	Brain_Cerebellum	chr11_113503291_G_A_b38	0.4053	-0.3571	0.073916	0.015444	0.013068	-4.8312	1.1818	1.3178	0.25099	higher expression, lower risk	False
STAC3	Nerve_Tibial	chr12_57219642_C_T_b38	0.60495	-0.17126	0.042482	0.016167	0.013533	-4.0314	1.1947	1.312	0.25202	higher expression, lower risk	False
KHDRBS3	Brain_Cerebellar_Hemisphere	chr8_135859112_G_A_b38	0.26087	-0.30388	0.040516	-0.016987	0.014681	-7.5001	-1.1571	1.3077	0.2528	higher expression, higher risk	True
INHA	Brain_Amygdala	chr2_219567987_A_T_b38	0.39722	-0.23124	0.047787	0.014999	0.012785	-4.839	1.1732	1.3	0.25421	higher expression, lower risk	False
SLC22A9	Brain_Hypothalamus	chr11_64052181_C_T_b38	0.21484	0.33127	0.07274	-0.018381	0.015797	4.5542	-1.1636	1.2709	0.25959	higher expression, lower risk	False
DCC	Brain_Anterior_cingulate_cortex_BA24	chr18_52902137_T_C_b38	0.0085837	1.3126	0.2801	0.054881	0.047741	4.6864	1.1496	1.2465	0.26422	higher expression, higher risk	False
KCNS2	Brain_Caudate_basal_ganglia	chr8_98540299_C_T_b38	0.46644	0.10756	0.023794	-0.014723	0.012825	4.5206	-1.148	1.238	0.26586	higher expression, lower risk	False
SEZ6L	Brain_Anterior_cingulate_cortex_BA24	chr22_25676280_C_G_b38	0.064378	-0.2872	0.061125	-0.03004	0.026242	-4.6986	-1.1447	1.2369	0.26606	higher expression, higher risk	False
RPS6KA2	Brain_Putamen_basal_ganglia	chr6_166862407_T_C_b38	0.61067	-0.22926	0.048548	-0.01464	0.012989	-4.7224	-1.127	1.2018	0.27296	higher expression, higher risk	False
LGI4	Pituitary	chr19_35098682_AG_A_b38	0.053055	-0.37599	0.087474	0.032315	0.02861	-4.2983	1.1295	1.1934	0.27464	higher expression, lower risk	False
RPS6KA2	Brain_Caudate_basal_ganglia	chr6_166862407_T_C_b38	0.60235	-0.17878	0.041259	-0.01464	0.012989	-4.3332	-1.127	1.1898	0.27538	higher expression, higher risk	False
MAP2K1	Brain_Cerebellar_Hemisphere	chr15_66410007_C_A_b38	0.24819	-0.22241	0.035348	-0.016846	0.015267	-6.292	-1.1034	1.1811	0.27712	higher expression, higher risk	True
HNRNPLL	Nerve_Tibial	chr2_38727176_A_C_b38	0.25637	-0.11762	0.023783	-0.016065	0.014422	-4.9456	-1.1139	1.1809	0.27717	higher expression, higher risk	False
GRB14	Brain_Spinal_cord_cervical_c-1	chr2_164562859_T_A_b38	0.79557	0.37305	0.075734	0.017323	0.01555	4.9257	1.114	1.1806	0.27724	higher expression, higher risk	False
KHDRBS3	Brain_Nucleus_accumbens_basal_ganglia	chr8_135736535_G_T_b38	0.1831	0.25073	0.058979	-0.018048	0.016124	4.2513	-1.1193	1.1716	0.27906	higher expression, lower risk	False
RORB	Brain_Cerebellum	chr9_74727899_C_G_b38	0.63258	-0.19365	0.043227	-0.014424	0.013027	-4.4798	-1.1073	1.1555	0.2824	higher expression, higher risk	False
FBXL22	Brain_Nucleus_accumbens_basal_ganglia	chr15_63580119_G_T_b38	0.14084	-0.5127	0.085387	-0.021129	0.019437	-6.0044	-1.0871	1.1442	0.28477	higher expression, higher risk	True
NEUROD6	Brain_Substantia_nigra	chr7_31400129_T_G_b38	0.18852	-0.45098	0.099114	-0.017675	0.016145	-4.5501	-1.0948	1.1329	0.28715	higher expression, higher risk	False
P2RX2	Brain_Cerebellum	chr12_132623200_G_A_b38	0.57954	-0.47743	0.090326	0.01406	0.012952	-5.2857	1.0855	1.1307	0.28762	higher expression, lower risk	False
MAP2K1	Pituitary	chr15_66351925_T_TA_b38	0.24437	-0.21499	0.037824	-0.01614	0.014965	-5.6839	-1.0785	1.1228	0.28932	higher expression, higher risk	True
MAP2K1	Brain_Hypothalamus	chr15_66351925_T_TA_b38	0.24609	-0.11353	0.025411	-0.01614	0.014965	-4.4677	-1.0785	1.0992	0.29445	higher expression, higher risk	False
P2RX2	Brain_Cerebellar_Hemisphere	chr12_132627776_G_A_b38	0.58696	-0.42464	0.073193	0.013768	0.012953	-5.8016	1.063	1.0932	0.29575	higher expression, lower risk	True
BCAP29	Brain_Putamen_basal_ganglia	chr7_107068320_A_G_b38	0.38142	-0.44912	0.086913	-0.013801	0.012963	-5.1675	-1.0646	1.0873	0.29708	higher expression, higher risk	False
APOL3	Brain_Hypothalamus	chr22_36163389_C_T_b38	0.35742	-0.18797	0.040638	0.014089	0.013202	-4.6255	1.0672	1.0814	0.29839	higher expression, lower risk	False
CTNNA3	Brain_Cerebellum	chr10_67241768_C_T_b38	0.68371	-0.17007	0.041516	0.014419	0.013539	-4.0966	1.065	1.0625	0.30265	higher expression, lower risk	False
PTPRD	Brain_Cerebellar_Hemisphere	chr9_9675679_A_G_b38	0.077898	-0.25006	0.052618	0.02593	0.024593	-4.7523	1.0543	1.0595	0.30333	higher expression, lower risk	False
SEMA3C	Brain_Frontal_Cortex_BA9	chr7_81123581_C_T_b38	0.21455	0.22628	0.049453	0.017209	0.01642	4.5757	1.0481	1.0437	0.30696	higher expression, higher risk	False
ZBBX	Pituitary	chr3_167361005_T_C_b38	0.10611	-0.49181	0.065379	-0.021751	0.021129	-7.5225	-1.0294	1.0402	0.30778	higher expression, higher risk	True
APOL3	Brain_Caudate_basal_ganglia	chr22_36160916_C_T_b38	0.35403	-0.14625	0.03216	0.013818	0.013232	-4.5476	1.0442	1.0358	0.30879	higher expression, lower risk	False
ECEL1	Brain_Frontal_Cortex_BA9	chr2_232378227_T_C_b38	0.097015	0.4381	0.098704	-0.024094	0.023088	4.4385	-1.0436	1.032	0.30969	higher expression, lower risk	False
DENND1A	Pituitary	chr9_123458591_T_C_b38	0.017685	-0.63758	0.14497	-0.056661	0.054405	-4.398	-1.0415	1.0271	0.31085	higher expression, higher risk	False
PCDH17	Brain_Cortex	chr13_58253579_T_A_b38	0.16045	-0.20726	0.05209	0.017382	0.016683	-3.9788	1.0419	1.016	0.31347	higher expression, lower risk	False
APOD	Brain_Hypothalamus	chr3_195549765_C_T_b38	0.39453	0.13923	0.028251	-0.013416	0.0131	4.9285	-1.0241	1.0054	0.316	higher expression, lower risk	False
CLEC2B	Brain_Cerebellum	chr12_9853179_A_G_b38	0.55492	-0.18202	0.041193	0.013181	0.012852	-4.4189	1.0256	0.99809	0.31777	higher expression, lower risk	False
CLEC2B	Nerve_Tibial	chr12_9862337_A_T_b38	0.55922	-0.2537	0.024753	0.012849	0.012851	-10.249	0.99981	0.99019	0.3197	higher expression, lower risk	True
CERS3	Brain_Spinal_cord_cervical_c-1	chr15_100584877_C_T_b38	0.36946	-0.71321	0.080373	-0.013232	0.013376	-8.8738	-0.98923	0.96656	0.32554	higher expression, higher risk	True
CERS3	Brain_Nucleus_accumbens_basal_ganglia	chr15_100584877_C_T_b38	0.36972	-0.4971	0.064938	-0.013232	0.013376	-7.6549	-0.98923	0.9625	0.32656	higher expression, higher risk	True
CALHM2	Pituitary	chr10_103444696_C_G_b38	0.069132	0.28429	0.0639	-0.02346	0.023328	4.4489	-1.0057	0.96222	0.32663	higher expression, lower risk	False
CERS3	Brain_Cortex	chr15_100584877_C_T_b38	0.36754	-0.52348	0.07238	-0.013232	0.013376	-7.2324	-0.98923	0.9606	0.32704	higher expression, higher risk	True
CERS3	Brain_Hypothalamus	chr15_100584877_C_T_b38	0.36328	-0.50394	0.082148	-0.013232	0.013376	-6.1346	-0.98923	0.95377	0.32876	higher expression, higher risk	True
KIF17	Brain_Cerebellum	chr1_20684689_G_A_b38	0.05303	0.6344	0.14517	-0.029302	0.0293	4.3701	-1.0001	0.95035	0.32963	higher expression, lower risk	False
TENM2	Nerve_Tibial	chr5_168042805_A_T_b38	0.27436	-0.26402	0.018446	0.015173	0.015563	-14.314	0.97495	0.94613	0.33071	higher expression, lower risk	True
TMEM26	Brain_Putamen_basal_ganglia	chr10_61332727_CACTT_C_b38	0.023715	2.0523	0.26143	-0.036815	0.037605	7.85	-0.97899	0.94375	0.33131	higher expression, lower risk	True
PTBP2	Brain_Spinal_cord_cervical_c-1	chr1_96688364_C_T_b38	0.083744	0.57236	0.065518	0.020941	0.021456	8.7358	0.97599	0.94082	0.33207	higher expression, higher risk	True
ARHGEF28	Brain_Nucleus_accumbens_basal_ganglia	chr5_73619981_A_G_b38	0.53169	-0.1988	0.045129	0.012632	0.012754	-4.405	0.99044	0.93377	0.33389	higher expression, lower risk	False
NEUROD6	Brain_Hippocampus	chr7_30465265_G_C_b38	0.011811	0.47868	0.10749	0.059567	0.060357	4.4534	0.98692	0.92841	0.33528	higher expression, higher risk	False
C1QTNF4	Brain_Nucleus_accumbens_basal_ganglia	chr11_47230240_C_T_b38	0.026409	0.41938	0.089532	0.039653	0.040356	4.6842	0.98256	0.92474	0.33623	higher expression, higher risk	False
ECEL1	Nerve_Tibial	chr2_233455780_T_G_b38	0.4093	-0.17319	0.039268	-0.012654	0.012979	-4.4104	-0.97496	0.90626	0.34111	higher expression, higher risk	False
TPBG	Brain_Caudate_basal_ganglia	chr6_82274268_C_G_b38	0.65604	0.103	0.021605	-0.012561	0.01299	4.7677	-0.967	0.89815	0.34328	higher expression, lower risk	False
KCNS2	Brain_Putamen_basal_ganglia	chr8_98541612_A_T_b38	0.43281	0.13825	0.027747	-0.01245	0.012909	4.9824	-0.96448	0.89663	0.34369	higher expression, lower risk	False
DGKI	Brain_Amygdala	chr7_138765353_C_T_b38	0.23611	0.20461	0.044739	-0.014452	0.01497	4.5733	-0.96542	0.89227	0.34486	higher expression, lower risk	False
FBXL22	Brain_Cerebellum	chr15_62861416_C_T_b38	0.25568	0.28927	0.059082	-0.013659	0.014321	4.8961	-0.95381	0.87649	0.34917	higher expression, lower risk	False
STT3B	Brain_Caudate_basal_ganglia	chr3_31513134_C_T_b38	0.087248	-0.29613	0.05629	0.021525	0.022787	-5.2609	0.94462	0.86444	0.3525	higher expression, lower risk	False
PTBP2	Brain_Hippocampus	chr1_96700594_A_G_b38	0.090551	0.27558	0.055736	0.019924	0.021414	4.9444	0.93042	0.83608	0.36052	higher expression, higher risk	False
TENM2	Brain_Caudate_basal_ganglia	chr5_167001636_G_T_b38	0.1594	-0.15326	0.035673	-0.015254	0.016339	-4.2962	-0.93359	0.8323	0.36161	higher expression, higher risk	False
TBC1D26	Brain_Nucleus_accumbens_basal_ganglia	chr17_15747917_G_A_b38	0.39084	0.35015	0.028918	0.011863	0.013015	12.109	0.91145	0.82606	0.36341	higher expression, higher risk	True
GATB	Brain_Anterior_cingulate_cortex_BA24	chr4_151809957_T_C_b38	0.53219	0.1678	0.029731	-0.011813	0.012829	5.6439	-0.92084	0.82597	0.36344	higher expression, lower risk	True
PRB1	Brain_Putamen_basal_ganglia	chr12_11439141_G_T_b38	0.24901	-0.38466	0.073384	-0.013709	0.014884	-5.2417	-0.92101	0.82286	0.36435	higher expression, higher risk	False
ADAM33	Brain_Cerebellum	chr20_3684724_C_G_b38	0.045455	0.77052	0.089761	-0.023356	0.025657	8.5841	-0.9103	0.81944	0.36535	higher expression, lower risk	True
STT3B	Brain_Frontal_Cortex_BA9	chr3_31531565_T_C_b38	0.085821	-0.27869	0.057871	0.020388	0.02222	-4.8158	0.91754	0.81239	0.36741	higher expression, lower risk	False
ADAM33	Brain_Cerebellar_Hemisphere	chr20_3684724_C_G_b38	0.041667	0.73525	0.12182	-0.023356	0.025657	6.0357	-0.9103	0.81022	0.36805	higher expression, lower risk	True
LRFN4	Brain_Cerebellar_Hemisphere	chr11_66941553_G_A_b38	0.44203	0.11794	0.028036	-0.011685	0.012759	4.2066	-0.91582	0.80077	0.37086	higher expression, lower risk	False
FBXL22	Brain_Cerebellar_Hemisphere	chr15_63696771_C_T_b38	0.36051	-0.27032	0.044468	0.012257	0.013661	-6.0791	0.89727	0.78793	0.37473	higher expression, lower risk	True
KIF17	Brain_Cerebellar_Hemisphere	chr1_20685129_C_CGACA_b38	0.057971	0.69957	0.11426	-0.025916	0.028954	6.1226	-0.89508	0.7844	0.3758	higher expression, lower risk	True
WWC1	Brain_Cerebellum	chr5_169151218_C_G_b38	0.015152	0.4623	0.10587	0.036403	0.040265	4.3668	0.90409	0.78379	0.37599	higher expression, higher risk	False
MEIS3	Brain_Cerebellar_Hemisphere	chr19_47421722_T_C_b38	0.038793	-0.75495	0.15768	-0.029426	0.033327	-4.7878	-0.88297	0.75398	0.38522	higher expression, higher risk	False
ZNF311	Brain_Cerebellar_Hemisphere	chr6_29140952_A_G_b38	0.78261	-0.48582	0.077928	-0.014589	0.016745	-6.2342	-0.87127	0.74457	0.3882	higher expression, higher risk	True
PTPRQ	Brain_Putamen_basal_ganglia	chr12_80297178_T_C_b38	0.66403	0.2685	0.058409	0.01172	0.013428	4.597	0.87284	0.73533	0.39116	higher expression, higher risk	False
VANGL2	Brain_Cerebellar_Hemisphere	chr1_160548947_T_C_b38	0.31884	-0.80294	0.032521	0.011469	0.013449	-24.69	0.85277	0.72634	0.39407	higher expression, lower risk	True
VANGL2	Brain_Cerebellum	chr1_160548947_T_C_b38	0.32197	-0.88335	0.036556	0.011469	0.013449	-24.164	0.85277	0.72631	0.39408	higher expression, lower risk	True
CCL4L2	Brain_Caudate_basal_ganglia	chr17_36466322_G_A_b38	0.13087	-0.95531	0.098935	-0.018007	0.021536	-9.6559	-0.83612	0.69389	0.40484	higher expression, higher risk	True
CCL4L2	Brain_Hypothalamus	chr17_36466322_G_A_b38	0.11133	-0.83319	0.10607	-0.018007	0.021536	-7.8555	-0.83612	0.69127	0.40573	higher expression, higher risk	True
TMEM26	Brain_Hippocampus	chr10_61366918_A_G_b38	0.031496	1.6569	0.20388	-0.029165	0.03508	8.127	-0.8314	0.68407	0.40819	higher expression, lower risk	True
TMEM26	Brain_Nucleus_accumbens_basal_ganglia	chr10_61366918_A_G_b38	0.03169	1.5835	0.20471	-0.029165	0.03508	7.735	-0.8314	0.68333	0.40844	higher expression, lower risk	True
KCNB1	Brain_Cerebellum	chr20_49480071_T_C_b38	0.14583	0.32691	0.056039	0.013652	0.01635	5.8335	0.83498	0.68319	0.40849	higher expression, higher risk	True
KCNB1	Brain_Cerebellar_Hemisphere	chr20_49480071_T_C_b38	0.16304	0.38437	0.06814	0.013652	0.01635	5.6408	0.83498	0.68224	0.40882	higher expression, higher risk	True
GRB14	Nerve_Tibial	chr2_164837809_C_T_b38	0.07946	-0.19082	0.046748	-0.020305	0.02418	-4.082	-0.83973	0.67652	0.41079	higher expression, higher risk	False
TMEM26	Brain_Cortex	chr10_61366918_A_G_b38	0.026119	1.1427	0.22218	-0.029165	0.03508	5.1433	-0.8314	0.67362	0.41179	higher expression, lower risk	False
MFSD10	Brain_Caudate_basal_ganglia	chr4_2039561_G_A_b38	0.22315	-0.18452	0.041616	-0.012799	0.015344	-4.4339	-0.83412	0.67198	0.41236	higher expression, higher risk	False
KHDRBS3	Pituitary	chr8_135605346_T_C_b38	0.43569	0.2256	0.043324	0.010561	0.012782	5.2073	0.82626	0.66594	0.41447	higher expression, higher risk	False
PDE3A	Brain_Nucleus_accumbens_basal_ganglia	chr12_19964271_CTCCCAGCTCCTTTCTTGCACCTTCCCTGCAGCATCT_C_b38	0.15141	0.55731	0.059657	0.015255	0.01865	9.3419	0.81796	0.66396	0.41516	higher expression, higher risk	True
MEIS3	Brain_Anterior_cingulate_cortex_BA24	chr19_47427312_G_A_b38	0.04721	-0.42584	0.079588	-0.027507	0.033401	-5.3506	-0.82355	0.66254	0.41566	higher expression, higher risk	False
PDE3A	Brain_Frontal_Cortex_BA9	chr12_19964271_CTCCCAGCTCCTTTCTTGCACCTTCCCTGCAGCATCT_C_b38	0.15299	0.40301	0.054651	0.015255	0.01865	7.3742	0.81796	0.66092	0.41624	higher expression, higher risk	True
PDE3A	Brain_Putamen_basal_ganglia	chr12_19964271_CTCCCAGCTCCTTTCTTGCACCTTCCCTGCAGCATCT_C_b38	0.14427	0.39397	0.068603	0.015255	0.01865	5.7427	0.81796	0.65575	0.41806	higher expression, higher risk	True
PDE3A	Brain_Caudate_basal_ganglia	chr12_19964271_CTCCCAGCTCCTTTCTTGCACCTTCCCTGCAGCATCT_C_b38	0.13423	0.33196	0.057944	0.015255	0.01865	5.729	0.81796	0.65569	0.41809	higher expression, higher risk	True
PDE3A	Brain_Amygdala	chr12_19964271_CTCCCAGCTCCTTTCTTGCACCTTCCCTGCAGCATCT_C_b38	0.13611	0.45386	0.091651	0.015255	0.01865	4.9521	0.81796	0.65128	0.41965	higher expression, higher risk	False
SOWAHA	Brain_Cerebellar_Hemisphere	chr5_132804948_C_T_b38	0.24638	0.18036	0.043044	-0.011405	0.013903	4.1901	-0.8203	0.64806	0.42081	higher expression, lower risk	False
PLXND1	Brain_Substantia_nigra	chr3_129575725_G_A_b38	0.087432	-0.3592	0.066491	-0.017667	0.021712	-5.4022	-0.81372	0.64745	0.42103	higher expression, higher risk	True
PLXND1	Brain_Frontal_Cortex_BA9	chr3_129575725_G_A_b38	0.083955	-0.32216	0.074451	-0.017667	0.021712	-4.3272	-0.81372	0.63953	0.42388	higher expression, higher risk	False
EXD3	Brain_Anterior_cingulate_cortex_BA24	chr9_136955667_G_A_b38	0.43777	-0.20163	0.042487	-0.010359	0.012894	-4.7458	-0.80344	0.62754	0.42826	higher expression, higher risk	False
ELFN2	Brain_Spinal_cord_cervical_c-1	chr22_36815485_G_A_b38	0.99015	1.3058	0.26711	-0.039513	0.049312	4.8886	-0.8013	0.62528	0.42909	higher expression, lower risk	False
PTGS2	Brain_Hippocampus	chr1_186871978_T_C_b38	0.89961	-0.43342	0.09268	0.018216	0.022745	-4.6765	0.80087	0.62312	0.42989	higher expression, lower risk	False
ADAM33	Brain_Caudate_basal_ganglia	chr20_3681193_C_G_b38	0.38591	-0.177	0.034902	0.010546	0.013265	-5.0713	0.79498	0.61684	0.43222	higher expression, lower risk	False
ADAM33	Pituitary	chr20_3681193_C_G_b38	0.35691	-0.15499	0.035431	0.010546	0.013265	-4.3744	0.79498	0.61179	0.43411	higher expression, lower risk	False
NWD2	Brain_Frontal_Cortex_BA9	chr4_36829711_A_G_b38	0.14179	0.16849	0.034819	-0.013695	0.017368	4.839	-0.78857	0.60576	0.43639	higher expression, lower risk	False
SOWAHA	Brain_Nucleus_accumbens_basal_ganglia	chr5_132806585_G_A_b38	0.26409	-0.18379	0.030707	-0.010894	0.013926	-5.9854	-0.78224	0.60162	0.43796	higher expression, higher risk	True
DPEP2	Brain_Anterior_cingulate_cortex_BA24	chr16_67052371_A_T_b38	0.034335	-0.61828	0.14873	-0.02685	0.034009	-4.1572	-0.78949	0.60159	0.43797	higher expression, higher risk	False
ZNF536	Brain_Cortex	chr19_29936920_T_C_b38	0.68843	-0.16534	0.034856	0.01137	0.014515	-4.7434	0.78337	0.59738	0.43958	higher expression, lower risk	False
CUX1	Brain_Frontal_Cortex_BA9	chr7_102222554_C_G_b38	0.25933	0.14763	0.034937	-0.011147	0.014186	4.2255	-0.78579	0.59682	0.43979	higher expression, lower risk	False
SOWAHA	Nerve_Tibial	chr5_132806585_G_A_b38	0.2976	0.12143	0.028079	-0.010894	0.013926	4.3246	-0.78224	0.59251	0.44145	higher expression, lower risk	False
INHA	Brain_Putamen_basal_ganglia	chr2_219587877_G_A_b38	0.065217	-0.3483	0.070384	-0.02096	0.026953	-4.9487	-0.77765	0.59017	0.44235	higher expression, higher risk	False
MEPE	Brain_Spinal_cord_cervical_c-1	chr4_87877570_C_G_b38	0.95566	-1.3987	0.2028	-0.022503	0.029329	-6.897	-0.76728	0.58153	0.44571	higher expression, higher risk	True
TNFRSF6B	Brain_Cerebellum	chr20_63642964_T_C_b38	0.29356	-0.16999	0.035484	-0.010696	0.014158	-4.7906	-0.75544	0.55684	0.45554	higher expression, higher risk	False
SLCO1C1	Brain_Frontal_Cortex_BA9	chr12_20771910_A_G_b38	0.58022	-0.14041	0.027318	0.010123	0.013468	-5.1397	0.75162	0.5531	0.45705	higher expression, lower risk	False
ABCG2	Brain_Spinal_cord_cervical_c-1	chr4_87537090_G_T_b38	0.0024631	2.3724	0.49055	0.042267	0.056411	4.8361	0.74927	0.54824	0.45904	higher expression, higher risk	False
ADAM33	Brain_Cortex	chr20_3682089_A_G_b38	0.091418	-0.34088	0.067944	-0.01708	0.022952	-5.0171	-0.74414	0.54183	0.46168	higher expression, higher risk	False
CERS3	Brain_Cerebellar_Hemisphere	chr15_100574435_T_C_b38	0.41667	-0.81768	0.061683	-0.0095818	0.013003	-13.256	-0.73688	0.54133	0.46188	higher expression, higher risk	True
CERS3	Brain_Cerebellum	chr15_100574435_T_C_b38	0.42046	-0.8352	0.072742	-0.0095818	0.013003	-11.482	-0.73688	0.54077	0.46211	higher expression, higher risk	True
NEUROD6	Brain_Hypothalamus	chr7_30704712_G_A_b38	0.046875	-0.77916	0.14011	0.026183	0.035376	-5.5611	0.74015	0.53828	0.46315	higher expression, lower risk	True
SLC6A5	Pituitary	chr11_20338225_A_C_b38	0.72186	0.26829	0.059541	0.010829	0.014584	4.506	0.74255	0.53681	0.46376	higher expression, higher risk	False
PCDH17	Brain_Cerebellar_Hemisphere	chr13_56762284_A_G_b38	0.032609	0.66519	0.096382	0.025439	0.03483	6.9017	0.73036	0.52752	0.46765	higher expression, higher risk	True
TBX3	Brain_Putamen_basal_ganglia	chr12_114868083_G_A_b38	0.013834	-0.70048	0.14691	-0.036003	0.049006	-4.7682	-0.73467	0.52723	0.46778	higher expression, higher risk	False
CCL4L2	Brain_Hippocampus	chr17_36463908_G_A_b38	0.18307	-0.71057	0.087879	-0.01409	0.019407	-8.0857	-0.72602	0.52289	0.46961	higher expression, higher risk	True
CCL4L2	Pituitary	chr17_36463908_G_A_b38	0.17846	-0.57273	0.071264	-0.01409	0.019407	-8.0368	-0.72602	0.52284	0.46963	higher expression, higher risk	True
STYK1	Brain_Cortex	chr12_10674583_C_T_b38	0.23019	-0.11729	0.023422	0.010731	0.014691	-5.0076	0.73043	0.52241	0.46981	higher expression, lower risk	False
SGCD	Pituitary	chr5_155783677_C_T_b38	0.064309	0.40126	0.073666	-0.018974	0.026032	5.4471	-0.72885	0.52188	0.47004	higher expression, lower risk	True
CCL4L2	Brain_Cerebellum	chr17_36463908_G_A_b38	0.17614	-0.74081	0.10346	-0.01409	0.019407	-7.1602	-0.72602	0.52174	0.4701	higher expression, higher risk	True
CCL4L2	Brain_Nucleus_accumbens_basal_ganglia	chr17_36463908_G_A_b38	0.1743	-0.67517	0.095386	-0.01409	0.019407	-7.0782	-0.72602	0.52162	0.47015	higher expression, higher risk	True
CCL4L2	Brain_Frontal_Cortex_BA9	chr17_36463908_G_A_b38	0.17537	-0.60775	0.086293	-0.01409	0.019407	-7.0429	-0.72602	0.52156	0.47017	higher expression, higher risk	True
CCL4L2	Brain_Anterior_cingulate_cortex_BA24	chr17_36463908_G_A_b38	0.18884	-0.63361	0.096325	-0.01409	0.019407	-6.5779	-0.72602	0.52076	0.47052	higher expression, higher risk	True
CCL4L2	Brain_Putamen_basal_ganglia	chr17_36463908_G_A_b38	0.18577	-0.63933	0.102	-0.01409	0.019407	-6.2681	-0.72602	0.52013	0.47079	higher expression, higher risk	True
CCL4L2	Brain_Amygdala	chr17_36463908_G_A_b38	0.18333	-0.71901	0.11626	-0.01409	0.019407	-6.1844	-0.72602	0.51994	0.47087	higher expression, higher risk	True
APOL3	Nerve_Tibial	chr22_36144735_C_T_b38	0.43778	0.12295	0.022675	-0.0092796	0.012785	5.4222	-0.72583	0.51756	0.47188	higher expression, lower risk	True
DRD2	Brain_Hippocampus	chr11_113636138_C_T_b38	0.79528	0.36034	0.071992	0.011856	0.016443	5.0052	0.72102	0.5093	0.47544	higher expression, higher risk	False
RHOBTB3	Nerve_Tibial	chr5_95658635_A_G_b38	0.1994	0.187	0.025723	0.010944	0.015297	7.2696	0.71541	0.5069	0.47648	higher expression, higher risk	True
CGNL1	Brain_Cerebellum	chr15_57403216_C_T_b38	0.089015	0.34158	0.07218	0.015621	0.02175	4.7324	0.71819	0.50418	0.47767	higher expression, higher risk	False
ZNF311	Pituitary	chr6_29171710_C_A_b38	0.73473	-0.18023	0.042145	-0.010847	0.015119	-4.2765	-0.71748	0.50068	0.4792	higher expression, higher risk	False
KHDRBS3	Brain_Cerebellum	chr8_135882569_G_C_b38	0.31559	-0.30036	0.049306	-0.010093	0.014175	-6.0919	-0.71203	0.50016	0.47943	higher expression, higher risk	True
MBNL2	Nerve_Tibial	chr13_97333312_G_T_b38	0.3096	-0.20695	0.02217	0.0098467	0.013898	-9.3345	0.70852	0.49913	0.47988	higher expression, lower risk	True
TBX3	Brain_Nucleus_accumbens_basal_ganglia	chr12_114776279_C_T_b38	0.29225	-0.19537	0.044155	0.0098361	0.013751	-4.4245	0.71531	0.49864	0.4801	higher expression, lower risk	False
PLCL1	Brain_Cerebellum	chr2_198094992_A_G_b38	0.022727	-0.65232	0.15078	-0.040535	0.056639	-4.3264	-0.71567	0.49855	0.48014	higher expression, higher risk	False
NWD2	Pituitary	chr4_36511823_T_C_b38	0.3537	0.64203	0.067977	0.0094663	0.013473	9.4448	0.70261	0.49095	0.4835	higher expression, higher risk	True
SLCO1C1	Brain_Hippocampus	chr12_20753238_C_T_b38	0.6063	-0.14303	0.031482	0.0095125	0.013501	-4.5433	0.70456	0.48475	0.48628	higher expression, lower risk	False
PCDH17	Brain_Cerebellum	chr13_57731871_T_A_b38	0.21212	-0.189	0.043498	-0.010509	0.014912	-4.3451	-0.70475	0.48394	0.48664	higher expression, higher risk	False
NLGN1	Brain_Nucleus_accumbens_basal_ganglia	chr3_174286164_C_T_b38	0.02993	-0.31927	0.073305	-0.026787	0.03823	-4.3554	-0.70068	0.47857	0.48907	higher expression, higher risk	False
DRD2	Nerve_Tibial	chr11_113699683_T_C_b38	0.66792	-0.39413	0.028766	0.0091639	0.013276	-13.701	0.69028	0.47528	0.49057	higher expression, lower risk	True
GBA	Brain_Cerebellum	chr1_155155273_T_C_b38	0.47727	-0.18252	0.042456	0.008724	0.012743	-4.2991	0.6846	0.45709	0.49899	higher expression, lower risk	False
PIK3C2G	Brain_Frontal_Cortex_BA9	chr12_18455338_A_G_b38	0.8209	0.38916	0.071426	0.011323	0.016625	5.4484	0.68113	0.4568	0.49913	higher expression, higher risk	True
CCL4L2	Brain_Cortex	chr17_36463756_TC_T_b38	0.18657	-0.70543	0.092662	-0.01305	0.019402	-7.6129	-0.67261	0.4489	0.50286	higher expression, higher risk	True
CCL4L2	Nerve_Tibial	chr17_36463756_TC_T_b38	0.18591	-0.45289	0.06136	-0.01305	0.019402	-7.3808	-0.67261	0.44868	0.50296	higher expression, higher risk	True
CCL4L2	Brain_Spinal_cord_cervical_c-1	chr17_36463756_TC_T_b38	0.17241	-0.65743	0.10274	-0.01305	0.019402	-6.399	-0.67261	0.44746	0.50354	higher expression, higher risk	True
APOD	Brain_Spinal_cord_cervical_c-1	chr3_195589818_T_C_b38	0.68227	-0.36561	0.055719	0.009316	0.013855	-6.5616	0.67239	0.4474	0.50357	higher expression, lower risk	True
TNNT2	Brain_Cortex	chr1_201104914_T_C_b38	0.0037313	2.5605	0.43615	0.035217	0.053115	5.8707	0.66303	0.43407	0.51	higher expression, higher risk	True
P2RX2	Brain_Hippocampus	chr12_132600455_A_G_b38	0.51968	-0.25656	0.041041	0.0084956	0.012823	-6.2512	0.66253	0.43407	0.51	higher expression, lower risk	True
VWC2	Brain_Nucleus_accumbens_basal_ganglia	chr7_49423337_A_G_b38	0.28521	-0.34717	0.041348	-0.009497	0.01446	-8.3961	-0.65678	0.42873	0.51261	higher expression, higher risk	True
PINX1	Brain_Cerebellar_Hemisphere	chr8_10801280_T_C_b38	0.17935	-0.24936	0.047905	-0.010583	0.016177	-5.2053	-0.6542	0.42132	0.51628	higher expression, higher risk	False
VWC2	Brain_Cerebellar_Hemisphere	chr7_49204316_CCTGGGTGCTGTCTCAATCCT_C_b38	0.019928	0.7063	0.14783	-0.030154	0.046069	4.7777	-0.65454	0.42053	0.51667	higher expression, lower risk	False
MBNL2	Brain_Cerebellum	chr13_97060641_T_TC_b38	0.13636	-0.24511	0.05885	-0.012746	0.019471	-4.165	-0.65462	0.4182	0.51784	higher expression, higher risk	False
TCTA	Brain_Hippocampus	chr3_48665173_A_G_b38	0.13583	-0.31761	0.066174	-0.012749	0.019814	-4.7996	-0.64343	0.40669	0.52365	higher expression, higher risk	False
LRRC7	Nerve_Tibial	chr1_69542695_C_T_b38	0.26911	0.41107	0.019199	0.0089426	0.014146	21.411	0.63216	0.39928	0.52746	higher expression, higher risk	True
ZNF184	Brain_Cortex	chr6_27214343_C_A_b38	0.01306	0.48892	0.12082	-0.03577	0.056033	4.0467	-0.63838	0.39763	0.52831	higher expression, lower risk	False
SLITRK1	Brain_Cerebellum	chr13_83339878_G_T_b38	0.31061	-0.24505	0.060167	0.009447	0.014885	-4.0728	0.63466	0.39324	0.5306	higher expression, lower risk	False
PPP4R4	Brain_Cerebellar_Hemisphere	chr14_94034250_C_T_b38	0.13949	0.52039	0.080711	-0.012307	0.019648	6.4476	-0.62638	0.38868	0.53299	higher expression, lower risk	True
TMEM26	Brain_Caudate_basal_ganglia	chr10_61277393_A_G_b38	0.026846	1.7003	0.17541	-0.023827	0.038532	9.6931	-0.61837	0.38084	0.53716	higher expression, lower risk	True
TMEM26	Brain_Substantia_nigra	chr10_61277393_A_G_b38	0.030055	2.024	0.27614	-0.023827	0.038532	7.3296	-0.61837	0.37968	0.53777	higher expression, lower risk	True
TMEM26	Brain_Hypothalamus	chr10_61277393_A_G_b38	0.029297	1.4816	0.2062	-0.023827	0.038532	7.1851	-0.61837	0.37958	0.53783	higher expression, lower risk	True
TMEM26	Brain_Amygdala	chr10_61277393_A_G_b38	0.030556	1.8667	0.26919	-0.023827	0.038532	6.9346	-0.61837	0.37937	0.53794	higher expression, lower risk	True
TMEM26	Brain_Anterior_cingulate_cortex_BA24	chr10_61277393_A_G_b38	0.032189	1.2313	0.18442	-0.023827	0.038532	6.6764	-0.61837	0.37913	0.53807	higher expression, lower risk	True
TMEM26	Brain_Spinal_cord_cervical_c-1	chr10_61277393_A_G_b38	0.046798	1.1814	0.18274	-0.023827	0.038532	6.4651	-0.61837	0.37892	0.53818	higher expression, lower risk	True
OR2H2	Brain_Hippocampus	chr6_29632327_G_A_b38	0.064961	0.47301	0.10916	-0.01863	0.030202	4.3332	-0.61684	0.37293	0.54141	higher expression, lower risk	False
CUX1	Brain_Caudate_basal_ganglia	chr7_102290090_C_G_b38	0.041946	-0.37322	0.07584	-0.019386	0.031638	-4.9211	-0.61273	0.3697	0.54317	higher expression, higher risk	False
NLGN1	Nerve_Tibial	chr3_173407133_A_G_b38	0.26162	0.15272	0.033832	0.0088641	0.014458	4.514	0.61311	0.36909	0.5435	higher expression, higher risk	False
HSPA12B	Brain_Frontal_Cortex_BA9	chr20_3737166_C_A_b38	0.10448	-0.39057	0.076281	0.011992	0.019708	-5.1201	0.60847	0.36509	0.5457	higher expression, lower risk	False
ASXL3	Nerve_Tibial	chr18_33567966_A_G_b38	0.14318	0.19277	0.039898	0.014337	0.023554	4.8317	0.60871	0.36474	0.54589	higher expression, higher risk	False
EXD3	Brain_Hippocampus	chr9_137352354_C_G_b38	0.041339	-0.61975	0.10977	0.023267	0.038325	-5.6458	0.6071	0.36435	0.5461	higher expression, lower risk	True
SKIDA1	Nerve_Tibial	chr10_21285811_C_T_b38	0.84183	0.20041	0.034255	0.0098715	0.016278	5.8506	0.60645	0.36387	0.54636	higher expression, higher risk	True
EXD3	Brain_Frontal_Cortex_BA9	chr9_137352354_C_G_b38	0.041045	-0.48878	0.099639	0.023267	0.038325	-4.9055	0.6071	0.36301	0.54684	higher expression, lower risk	False
TNFRSF6B	Pituitary	chr20_63486715_T_C_b38	0.20739	0.19916	0.045562	0.0092449	0.015283	4.3712	0.60491	0.35903	0.54904	higher expression, higher risk	False
ADAM33	Nerve_Tibial	chr20_3680300_G_C_b38	0.1934	-0.43467	0.025449	0.0091383	0.015345	-17.08	0.59551	0.35421	0.55174	higher expression, lower risk	True
STYK1	Brain_Cerebellum	chr12_10765638_C_A_b38	0.039773	-0.86902	0.19901	-0.019743	0.032879	-4.3666	-0.60048	0.35389	0.55192	higher expression, higher risk	False
BSN	Brain_Nucleus_accumbens_basal_ganglia	chr3_49658718_C_G_b38	0.017606	-0.38596	0.088265	0.027692	0.046146	-4.3728	0.60009	0.35345	0.55217	higher expression, lower risk	False
GRB14	Brain_Nucleus_accumbens_basal_ganglia	chr2_163874884_C_T_b38	0.40493	-0.21927	0.05263	0.0077956	0.013069	-4.1662	0.59652	0.34868	0.55486	higher expression, lower risk	False
CACNG5	Brain_Cerebellum	chr17_66716215_A_C_b38	0.33902	0.39688	0.065615	0.0078722	0.013298	6.0486	0.59197	0.3471	0.55576	higher expression, higher risk	True
CACNG5	Brain_Cerebellar_Hemisphere	chr17_66716215_A_C_b38	0.32427	0.37848	0.068653	0.0078722	0.013298	5.5129	0.59197	0.34643	0.55614	higher expression, higher risk	True
CA10	Brain_Putamen_basal_ganglia	chr17_52006576_ATTG_A_b38	0.041502	-0.49488	0.1057	0.021943	0.037137	-4.6819	0.59087	0.34366	0.55772	higher expression, lower risk	False
PTGFR	Brain_Cerebellum	chr1_78495057_G_A_b38	0.24811	-0.3481	0.070109	-0.0085486	0.014679	-4.9652	-0.58236	0.33454	0.563	higher expression, higher risk	False
RBFOX1	Nerve_Tibial	chr16_5199556_A_G_b38	0.16667	0.30025	0.06078	-0.0088972	0.015628	4.94	-0.56931	0.31987	0.57169	higher expression, lower risk	False
WWC1	Brain_Anterior_cingulate_cortex_BA24	chr5_169117221_T_C_b38	0.0064378	1.1827	0.24482	0.02942	0.051756	4.8309	0.56843	0.3187	0.57239	higher expression, higher risk	False
CPLX4	Brain_Cerebellar_Hemisphere	chr18_59283565_T_G_b38	0.11232	0.30054	0.069242	-0.01209	0.021281	4.3404	-0.56813	0.31733	0.57322	higher expression, lower risk	False
MFSD10	Brain_Hypothalamus	chr4_2942791_C_T_b38	0.023438	-0.47776	0.09472	-0.029086	0.051767	-5.0439	-0.56185	0.31181	0.57657	higher expression, higher risk	False
MFSD10	Brain_Nucleus_accumbens_basal_ganglia	chr4_2942791_C_T_b38	0.022887	-0.38026	0.081754	-0.029086	0.051767	-4.6512	-0.56185	0.31114	0.57698	higher expression, higher risk	False
DUSP10	Brain_Cerebellar_Hemisphere	chr1_221528094_T_A_b38	0.014493	0.48801	0.10403	-0.028841	0.051603	4.6911	-0.5589	0.30799	0.57891	higher expression, lower risk	False
MAP2K1	Nerve_Tibial	chr15_66523845_C_G_b38	0.84858	-0.15384	0.026438	0.0096924	0.017409	-5.819	0.55674	0.30714	0.57944	higher expression, lower risk	True
CDH12	Brain_Caudate_basal_ganglia	chr5_22744323_G_A_b38	0.33725	-0.11295	0.023462	-0.0073913	0.013315	-4.8141	-0.5551	0.30409	0.58133	higher expression, higher risk	False
CYP46A1	Brain_Frontal_Cortex_BA9	chr14_99337949_G_T_b38	0.36194	0.097539	0.022676	-0.0073578	0.013348	4.3013	-0.55125	0.29896	0.58453	higher expression, lower risk	False
ENOX1	Brain_Hippocampus	chr13_43182514_T_G_b38	0.41339	0.20192	0.043147	0.0069839	0.012923	4.6799	0.54044	0.28823	0.59135	higher expression, higher risk	False
PTGFR	Brain_Amygdala	chr1_77335987_G_A_b38	0.6	0.3284	0.070554	-0.0072081	0.01335	4.6546	-0.53992	0.28765	0.59173	higher expression, lower risk	False
TBX3	Brain_Anterior_cingulate_cortex_BA24	chr12_114818013_T_G_b38	0.098712	0.36565	0.071233	0.012735	0.023922	5.1332	0.53236	0.28039	0.59645	higher expression, higher risk	False
LGI4	Nerve_Tibial	chr19_35119821_C_G_b38	0.073463	0.23193	0.036953	-0.01193	0.022798	6.2763	-0.52329	0.27194	0.60203	higher expression, lower risk	True
ELFN2	Brain_Cerebellum	chr22_37355606_T_TC_b38	0.44697	0.35373	0.08022	0.0067267	0.012877	4.4095	0.52238	0.2691	0.60393	higher expression, higher risk	False
APOD	Brain_Putamen_basal_ganglia	chr3_195531712_T_C_b38	0.13043	0.31787	0.060082	0.0095188	0.018286	5.2906	0.52056	0.26838	0.60442	higher expression, higher risk	False
APOD	Brain_Hippocampus	chr3_195531712_T_C_b38	0.13583	0.24173	0.04629	0.0095188	0.018286	5.222	0.52056	0.26832	0.60446	higher expression, higher risk	False
GRIA1	Brain_Caudate_basal_ganglia	chr5_153524384_G_C_b38	0.40604	-0.083179	0.019709	-0.0068204	0.013096	-4.2203	-0.5208	0.26717	0.60524	higher expression, higher risk	False
ARHGEF28	Nerve_Tibial	chr5_73802003_A_G_b38	0.56222	-0.15934	0.025809	-0.0065871	0.012787	-6.1741	-0.51515	0.26355	0.60769	higher expression, higher risk	True
TBC1D26	Brain_Spinal_cord_cervical_c-1	chr17_16360681_TAAAG_T_b38	0.014778	-1.2287	0.27343	0.031586	0.061351	-4.4936	0.51485	0.26163	0.609	higher expression, lower risk	False
PCDH17	Brain_Frontal_Cortex_BA9	chr13_57680639_A_C_b38	0.10634	-0.28556	0.068243	0.0096682	0.019076	-4.1844	0.50683	0.25317	0.61485	higher expression, lower risk	False
CTNNA3	Nerve_Tibial	chr10_67663683_T_TA_b38	0.042729	0.84427	0.044762	-0.015888	0.03199	18.861	-0.49665	0.24649	0.61955	higher expression, lower risk	True
ODF3B	Brain_Hypothalamus	chr22_50522740_A_G_b38	0.82812	0.28787	0.062926	-0.0075578	0.015367	4.5747	-0.49182	0.23912	0.62484	higher expression, lower risk	False
KCNB1	Nerve_Tibial	chr20_49902234_C_T_b38	0.023988	-0.31899	0.071863	0.021338	0.043489	-4.4389	0.49065	0.23783	0.62578	higher expression, lower risk	False
CDH12	Nerve_Tibial	chr5_22765456_T_G_b38	0.31859	-0.19623	0.049369	0.0063403	0.013221	-3.9749	0.47956	0.22668	0.634	higher expression, lower risk	False
RCE1	Brain_Cortex	chr11_66847541_C_T_b38	0.10634	0.31911	0.047857	-0.010162	0.021444	6.6679	-0.4739	0.22345	0.63643	higher expression, lower risk	True
UGP2	Brain_Cortex	chr2_64799195_T_A_b38	0.91791	-0.2324	0.043539	0.01018	0.021543	-5.3378	0.47256	0.22157	0.63784	higher expression, lower risk	False
SLCO1C1	Brain_Cortex	chr12_20712168_A_G_b38	0.29664	0.21778	0.032864	-0.0067632	0.014474	6.6268	-0.46728	0.21727	0.64113	higher expression, lower risk	True
ABCG2	Nerve_Tibial	chr4_88136512_C_T_b38	0.35682	0.14728	0.036586	-0.0061519	0.013123	4.0257	-0.46878	0.21682	0.64148	higher expression, lower risk	False
PLXND1	Brain_Nucleus_accumbens_basal_ganglia	chr3_129611647_A_G_b38	0.84331	0.18964	0.041997	0.0093282	0.020001	4.5155	0.46638	0.21521	0.64271	higher expression, higher risk	False
SEH1L	Nerve_Tibial	chr18_12939921_A_G_b38	0.19265	-0.1434	0.024521	-0.0071447	0.015787	-5.8481	-0.45257	0.2036	0.65183	higher expression, higher risk	True
ODF3B	Brain_Putamen_basal_ganglia	chr22_50538325_T_C_b38	0.74506	0.31114	0.063753	-0.0065021	0.014392	4.8804	-0.45178	0.20237	0.65281	higher expression, lower risk	False
SLCO1C1	Brain_Caudate_basal_ganglia	chr12_20734280_G_C_b38	0.47483	-0.16334	0.035269	0.0058017	0.012882	-4.6312	0.45037	0.20093	0.65397	higher expression, lower risk	False
ZNF184	Brain_Frontal_Cortex_BA9	chr6_27498933_A_G_b38	0.62127	-0.15732	0.024098	-0.0058724	0.013103	-6.5283	-0.44816	0.19991	0.6548	higher expression, higher risk	True
SOX7	Brain_Anterior_cingulate_cortex_BA24	chr8_10845125_G_T_b38	0.15451	0.41965	0.079617	0.0076308	0.017084	5.2708	0.44668	0.1981	0.65626	higher expression, higher risk	False
KCNB1	Brain_Cortex	chr20_50353984_G_A_b38	0.0093284	-0.36922	0.088127	-0.021876	0.049321	-4.1896	-0.44355	0.19456	0.65915	higher expression, higher risk	False
EXD3	Brain_Caudate_basal_ganglia	chr9_137349095_C_T_b38	0.098993	-0.33101	0.063413	-0.012083	0.02758	-5.2199	-0.43809	0.19058	0.66243	higher expression, higher risk	False
MAP2K1	Brain_Caudate_basal_ganglia	chr15_66211417_A_G_b38	0.031879	-0.23729	0.052358	-0.014867	0.033918	-4.5321	-0.43832	0.19034	0.66263	higher expression, higher risk	False
TOX2	Brain_Cerebellar_Hemisphere	chr20_43838934_C_T_b38	0.11413	0.47955	0.092971	-0.0092656	0.021349	5.1581	-0.43401	0.18704	0.66539	higher expression, lower risk	False
HSPA12B	Brain_Caudate_basal_ganglia	chr20_3753520_T_C_b38	0.058725	1.528	0.083243	-0.011925	0.027617	18.356	-0.43179	0.18634	0.66598	higher expression, lower risk	True
HSPA12B	Brain_Putamen_basal_ganglia	chr20_3753520_T_C_b38	0.061265	1.4049	0.079161	-0.011925	0.027617	17.748	-0.43179	0.18634	0.66598	higher expression, lower risk	True
HSPA12B	Brain_Nucleus_accumbens_basal_ganglia	chr20_3753520_T_C_b38	0.059859	1.4479	0.082435	-0.011925	0.027617	17.565	-0.43179	0.18633	0.66599	higher expression, lower risk	True
HSPA12B	Brain_Hypothalamus	chr20_3753520_T_C_b38	0.064453	0.6656	0.092795	-0.011925	0.027617	7.1728	-0.43179	0.18577	0.66646	higher expression, lower risk	True
HSPA12B	Brain_Cerebellar_Hemisphere	chr20_3753520_T_C_b38	0.063406	0.57995	0.090326	-0.011925	0.027617	6.4207	-0.43179	0.18561	0.6666	higher expression, lower risk	True
HSPA12B	Brain_Cerebellum	chr20_3753520_T_C_b38	0.060606	0.60867	0.098617	-0.011925	0.027617	6.172	-0.43179	0.18554	0.66666	higher expression, lower risk	True
HSPA12B	Brain_Anterior_cingulate_cortex_BA24	chr20_3753520_T_C_b38	0.060086	0.58586	0.096223	-0.011925	0.027617	6.0886	-0.43179	0.18551	0.66668	higher expression, lower risk	True
HSPA12B	Brain_Amygdala	chr20_3753520_T_C_b38	0.069444	0.47715	0.10255	-0.011925	0.027617	4.653	-0.43179	0.18485	0.66723	higher expression, lower risk	False
NEURL1	Brain_Cerebellum	chr10_103538219_T_C_b38	0.85606	0.21112	0.049511	-0.0071793	0.016795	4.2642	-0.42747	0.18091	0.67059	higher expression, lower risk	False
ERC2	Brain_Nucleus_accumbens_basal_ganglia	chr3_56009481_T_C_b38	0.024648	0.31916	0.076485	-0.016655	0.038989	4.1729	-0.42719	0.1806	0.67086	higher expression, lower risk	False
RCE1	Brain_Nucleus_accumbens_basal_ganglia	chr11_66714162_G_A_b38	0.13028	0.22399	0.041246	-0.0084523	0.019866	5.4307	-0.42547	0.17992	0.67144	higher expression, lower risk	True
RCE1	Brain_Hypothalamus	chr11_66714162_G_A_b38	0.13086	0.22646	0.045177	-0.0084523	0.019866	5.0127	-0.42547	0.17973	0.67161	higher expression, lower risk	False
ODF3B	Pituitary	chr22_50523357_C_T_b38	0.053055	0.59209	0.1121	-0.012253	0.02904	5.2816	-0.42192	0.17689	0.67406	higher expression, lower risk	False
SEMA3C	Nerve_Tibial	chr7_81137256_G_C_b38	0.056972	0.22905	0.053134	0.01134	0.026878	4.3109	0.42191	0.17632	0.67456	higher expression, higher risk	False
SPATA18	Nerve_Tibial	chr4_52349623_C_T_b38	0.26837	-0.1585	0.041353	-0.006116	0.014654	-3.8328	-0.41736	0.17215	0.67821	higher expression, higher risk	False
C11orf80	Brain_Putamen_basal_ganglia	chr11_66883828_G_A_b38	0.10277	-0.52993	0.059118	-0.0088859	0.021444	-8.9639	-0.41438	0.17134	0.67892	higher expression, higher risk	True
RCE1	Brain_Frontal_Cortex_BA9	chr11_66883828_G_A_b38	0.10821	0.2972	0.052014	-0.0088859	0.021444	5.7138	-0.41438	0.17081	0.67939	higher expression, lower risk	True
RPS6KA2	Brain_Spinal_cord_cervical_c-1	chr6_166626278_G_A_b38	0.1798	0.25547	0.039593	0.0066039	0.016447	6.4524	0.40152	0.1606	0.68861	higher expression, higher risk	True
LHX2	Nerve_Tibial	chr9_123380711_AT_A_b38	0.074963	0.36612	0.091144	0.010075	0.025163	4.017	0.40038	0.15872	0.69033	higher expression, higher risk	False
SEZ6L	Brain_Hypothalamus	chr22_25914621_T_G_b38	0.0078125	0.8284	0.18194	-0.019509	0.049769	4.5533	-0.392	0.15253	0.69613	higher expression, lower risk	False
MPP7	Pituitary	chr10_28093521_A_G_b38	0.12219	0.29786	0.059946	0.0068052	0.017454	4.9688	0.3899	0.15109	0.69749	higher expression, higher risk	False
DRD2	Brain_Cerebellar_Hemisphere	chr11_113977551_A_T_b38	0.64312	0.32273	0.069977	-0.0053334	0.013694	4.6119	-0.38947	0.15061	0.69795	higher expression, lower risk	False
GBA	Brain_Nucleus_accumbens_basal_ganglia	chr1_154829845_C_T_b38	0.056338	-0.34889	0.063519	-0.011401	0.029864	-5.4927	-0.38176	0.14504	0.70332	higher expression, higher risk	True
WWC1	Pituitary	chr5_168311351_C_T_b38	0.37138	0.2098	0.047861	0.0050623	0.013247	4.3836	0.38214	0.14493	0.70343	higher expression, higher risk	False
ZNF311	Brain_Hippocampus	chr6_29039414_G_A_b38	0.01378	-1.2736	0.26802	-0.020783	0.054607	-4.752	-0.3806	0.14393	0.7044	higher expression, higher risk	False
NRXN1	Pituitary	chr2_50882309_A_T_b38	0.51768	0.12877	0.029823	0.0048092	0.01277	4.3177	0.37659	0.14075	0.70754	higher expression, higher risk	False
TNFRSF6B	Nerve_Tibial	chr20_63688889_G_A_b38	0.1072	-0.22195	0.042132	0.0075602	0.020485	-5.268	0.36906	0.13554	0.71275	higher expression, lower risk	False
NPTXR	Brain_Putamen_basal_ganglia	chr22_38826045_A_G_b38	0.44862	-0.28907	0.051118	-0.0048093	0.013065	-5.6548	-0.36812	0.13494	0.71336	higher expression, higher risk	True
ZNF184	Brain_Cerebellar_Hemisphere	chr6_27503736_A_G_b38	0.62319	-0.2479	0.044161	-0.0047778	0.0131	-5.6136	-0.36471	0.13245	0.7159	higher expression, higher risk	True
ZNF184	Brain_Putamen_basal_ganglia	chr6_27503736_A_G_b38	0.63439	-0.21793	0.05223	-0.0047778	0.0131	-4.1725	-0.36471	0.13201	0.71636	higher expression, higher risk	False
PINX1	Brain_Cerebellum	chr8_10825164_A_C_b38	0.21591	-0.40196	0.054126	-0.0054612	0.015086	-7.4263	-0.36202	0.13075	0.71766	higher expression, higher risk	True
ZNF311	Nerve_Tibial	chr6_29172278_A_G_b38	0.80585	-0.43783	0.03887	-0.0062068	0.017198	-11.264	-0.36091	0.13012	0.71831	higher expression, higher risk	True
EXD3	Brain_Nucleus_accumbens_basal_ganglia	chr9_137356050_C_T_b38	0.072183	-0.33854	0.074899	-0.009986	0.027697	-4.5199	-0.36054	0.12917	0.71929	higher expression, higher risk	False
DRD2	Brain_Cortex	chr11_113695485_C_A_b38	0.34888	-0.42764	0.072504	0.0049674	0.013942	-5.8982	0.35629	0.12648	0.72211	higher expression, lower risk	True
SGCD	Brain_Caudate_basal_ganglia	chr5_156326864_A_T_b38	0.19631	-0.41907	0.066657	0.0057644	0.016341	-6.287	0.35276	0.12405	0.72469	higher expression, lower risk	True
CGNL1	Brain_Anterior_cingulate_cortex_BA24	chr15_57463238_A_G_b38	0.38197	-0.13587	0.029523	-0.0046692	0.013253	-4.6023	-0.35231	0.1234	0.72538	higher expression, higher risk	False
NPTXR	Brain_Nucleus_accumbens_basal_ganglia	chr22_38834702_G_A_b38	0.43486	-0.24587	0.043483	-0.004595	0.013131	-5.6544	-0.34994	0.12199	0.72689	higher expression, higher risk	True
SEH1L	Brain_Spinal_cord_cervical_c-1	chr18_12995546_G_A_b38	0.10099	-0.37237	0.08348	-0.0087021	0.024964	-4.4605	-0.34858	0.12077	0.7282	higher expression, higher risk	False
TPBG	Brain_Spinal_cord_cervical_c-1	chr6_82558598_T_C_b38	0.37438	-0.631	0.045534	0.0044641	0.012922	-13.858	0.34547	0.11927	0.72982	higher expression, lower risk	True
TBX18	Brain_Hippocampus	chr6_84473943_C_A_b38	0.020833	-0.59045	0.13684	0.013319	0.038554	-4.315	0.34547	0.11859	0.73057	higher expression, lower risk	False
SEH1L	Brain_Cortex	chr18_13142721_C_T_b38	0.031716	0.40841	0.078531	-0.014372	0.041729	5.2006	-0.34441	0.1181	0.7311	higher expression, lower risk	False
TNNT2	Brain_Anterior_cingulate_cortex_BA24	chr1_202052939_C_T_b38	0.0064378	1.2758	0.27707	-0.016273	0.048682	4.6045	-0.33427	0.11115	0.73884	higher expression, lower risk	False
ISL1	Brain_Nucleus_accumbens_basal_ganglia	chr5_51523267_T_A_b38	0.019366	0.69542	0.13491	0.01838	0.055264	5.1548	0.33259	0.11016	0.73996	higher expression, higher risk	False
FUOM	Brain_Frontal_Cortex_BA9	chr10_133353776_T_C_b38	0.044776	0.70878	0.14924	-0.012499	0.038068	4.7494	-0.32833	0.10729	0.74326	higher expression, lower risk	False
WNT4	Nerve_Tibial	chr1_22122867_C_T_b38	0.030735	-0.4977	0.12363	0.010966	0.033654	-4.0257	0.32584	0.10548	0.74535	higher expression, lower risk	False
APOL3	Pituitary	chr22_36149613_C_T_b38	0.37138	0.18404	0.037228	-0.0040978	0.013086	4.9436	-0.31315	0.097671	0.75464	higher expression, lower risk	False
SLC12A7	Brain_Frontal_Cortex_BA9	chr5_403003_A_C_b38	0.40672	0.21097	0.044158	0.0040087	0.012855	4.7776	0.31184	0.096833	0.75566	higher expression, higher risk	False
UGP2	Nerve_Tibial	chr2_63607485_A_G_b38	0.75712	-0.10273	0.022414	0.0043205	0.013976	-4.5833	0.30914	0.095134	0.75775	higher expression, lower risk	False
GNG11	Nerve_Tibial	chr7_93922294_G_A_b38	0.044228	0.25151	0.0522	-0.01174	0.038336	4.8183	-0.30624	0.093407	0.75989	higher expression, lower risk	False
EXD3	Brain_Cortex	chr9_137354158_C_G_b38	0.08209	-0.48062	0.093086	-0.008451	0.027621	-5.1631	-0.30596	0.093283	0.76004	higher expression, higher risk	False
PTGFR	Nerve_Tibial	chr1_78372376_C_T_b38	0.26462	-0.28782	0.031889	0.0042917	0.014071	-9.0256	0.30501	0.092926	0.76049	higher expression, lower risk	True
TRIM36	Brain_Caudate_basal_ganglia	chr5_115716609_G_A_b38	0.020134	0.46856	0.10335	0.014547	0.048669	4.5336	0.2989	0.088957	0.76551	higher expression, higher risk	False
CACNG5	Pituitary	chr17_66855900_A_G_b38	0.13023	-0.43922	0.099938	0.005473	0.018354	-4.3949	0.29819	0.08851	0.76608	higher expression, lower risk	False
EXD3	Pituitary	chr9_137353692_A_G_b38	0.085209	-0.84341	0.09463	-0.0081886	0.027616	-8.9127	-0.29651	0.087823	0.76696	higher expression, higher risk	True
CGNL1	Nerve_Tibial	chr15_57486837_C_G_b38	0.26687	0.18535	0.022406	0.0041629	0.014223	8.2725	0.29269	0.085559	0.7699	higher expression, higher risk	True
SEMA3C	Brain_Spinal_cord_cervical_c-1	chr7_80752350_G_A_b38	0.44335	0.27671	0.047269	-0.0036267	0.01283	5.854	-0.28267	0.079719	0.77768	higher expression, lower risk	True
STT3B	Nerve_Tibial	chr3_31421002_C_G_b38	0.1994	-0.18541	0.034273	-0.0054138	0.019304	-5.4097	-0.28045	0.078439	0.77942	higher expression, higher risk	True
MPP7	Brain_Cerebellum	chr10_28370511_C_G_b38	0.36553	0.87363	0.055183	0.0036774	0.013364	15.832	0.27518	0.075702	0.78321	higher expression, higher risk	True
MPP7	Brain_Cerebellar_Hemisphere	chr10_28370511_C_G_b38	0.34058	0.71285	0.046288	0.0036774	0.013364	15.4	0.27518	0.0757	0.78321	higher expression, higher risk	True
KCNB1	Brain_Hypothalamus	chr20_50459837_A_C_b38	0.31641	-0.14053	0.029473	-0.0036954	0.013722	-4.7678	-0.26931	0.072297	0.78802	higher expression, higher risk	False
RHOBTB3	Brain_Caudate_basal_ganglia	chr5_95773527_T_C_b38	0.59564	0.16	0.025003	0.0034736	0.012909	6.3995	0.26908	0.072276	0.78805	higher expression, higher risk	True
MFAP4	Nerve_Tibial	chr17_19384106_G_C_b38	0.15517	-0.15286	0.02721	-0.0043802	0.016392	-5.6177	-0.26722	0.071247	0.78953	higher expression, higher risk	True
PRB1	Brain_Frontal_Cortex_BA9	chr12_11494404_T_C_b38	0.12687	0.51696	0.10317	0.0064145	0.024652	5.0109	0.2602	0.067522	0.79498	higher expression, higher risk	False
ECEL1	Brain_Nucleus_accumbens_basal_ganglia	chr2_232273070_C_A_b38	0.035211	-0.74898	0.15149	0.01161	0.045836	-4.9442	0.25331	0.063996	0.80029	higher expression, lower risk	False
CACNG5	Brain_Anterior_cingulate_cortex_BA24	chr17_66794316_A_G_b38	0.44206	-0.34943	0.068868	-0.0032738	0.013025	-5.074	-0.25135	0.063024	0.80178	higher expression, higher risk	False
ECEL1	Brain_Caudate_basal_ganglia	chr2_231946908_A_G_b38	0.015101	-0.79447	0.18399	0.011	0.043952	-4.3181	0.25026	0.06242	0.80271	higher expression, lower risk	False
TBX3	Brain_Frontal_Cortex_BA9	chr12_114794103_G_C_b38	0.20522	-0.26195	0.052606	-0.0040446	0.016696	-4.9794	-0.24225	0.058549	0.8088	higher expression, higher risk	False
TRIM36	Brain_Cortex	chr5_115143931_C_T_b38	0.016791	-0.53424	0.10246	-0.014501	0.060299	-5.2144	-0.24048	0.057708	0.81016	higher expression, higher risk	False
PAPPA	Pituitary	chr9_116665450_G_C_b38	0.55145	0.21724	0.045413	0.0030689	0.012779	4.7836	0.24016	0.057532	0.81044	higher expression, higher risk	False
NPTXR	Brain_Cerebellar_Hemisphere	chr22_38842380_C_G_b38	0.44022	-0.16703	0.035176	-0.0031047	0.013118	-4.7485	-0.23668	0.055881	0.81313	higher expression, higher risk	False
APOL6	Nerve_Tibial	chr22_35646939_C_T_b38	0.3943	-0.35205	0.025403	0.002919	0.012907	-13.858	0.22616	0.051136	0.8211	higher expression, lower risk	True
APOL6	Brain_Nucleus_accumbens_basal_ganglia	chr22_35646939_C_T_b38	0.40317	-0.15405	0.032185	0.002919	0.012907	-4.7863	0.22616	0.051035	0.82127	higher expression, lower risk	False
FAM183A	Pituitary	chr1_43179143_G_A_b38	0.073955	0.20403	0.047662	0.0067086	0.029876	4.2807	0.22455	0.050284	0.82257	higher expression, higher risk	False
KHDRBS3	Brain_Substantia_nigra	chr8_134886401_C_T_b38	0.11202	0.40808	0.09077	0.0049386	0.022033	4.4958	0.22415	0.050118	0.82286	higher expression, higher risk	False
HSPA12B	Nerve_Tibial	chr20_3731691_T_C_b38	0.63118	0.12333	0.025768	-0.0029302	0.013142	4.7861	-0.22296	0.049602	0.82376	higher expression, lower risk	False
CACNA2D2	Nerve_Tibial	chr3_51415449_C_T_b38	0.95202	0.3429	0.096018	-0.010763	0.048394	3.5712	-0.2224	0.04927	0.82434	higher expression, lower risk	False
ELK3	Brain_Nucleus_accumbens_basal_ganglia	chr12_96252782_G_T_b38	0.015845	0.54688	0.12117	0.01245	0.056188	4.5132	0.22157	0.048977	0.82485	higher expression, higher risk	False
P2RX2	Brain_Amygdala	chr12_132636151_C_T_b38	0.46111	-0.26347	0.05606	0.0028114	0.012813	-4.6998	0.21942	0.04804	0.82651	higher expression, lower risk	False
CUX1	Brain_Cerebellum	chr7_102242356_C_T_b38	0.51136	-0.27202	0.039756	-0.0027878	0.01279	-6.8423	-0.21796	0.047458	0.82755	higher expression, higher risk	True
TPBG	Brain_Amygdala	chr6_82354087_T_G_b38	0.57778	0.3419	0.072751	0.0027974	0.012873	4.6995	0.21731	0.047124	0.82815	higher expression, higher risk	False
APOD	Brain_Caudate_basal_ganglia	chr3_195558075_T_C_b38	0.42114	-0.2103	0.030056	0.0027318	0.012789	-6.9968	0.21361	0.045586	0.83093	higher expression, lower risk	True
APOD	Brain_Anterior_cingulate_cortex_BA24	chr3_195558075_T_C_b38	0.43777	-0.21915	0.03895	0.0027318	0.012789	-5.6265	0.21361	0.045563	0.83097	higher expression, lower risk	True
APOD	Brain_Cortex	chr3_195558075_T_C_b38	0.41418	-0.22347	0.040734	0.0027318	0.012789	-5.4861	0.21361	0.04556	0.83098	higher expression, lower risk	True
SLCO1C1	Brain_Nucleus_accumbens_basal_ganglia	chr12_20746782_A_C_b38	0.74824	-0.20545	0.047799	-0.0032557	0.015416	-4.2983	-0.21119	0.044495	0.83294	higher expression, higher risk	False
MPP7	Brain_Spinal_cord_cervical_c-1	chr10_27677214_G_A_b38	0.014778	0.92731	0.18675	-0.0077614	0.037435	4.9654	-0.20733	0.04291	0.83589	higher expression, lower risk	False
FUOM	Nerve_Tibial	chr10_133346099_G_C_b38	0.94903	0.55719	0.049835	0.0078179	0.037972	11.181	0.20589	0.042374	0.83691	higher expression, higher risk	True
CERS3	Brain_Caudate_basal_ganglia	chr15_100554159_G_A_b38	0.14933	-0.87671	0.097445	0.0037158	0.018133	-8.997	0.20492	0.041971	0.83768	higher expression, lower risk	True
CERS3	Brain_Substantia_nigra	chr15_100554159_G_A_b38	0.14754	-0.68677	0.13156	0.0037158	0.018133	-5.2204	0.20492	0.041928	0.83776	higher expression, lower risk	False
OR2H2	Brain_Nucleus_accumbens_basal_ganglia	chr6_29588032_C_T_b38	0.67078	0.26271	0.048724	-0.0026303	0.012874	5.3919	-0.20431	0.041681	0.83823	higher expression, lower risk	True
OR2H2	Pituitary	chr6_29588032_C_T_b38	0.66399	0.26848	0.051718	-0.0026303	0.012874	5.1912	-0.20431	0.041676	0.83824	higher expression, lower risk	False
OR2H2	Brain_Caudate_basal_ganglia	chr6_29588032_C_T_b38	0.65604	0.21482	0.043837	-0.0026303	0.012874	4.9004	-0.20431	0.041669	0.83825	higher expression, lower risk	False
TRIM36	Brain_Spinal_cord_cervical_c-1	chr5_115158318_A_C_b38	0.014778	-1.0286	0.1529	-0.011886	0.060056	-6.727	-0.19791	0.039136	0.84318	higher expression, higher risk	True
SLC12A7	Nerve_Tibial	chr5_1104823_C_T_b38	0.54873	-0.27369	0.023971	0.0025412	0.012894	-11.417	0.19708	0.03883	0.84379	higher expression, lower risk	True
DPT	Brain_Nucleus_accumbens_basal_ganglia	chr1_169038440_A_G_b38	0.0088028	-1.6604	0.36546	-0.012087	0.061292	-4.5434	-0.19721	0.03882	0.84381	higher expression, higher risk	False
CERS3	Pituitary	chr15_100552616_G_T_b38	0.14309	-0.50233	0.083841	0.0035593	0.018134	-5.9914	0.19628	0.038483	0.84448	higher expression, lower risk	True
FUOM	Brain_Putamen_basal_ganglia	chr10_133354786_A_AC_b38	0.033597	-0.68996	0.13976	-0.007364	0.038175	-4.9368	-0.1929	0.037154	0.84715	higher expression, higher risk	False
FUOM	Brain_Caudate_basal_ganglia	chr10_133354786_A_AC_b38	0.035235	-0.65082	0.13914	-0.007364	0.038175	-4.6774	-0.1929	0.037147	0.84717	higher expression, higher risk	False
CERS3	Brain_Anterior_cingulate_cortex_BA24	chr15_100562703_A_G_b38	0.13734	-0.72108	0.11104	0.0034525	0.018141	-6.4939	0.19032	0.03619	0.84912	higher expression, lower risk	True
DUSP10	Pituitary	chr1_221876478_G_T_b38	0.36656	0.25245	0.049688	0.0024753	0.013224	5.0808	0.18718	0.034988	0.85162	higher expression, higher risk	False
CERS3	Nerve_Tibial	chr15_100560597_A_C_b38	0.13568	-0.68548	0.068716	0.0033263	0.018141	-9.9756	0.18336	0.033609	0.85454	higher expression, lower risk	True
CERS3	Brain_Frontal_Cortex_BA9	chr15_100560597_A_C_b38	0.14179	-0.79609	0.11375	0.0033263	0.018141	-6.9987	0.18336	0.033597	0.85457	higher expression, lower risk	True
CERS3	Brain_Putamen_basal_ganglia	chr15_100560597_A_C_b38	0.16206	-0.65532	0.11102	0.0033263	0.018141	-5.9025	0.18336	0.033588	0.85459	higher expression, lower risk	True
PLCL1	Nerve_Tibial	chr2_198017006_G_C_b38	0.15742	0.18002	0.033293	0.0029274	0.016535	5.407	0.17704	0.031309	0.85955	higher expression, higher risk	True
TPBG	Brain_Cerebellum	chr6_82300885_C_T_b38	0.63068	0.30362	0.06648	-0.0023357	0.013274	4.5672	-0.17596	0.030916	0.86043	higher expression, lower risk	False
SLC26A4	Brain_Spinal_cord_cervical_c-1	chr7_107745951_G_A_b38	0.21921	-0.6292	0.095364	-0.002566	0.014744	-6.5979	-0.17404	0.030267	0.86189	higher expression, higher risk	True
DPT	Brain_Spinal_cord_cervical_c-1	chr1_168654643_C_T_b38	0.59113	-0.42886	0.093949	0.0021604	0.01313	-4.5649	0.16454	0.027039	0.86939	higher expression, lower risk	False
PTPRD	Pituitary	chr9_10613049_C_T_b38	0.088424	0.2993	0.06725	0.0034813	0.021604	4.4505	0.16114	0.025932	0.87207	higher expression, higher risk	False
PTPRQ	Brain_Cortex	chr12_80332778_C_T_b38	0.0074627	1.2638	0.30854	0.010011	0.062918	4.0962	0.15911	0.025279	0.87368	higher expression, higher risk	False
APOD	Nerve_Tibial	chr3_195566320_A_G_b38	0.31709	0.31333	0.027737	-0.0021334	0.013523	11.296	-0.15776	0.024883	0.87466	higher expression, lower risk	True
DUSP10	Nerve_Tibial	chr1_222046411_G_A_b38	0.19115	-0.19934	0.038337	-0.0025055	0.016076	-5.1996	-0.15585	0.024269	0.8762	higher expression, higher risk	False
TOX2	Nerve_Tibial	chr20_43904501_TTAACGTGCAAG_T_b38	0.24438	1.1359	0.040383	-0.0022446	0.01443	28.129	-0.15555	0.024195	0.87639	higher expression, lower risk	True
CACNG5	Brain_Frontal_Cortex_BA9	chr17_66712318_T_A_b38	0.52239	0.2711	0.05793	-0.001903	0.012796	4.6798	-0.14871	0.022093	0.88184	higher expression, lower risk	False
RPS6KA2	Brain_Cerebellar_Hemisphere	chr6_166626975_A_G_b38	0.17754	-0.34644	0.071171	0.0023147	0.016221	-4.8676	0.1427	0.020346	0.88658	higher expression, lower risk	False
RPS6KA2	Brain_Cerebellum	chr6_166626975_A_G_b38	0.17424	-0.34448	0.073389	0.0023147	0.016221	-4.6939	0.1427	0.020345	0.88658	higher expression, lower risk	False
RHOBTB3	Brain_Hippocampus	chr5_95781888_G_A_b38	0.2185	-0.14923	0.033959	-0.0022352	0.015687	-4.3944	-0.14249	0.020281	0.88676	higher expression, higher risk	False
TOX2	Brain_Spinal_cord_cervical_c-1	chr20_43900763_C_G_b38	0.22414	0.65866	0.069008	0.0020315	0.014669	9.5448	0.13849	0.019175	0.88987	higher expression, higher risk	True
TOX2	Brain_Caudate_basal_ganglia	chr20_43900763_C_G_b38	0.20638	0.51968	0.075793	0.0020315	0.014669	6.8566	0.13849	0.019171	0.88988	higher expression, higher risk	True
BCAP29	Pituitary	chr7_106857826_T_C_b38	0.9373	-0.62041	0.14194	0.0040335	0.029944	-4.371	0.1347	0.018127	0.8929	higher expression, lower risk	False
WIPF3	Nerve_Tibial	chr7_29774572_A_T_b38	0.23163	-0.16606	0.033457	0.0020047	0.015533	-4.9635	0.12906	0.016645	0.89735	higher expression, lower risk	False
PLCL1	Brain_Frontal_Cortex_BA9	chr2_198497257_C_T_b38	0.054104	0.31817	0.076127	-0.0039812	0.030993	4.1794	-0.12845	0.016485	0.89784	higher expression, lower risk	False
PABPC1L	Pituitary	chr20_44885172_C_T_b38	0.036978	0.50387	0.10697	-0.0047905	0.038164	4.7103	-0.12552	0.015745	0.90014	higher expression, lower risk	False
VANGL2	Brain_Nucleus_accumbens_basal_ganglia	chr1_160429052_G_C_b38	0.18134	-0.22601	0.042832	0.0019571	0.0156	-5.2768	0.12545	0.01573	0.90019	higher expression, lower risk	False
VANGL2	Brain_Caudate_basal_ganglia	chr1_160429052_G_C_b38	0.1896	-0.1642	0.034419	0.0019571	0.0156	-4.7707	0.12545	0.015728	0.9002	higher expression, lower risk	False
TP63	Nerve_Tibial	chr3_189715193_G_C_b38	0.56747	-0.19255	0.02343	-0.0015056	0.012807	-8.2181	-0.11755	0.013816	0.90643	higher expression, higher risk	True
VANGL2	Brain_Cortex	chr1_160413260_T_C_b38	0.52425	-0.12803	0.03011	-0.0014906	0.012738	-4.2521	-0.11702	0.013683	0.90688	higher expression, higher risk	False
TOX2	Brain_Nucleus_accumbens_basal_ganglia	chr20_43903654_T_A_b38	0.22887	0.20427	0.041037	-0.0016549	0.014429	4.9776	-0.1147	0.013148	0.90871	higher expression, lower risk	False
TOX2	Brain_Cerebellum	chr20_43909379_T_A_b38	0.22917	0.47884	0.062923	-0.0016526	0.014429	7.6099	-0.11453	0.013114	0.90883	higher expression, lower risk	True
RHOBTB3	Brain_Nucleus_accumbens_basal_ganglia	chr5_95720330_A_AT_b38	0.51056	-0.12994	0.02421	0.0014306	0.012822	-5.3671	0.11157	0.012444	0.91118	higher expression, lower risk	True
C11orf80	Brain_Hypothalamus	chr11_66802038_G_T_b38	0.11914	-0.61808	0.054185	-0.002272	0.020769	-11.407	-0.1094	0.011967	0.91289	higher expression, higher risk	True
C11orf80	Brain_Cortex	chr11_66802038_G_T_b38	0.11567	-0.7624	0.076687	-0.002272	0.020769	-9.9417	-0.1094	0.011967	0.91289	higher expression, higher risk	True
C11orf80	Brain_Hippocampus	chr11_66802038_G_T_b38	0.10433	-0.57021	0.060869	-0.002272	0.020769	-9.3679	-0.1094	0.011966	0.91289	higher expression, higher risk	True
C11orf80	Brain_Nucleus_accumbens_basal_ganglia	chr11_66802038_G_T_b38	0.11972	-0.53283	0.058295	-0.002272	0.020769	-9.1403	-0.1094	0.011966	0.91289	higher expression, higher risk	True
C11orf80	Brain_Anterior_cingulate_cortex_BA24	chr11_66802038_G_T_b38	0.12876	-0.67696	0.08183	-0.002272	0.020769	-8.2728	-0.1094	0.011966	0.91289	higher expression, higher risk	True
C11orf80	Brain_Frontal_Cortex_BA9	chr11_66802038_G_T_b38	0.1194	-0.62004	0.078444	-0.002272	0.020769	-7.9042	-0.1094	0.011966	0.91289	higher expression, higher risk	True
C11orf80	Brain_Amygdala	chr11_66802038_G_T_b38	0.11667	-0.73723	0.096179	-0.002272	0.020769	-7.6652	-0.1094	0.011966	0.9129	higher expression, higher risk	True
C11orf80	Nerve_Tibial	chr11_66802038_G_T_b38	0.090705	-0.32981	0.043918	-0.002272	0.020769	-7.5096	-0.1094	0.011965	0.9129	higher expression, higher risk	True
C11orf80	Brain_Substantia_nigra	chr11_66802038_G_T_b38	0.11749	-0.41424	0.05805	-0.002272	0.020769	-7.136	-0.1094	0.011965	0.9129	higher expression, higher risk	True
C11orf80	Pituitary	chr11_66802038_G_T_b38	0.10772	-0.45695	0.066624	-0.002272	0.020769	-6.8587	-0.1094	0.011965	0.9129	higher expression, higher risk	True
RCE1	Pituitary	chr11_66802038_G_T_b38	0.10772	0.27559	0.044707	-0.002272	0.020769	6.1644	-0.1094	0.011964	0.9129	higher expression, lower risk	True
RCE1	Nerve_Tibial	chr11_66802038_G_T_b38	0.090705	0.1849	0.038598	-0.002272	0.020769	4.7904	-0.1094	0.011962	0.91291	higher expression, lower risk	False
RCE1	Brain_Anterior_cingulate_cortex_BA24	chr11_66802038_G_T_b38	0.12876	0.29167	0.062721	-0.002272	0.020769	4.6502	-0.1094	0.011961	0.91291	higher expression, lower risk	False
RCE1	Brain_Putamen_basal_ganglia	chr11_66802038_G_T_b38	0.11265	0.35221	0.078403	-0.002272	0.020769	4.4923	-0.1094	0.011961	0.91291	higher expression, lower risk	False
NPTXR	Brain_Cerebellum	chr22_38879651_A_T_b38	0.15341	-0.23273	0.050284	0.0018839	0.017591	-4.6284	0.10709	0.011463	0.91474	higher expression, lower risk	False
CGNL1	Pituitary	chr15_57553134_C_T_b38	0.38424	-0.2192	0.049935	0.0013817	0.012965	-4.3898	0.10657	0.01135	0.91516	higher expression, lower risk	False
BCL11B	Brain_Nucleus_accumbens_basal_ganglia	chr14_99025716_C_T_b38	0.045775	0.24099	0.055241	0.0030404	0.03025	4.3624	0.10051	0.010097	0.91996	higher expression, higher risk	False
PPARGC1B	Brain_Nucleus_accumbens_basal_ganglia	chr5_150611450_A_G_b38	0.35035	0.11613	0.024412	0.001337	0.013394	4.7573	0.099822	0.00996	0.9205	higher expression, higher risk	False
TPBG	Nerve_Tibial	chr6_82363729_A_G_b38	0.68966	0.42338	0.025401	0.0012751	0.013316	16.667	0.095756	0.0091689	0.92372	higher expression, higher risk	True
INHA	Brain_Cerebellum	chr2_219566086_C_T_b38	0.25189	0.16159	0.03878	0.0013132	0.014815	4.1669	0.088643	0.007854	0.92938	higher expression, higher risk	False
ODF3B	Nerve_Tibial	chr22_50532837_T_C_b38	0.65517	0.19464	0.02913	-0.0011738	0.013625	6.6817	-0.086154	0.0074213	0.93135	higher expression, lower risk	True
TSHZ3	Brain_Spinal_cord_cervical_c-1	chr19_31342142_A_G_b38	0.43842	-0.20495	0.039905	0.0010842	0.0128	-5.1359	0.084704	0.0071729	0.93251	higher expression, lower risk	False
SLC26A4	Nerve_Tibial	chr7_107754897_G_A_b38	0.23463	0.27892	0.031255	-0.001233	0.014738	8.924	-0.083662	0.0069987	0.93333	higher expression, lower risk	True
SATB2	Brain_Substantia_nigra	chr2_198533234_A_T_b38	0.016393	1.2931	0.23557	-0.0033295	0.041809	5.4893	-0.079636	0.0063406	0.93653	higher expression, lower risk	True
TRIM36	Brain_Substantia_nigra	chr5_115735557_C_T_b38	0.021858	-0.55094	0.11642	0.0032067	0.040439	-4.7324	0.079296	0.0062861	0.93681	higher expression, lower risk	False
PTGFR	Brain_Hypothalamus	chr1_79294537_G_A_b38	0.16406	0.22191	0.051696	0.0013779	0.017504	4.2926	0.078718	0.0061944	0.93727	higher expression, higher risk	False
SPTBN2	Brain_Hypothalamus	chr11_66155329_A_C_b38	0.125	-0.1207	0.028743	-0.0014764	0.019612	-4.1993	-0.075281	0.0056654	0.94	higher expression, higher risk	False
VANGL2	Brain_Anterior_cingulate_cortex_BA24	chr1_160443300_C_T_b38	0.16953	-0.19596	0.037457	-0.0011671	0.015661	-5.2316	-0.074522	0.0055524	0.9406	higher expression, higher risk	False
CCL4L2	Brain_Cerebellar_Hemisphere	chr17_36154434_AC_A_b38	0.12862	-0.59522	0.10623	-0.0016417	0.022751	-5.6028	-0.072159	0.0052061	0.94248	higher expression, higher risk	True
CACNG5	Brain_Cortex	chr17_66674151_A_G_b38	0.50746	0.32086	0.068971	-0.00091586	0.012788	4.6521	-0.07162	0.0051283	0.94291	higher expression, lower risk	False
ODF3B	Brain_Cerebellar_Hemisphere	chr22_50531639_C_T_b38	0.043478	1.1869	0.11221	-0.002072	0.029216	10.578	-0.07092	0.0050294	0.94346	higher expression, lower risk	True
ODF3B	Brain_Cerebellum	chr22_50531639_C_T_b38	0.043561	0.9977	0.14958	-0.002072	0.029216	6.6698	-0.07092	0.0050291	0.94346	higher expression, lower risk	True
GRIA1	Brain_Hypothalamus	chr5_154425784_G_A_b38	0.0058594	0.94021	0.20005	-0.0034848	0.050574	4.6999	-0.068905	0.0047469	0.94507	higher expression, lower risk	False
ADAM33	Brain_Nucleus_accumbens_basal_ganglia	chr20_4196220_C_T_b38	0.51409	0.1756	0.039735	0.00083594	0.012835	4.4193	0.065131	0.0042411	0.94808	higher expression, higher risk	False
UGP2	Brain_Cerebellum	chr2_64429295_T_C_b38	0.14394	0.1898	0.046229	0.001106	0.017149	4.1057	0.064492	0.0041582	0.94858	higher expression, higher risk	False
CENPL	Brain_Amygdala	chr1_173206693_A_G_b38	0.15	-0.4562	0.10215	-0.0010649	0.016633	-4.4659	-0.064024	0.0040982	0.94896	higher expression, higher risk	False
MSANTD1	Pituitary	chr4_3250988_C_T_b38	0.098071	0.3454	0.076619	0.0014999	0.02432	4.5081	0.061674	0.003803	0.95083	higher expression, higher risk	False
TNNT2	Brain_Frontal_Cortex_BA9	chr1_201356986_C_T_b38	0.46828	0.21086	0.036374	0.0007291	0.012736	5.797	0.057245	0.0032767	0.95435	higher expression, higher risk	True
SEZ6L	Nerve_Tibial	chr22_26234819_A_T_b38	0.043478	0.42179	0.10319	0.0017029	0.031296	4.0877	0.054412	0.0029601	0.95661	higher expression, higher risk	False
ZBBX	Brain_Frontal_Cortex_BA9	chr3_167409192_G_T_b38	0.125	-0.55375	0.071077	0.0010089	0.019558	-7.7909	0.051585	0.0026609	0.95886	higher expression, lower risk	True
APOD	Brain_Frontal_Cortex_BA9	chr3_195567882_G_T_b38	0.52985	-0.20386	0.030025	0.00065451	0.012751	-6.7898	0.051329	0.0026345	0.95906	higher expression, lower risk	True
APOD	Brain_Cerebellum	chr3_195567882_G_T_b38	0.54356	-0.24045	0.044392	0.00065451	0.012751	-5.4165	0.051329	0.0026345	0.95906	higher expression, lower risk	True
APOD	Brain_Nucleus_accumbens_basal_ganglia	chr3_195567882_G_T_b38	0.52817	-0.14031	0.029843	0.00065451	0.012751	-4.7016	0.051329	0.0026344	0.95907	higher expression, lower risk	False
ZBBX	Brain_Cortex	chr3_167401267_G_A_b38	0.13619	-0.53291	0.063302	0.00097273	0.019549	-8.4186	0.049759	0.0024759	0.96032	higher expression, lower risk	True
ERC2	Pituitary	chr3_56367418_A_G_b38	0.053055	-0.29147	0.069008	0.0015362	0.030893	-4.2238	0.049727	0.0024724	0.96034	higher expression, lower risk	False
TOX2	Brain_Putamen_basal_ganglia	chr20_43904181_C_T_b38	0.23123	0.28089	0.062545	-0.00071891	0.014496	4.4911	-0.049592	0.0024591	0.96045	higher expression, lower risk	False
P2RX2	Brain_Cortex	chr12_132705734_A_T_b38	0.57276	0.74947	0.056216	-0.00060472	0.012887	13.332	-0.046923	0.0022017	0.96257	higher expression, lower risk	True
CERS3	Brain_Hippocampus	chr15_100584624_C_T_b38	0.47244	-0.55418	0.07931	0.00056866	0.01289	-6.9875	0.044118	0.0019463	0.96481	higher expression, lower risk	True
RASL10A	Brain_Cerebellar_Hemisphere	chr22_29414933_C_T_b38	0.125	-0.38334	0.058207	0.00072072	0.018402	-6.5857	0.039165	0.0015339	0.96876	higher expression, lower risk	True
RASL10A	Brain_Hypothalamus	chr22_29414933_C_T_b38	0.12109	-0.33711	0.059392	0.00072072	0.018402	-5.676	0.039165	0.0015339	0.96876	higher expression, lower risk	True
EXD3	Brain_Putamen_basal_ganglia	chr9_136698743_T_C_b38	0.43676	0.19462	0.042399	0.00049162	0.012789	4.5901	0.038441	0.0014776	0.96934	higher expression, higher risk	False
SOX7	Brain_Substantia_nigra	chr8_10663038_G_A_b38	0.37705	0.3586	0.072853	-0.00043409	0.012925	4.9223	-0.033584	0.0011278	0.97321	higher expression, lower risk	False
TPRG1	Brain_Cerebellar_Hemisphere	chr3_188140196_C_T_b38	0.032609	0.98607	0.22546	-0.0013865	0.043666	4.3735	-0.031751	0.0010081	0.97467	higher expression, lower risk	False
CPLX4	Brain_Cerebellum	chr18_60023027_C_T_b38	0.11174	0.31939	0.072565	0.00066907	0.021412	4.4014	0.031247	0.00097631	0.97507	higher expression, higher risk	False
FAM183A	Nerve_Tibial	chr1_43120331_C_T_b38	0.26462	-0.27926	0.051934	0.00042136	0.01421	-5.3773	0.029653	0.00087924	0.97634	higher expression, lower risk	True
VANGL2	Brain_Frontal_Cortex_BA9	chr1_160432794_G_A_b38	0.51679	-0.12441	0.023937	-0.00037638	0.012712	-5.1975	-0.029607	0.00087657	0.97638	higher expression, higher risk	False
SPATA18	Brain_Frontal_Cortex_BA9	chr4_52069515_A_G_b38	0.71455	0.31676	0.07834	0.00040753	0.014585	4.0433	0.027942	0.00078069	0.97771	higher expression, higher risk	False
CACNG5	Brain_Caudate_basal_ganglia	chr17_66788292_A_T_b38	0.45638	-0.21256	0.049655	-0.00035566	0.013029	-4.2808	-0.027297	0.00074509	0.97822	higher expression, higher risk	False
RASL10A	Nerve_Tibial	chr22_29355041_G_C_b38	0.28411	-0.2294	0.041074	0.00029233	0.014293	-5.5851	0.020452	0.00041829	0.98368	higher expression, lower risk	True
P2RX2	Brain_Frontal_Cortex_BA9	chr12_132629580_T_C_b38	0.44963	-0.69873	0.063074	0.00025571	0.012875	-11.078	0.019862	0.00039449	0.98415	higher expression, lower risk	True
FOXQ1	Nerve_Tibial	chr6_1305137_G_T_b38	0.16492	0.25783	0.058755	0.00023062	0.017095	4.3882	0.013491	0.000182	0.98924	higher expression, higher risk	False
MEPE	Brain_Frontal_Cortex_BA9	chr4_87832908_C_T_b38	0.14739	-0.42528	0.060638	0.00023599	0.018328	-7.0134	0.012876	0.00016579	0.98973	higher expression, lower risk	True
OR2H2	Nerve_Tibial	chr6_29566280_A_G_b38	0.7084	0.28525	0.048024	0.0001448	0.013137	5.9398	0.011022	0.00012149	0.99121	higher expression, higher risk	True
PPP4R4	Nerve_Tibial	chr14_94232370_T_C_b38	0.42204	0.37769	0.041044	-0.00011962	0.013203	9.202	-0.0090604	8.2091e-05	0.99277	higher expression, lower risk	True
MEPE	Brain_Cortex	chr4_87830874_T_A_b38	0.14925	-0.3751	0.063609	4.3591e-05	0.018325	-5.897	0.0023788	5.6587e-06	0.9981	higher expression, lower risk	True
TBX18	Nerve_Tibial	chr6_84505118_C_A_b38	0.73988	0.12038	0.026629	3.0302e-05	0.013605	4.5206	0.0022272	4.9604e-06	0.99822	higher expression, higher risk	False
C11orf80	Brain_Caudate_basal_ganglia	chr11_66843352_G_GGGCCC_b38	0.11409	-0.49631	0.053167	-2.3466e-05	0.02076	-9.3349	-0.0011303	1.2776e-06	0.9991	higher expression, higher risk	True
